"period";"country";"energyCarrierParameterScenario";"paperScen";"unit";"parameter";"value";"energyCarrier"
2030;"DE";"BAU";"Current policies";"tCO2e/kWh";"CO2 intensity diesel";0,0002682;"Diesel fossil"
2030;"DE";"BAU";"Removed policies";"tCO2e/kWh";"CO2 intensity diesel";0,0002682;"Diesel fossil"
2030;"DE";"BAU";"Sensitivity | Current Policies | Interest rate";"tCO2e/kWh";"CO2 intensity diesel";0,0002682;"Diesel fossil"
2030;"DE";"BAU";"Sensitivity | Current Policies | Removed CO2 price";"tCO2e/kWh";"CO2 intensity diesel";0,0002682;"Diesel fossil"
2030;"DE";"BAU";"Sensitivity | Current Policies | Resale value";"tCO2e/kWh";"CO2 intensity diesel";0,0002682;"Diesel fossil"
2030;"DE";"BAU";"Sensitivity | Current Policies | Urban depot-only charging";"tCO2e/kWh";"CO2 intensity diesel";0,0002682;"Diesel fossil"
2030;"DE";"BAU";"Sensitivity | Current Policies | Vehicle insurance";"tCO2e/kWh";"CO2 intensity diesel";0,0002682;"Diesel fossil"
2030;"DE";"BAU";"Sensitivity | Current policies | Removed diesel efficiency gains";"tCO2e/kWh";"CO2 intensity diesel";0,0002682;"Diesel fossil"
2030;"DE";"BAU";"Sensitivity | Removed policies except for H2 tax reduction";"tCO2e/kWh";"CO2 intensity diesel";0,0002682;"Diesel fossil"
2030;"DE";"BAU";"Sensitivity | Removed policies except for bio/syn fuel mandates";"tCO2e/kWh";"CO2 intensity diesel";0,0002682;"Diesel fossil"
2030;"DE";"BAU";"Sensitivity | Removed policies | Removed diesel efficiency gains";"tCO2e/kWh";"CO2 intensity diesel";0,0002682;"Diesel fossil"
2030;"DE";"PROG";"Current policies";"tCO2e/kWh";"CO2 intensity diesel";0,0002682;"Diesel fossil"
2030;"DE";"PROG";"Removed policies";"tCO2e/kWh";"CO2 intensity diesel";0,0002682;"Diesel fossil"
2030;"DE";"PROG";"Sensitivity | Current Policies | Removed CO2 price";"tCO2e/kWh";"CO2 intensity diesel";0,0002682;"Diesel fossil"
2030;"DE";"PROG";"Sensitivity | Current Policies | Urban depot-only charging";"tCO2e/kWh";"CO2 intensity diesel";0,0002682;"Diesel fossil"
2030;"DE";"PROG";"Sensitivity | Current policies | Removed diesel efficiency gains";"tCO2e/kWh";"CO2 intensity diesel";0,0002682;"Diesel fossil"
2030;"DE";"PROG";"Sensitivity | Removed policies except for H2 tax reduction";"tCO2e/kWh";"CO2 intensity diesel";0,0002682;"Diesel fossil"
2030;"DE";"PROG";"Sensitivity | Removed policies except for bio/syn fuel mandates";"tCO2e/kWh";"CO2 intensity diesel";0,0002682;"Diesel fossil"
2030;"DE";"PROG";"Sensitivity | Removed policies | Removed diesel efficiency gains";"tCO2e/kWh";"CO2 intensity diesel";0,0002682;"Diesel fossil"
2030;"ES";"BAU";"Current policies";"tCO2e/kWh";"CO2 intensity diesel";0,0002682;"Diesel fossil"
2030;"ES";"BAU";"Removed policies";"tCO2e/kWh";"CO2 intensity diesel";0,0002682;"Diesel fossil"
2030;"ES";"BAU";"Sensitivity | Current Policies | Interest rate";"tCO2e/kWh";"CO2 intensity diesel";0,0002682;"Diesel fossil"
2030;"ES";"BAU";"Sensitivity | Current Policies | Removed CO2 price";"tCO2e/kWh";"CO2 intensity diesel";0,0002682;"Diesel fossil"
2030;"ES";"BAU";"Sensitivity | Current Policies | Resale value";"tCO2e/kWh";"CO2 intensity diesel";0,0002682;"Diesel fossil"
2030;"ES";"BAU";"Sensitivity | Current Policies | Urban depot-only charging";"tCO2e/kWh";"CO2 intensity diesel";0,0002682;"Diesel fossil"
2030;"ES";"BAU";"Sensitivity | Current Policies | Vehicle insurance";"tCO2e/kWh";"CO2 intensity diesel";0,0002682;"Diesel fossil"
2030;"ES";"BAU";"Sensitivity | Current policies | Removed diesel efficiency gains";"tCO2e/kWh";"CO2 intensity diesel";0,0002682;"Diesel fossil"
2030;"ES";"BAU";"Sensitivity | Removed policies except for H2 tax reduction";"tCO2e/kWh";"CO2 intensity diesel";0,0002682;"Diesel fossil"
2030;"ES";"BAU";"Sensitivity | Removed policies except for bio/syn fuel mandates";"tCO2e/kWh";"CO2 intensity diesel";0,0002682;"Diesel fossil"
2030;"ES";"BAU";"Sensitivity | Removed policies | Removed diesel efficiency gains";"tCO2e/kWh";"CO2 intensity diesel";0,0002682;"Diesel fossil"
2030;"ES";"PROG";"Current policies";"tCO2e/kWh";"CO2 intensity diesel";0,0002682;"Diesel fossil"
2030;"ES";"PROG";"Removed policies";"tCO2e/kWh";"CO2 intensity diesel";0,0002682;"Diesel fossil"
2030;"ES";"PROG";"Sensitivity | Current Policies | Removed CO2 price";"tCO2e/kWh";"CO2 intensity diesel";0,0002682;"Diesel fossil"
2030;"ES";"PROG";"Sensitivity | Current Policies | Urban depot-only charging";"tCO2e/kWh";"CO2 intensity diesel";0,0002682;"Diesel fossil"
2030;"ES";"PROG";"Sensitivity | Current policies | Removed diesel efficiency gains";"tCO2e/kWh";"CO2 intensity diesel";0,0002682;"Diesel fossil"
2030;"ES";"PROG";"Sensitivity | Removed policies except for H2 tax reduction";"tCO2e/kWh";"CO2 intensity diesel";0,0002682;"Diesel fossil"
2030;"ES";"PROG";"Sensitivity | Removed policies except for bio/syn fuel mandates";"tCO2e/kWh";"CO2 intensity diesel";0,0002682;"Diesel fossil"
2030;"ES";"PROG";"Sensitivity | Removed policies | Removed diesel efficiency gains";"tCO2e/kWh";"CO2 intensity diesel";0,0002682;"Diesel fossil"
2030;"FR";"BAU";"Current policies";"tCO2e/kWh";"CO2 intensity diesel";0,0002682;"Diesel fossil"
2030;"FR";"BAU";"Removed policies";"tCO2e/kWh";"CO2 intensity diesel";0,0002682;"Diesel fossil"
2030;"FR";"BAU";"Sensitivity | Current Policies | Interest rate";"tCO2e/kWh";"CO2 intensity diesel";0,0002682;"Diesel fossil"
2030;"FR";"BAU";"Sensitivity | Current Policies | Removed CO2 price";"tCO2e/kWh";"CO2 intensity diesel";0,0002682;"Diesel fossil"
2030;"FR";"BAU";"Sensitivity | Current Policies | Resale value";"tCO2e/kWh";"CO2 intensity diesel";0,0002682;"Diesel fossil"
2030;"FR";"BAU";"Sensitivity | Current Policies | Urban depot-only charging";"tCO2e/kWh";"CO2 intensity diesel";0,0002682;"Diesel fossil"
2030;"FR";"BAU";"Sensitivity | Current Policies | Vehicle insurance";"tCO2e/kWh";"CO2 intensity diesel";0,0002682;"Diesel fossil"
2030;"FR";"BAU";"Sensitivity | Current policies | Removed diesel efficiency gains";"tCO2e/kWh";"CO2 intensity diesel";0,0002682;"Diesel fossil"
2030;"FR";"BAU";"Sensitivity | Removed policies except for H2 tax reduction";"tCO2e/kWh";"CO2 intensity diesel";0,0002682;"Diesel fossil"
2030;"FR";"BAU";"Sensitivity | Removed policies except for bio/syn fuel mandates";"tCO2e/kWh";"CO2 intensity diesel";0,0002682;"Diesel fossil"
2030;"FR";"BAU";"Sensitivity | Removed policies | Removed diesel efficiency gains";"tCO2e/kWh";"CO2 intensity diesel";0,0002682;"Diesel fossil"
2030;"FR";"PROG";"Current policies";"tCO2e/kWh";"CO2 intensity diesel";0,0002682;"Diesel fossil"
2030;"FR";"PROG";"Removed policies";"tCO2e/kWh";"CO2 intensity diesel";0,0002682;"Diesel fossil"
2030;"FR";"PROG";"Sensitivity | Current Policies | Removed CO2 price";"tCO2e/kWh";"CO2 intensity diesel";0,0002682;"Diesel fossil"
2030;"FR";"PROG";"Sensitivity | Current Policies | Urban depot-only charging";"tCO2e/kWh";"CO2 intensity diesel";0,0002682;"Diesel fossil"
2030;"FR";"PROG";"Sensitivity | Current policies | Removed diesel efficiency gains";"tCO2e/kWh";"CO2 intensity diesel";0,0002682;"Diesel fossil"
2030;"FR";"PROG";"Sensitivity | Removed policies except for H2 tax reduction";"tCO2e/kWh";"CO2 intensity diesel";0,0002682;"Diesel fossil"
2030;"FR";"PROG";"Sensitivity | Removed policies except for bio/syn fuel mandates";"tCO2e/kWh";"CO2 intensity diesel";0,0002682;"Diesel fossil"
2030;"FR";"PROG";"Sensitivity | Removed policies | Removed diesel efficiency gains";"tCO2e/kWh";"CO2 intensity diesel";0,0002682;"Diesel fossil"
2030;"IT";"BAU";"Current policies";"tCO2e/kWh";"CO2 intensity diesel";0,0002682;"Diesel fossil"
2030;"IT";"BAU";"Removed policies";"tCO2e/kWh";"CO2 intensity diesel";0,0002682;"Diesel fossil"
2030;"IT";"BAU";"Sensitivity | Current Policies | Interest rate";"tCO2e/kWh";"CO2 intensity diesel";0,0002682;"Diesel fossil"
2030;"IT";"BAU";"Sensitivity | Current Policies | Removed CO2 price";"tCO2e/kWh";"CO2 intensity diesel";0,0002682;"Diesel fossil"
2030;"IT";"BAU";"Sensitivity | Current Policies | Resale value";"tCO2e/kWh";"CO2 intensity diesel";0,0002682;"Diesel fossil"
2030;"IT";"BAU";"Sensitivity | Current Policies | Urban depot-only charging";"tCO2e/kWh";"CO2 intensity diesel";0,0002682;"Diesel fossil"
2030;"IT";"BAU";"Sensitivity | Current Policies | Vehicle insurance";"tCO2e/kWh";"CO2 intensity diesel";0,0002682;"Diesel fossil"
2030;"IT";"BAU";"Sensitivity | Current policies | Removed diesel efficiency gains";"tCO2e/kWh";"CO2 intensity diesel";0,0002682;"Diesel fossil"
2030;"IT";"BAU";"Sensitivity | Removed policies except for H2 tax reduction";"tCO2e/kWh";"CO2 intensity diesel";0,0002682;"Diesel fossil"
2030;"IT";"BAU";"Sensitivity | Removed policies except for bio/syn fuel mandates";"tCO2e/kWh";"CO2 intensity diesel";0,0002682;"Diesel fossil"
2030;"IT";"BAU";"Sensitivity | Removed policies | Removed diesel efficiency gains";"tCO2e/kWh";"CO2 intensity diesel";0,0002682;"Diesel fossil"
2030;"IT";"PROG";"Current policies";"tCO2e/kWh";"CO2 intensity diesel";0,0002682;"Diesel fossil"
2030;"IT";"PROG";"Removed policies";"tCO2e/kWh";"CO2 intensity diesel";0,0002682;"Diesel fossil"
2030;"IT";"PROG";"Sensitivity | Current Policies | Removed CO2 price";"tCO2e/kWh";"CO2 intensity diesel";0,0002682;"Diesel fossil"
2030;"IT";"PROG";"Sensitivity | Current Policies | Urban depot-only charging";"tCO2e/kWh";"CO2 intensity diesel";0,0002682;"Diesel fossil"
2030;"IT";"PROG";"Sensitivity | Current policies | Removed diesel efficiency gains";"tCO2e/kWh";"CO2 intensity diesel";0,0002682;"Diesel fossil"
2030;"IT";"PROG";"Sensitivity | Removed policies except for H2 tax reduction";"tCO2e/kWh";"CO2 intensity diesel";0,0002682;"Diesel fossil"
2030;"IT";"PROG";"Sensitivity | Removed policies except for bio/syn fuel mandates";"tCO2e/kWh";"CO2 intensity diesel";0,0002682;"Diesel fossil"
2030;"IT";"PROG";"Sensitivity | Removed policies | Removed diesel efficiency gains";"tCO2e/kWh";"CO2 intensity diesel";0,0002682;"Diesel fossil"
2030;"NL";"BAU";"Current policies";"tCO2e/kWh";"CO2 intensity diesel";0,0002682;"Diesel fossil"
2030;"NL";"BAU";"Removed policies";"tCO2e/kWh";"CO2 intensity diesel";0,0002682;"Diesel fossil"
2030;"NL";"BAU";"Sensitivity | Current Policies | Interest rate";"tCO2e/kWh";"CO2 intensity diesel";0,0002682;"Diesel fossil"
2030;"NL";"BAU";"Sensitivity | Current Policies | Removed CO2 price";"tCO2e/kWh";"CO2 intensity diesel";0,0002682;"Diesel fossil"
2030;"NL";"BAU";"Sensitivity | Current Policies | Resale value";"tCO2e/kWh";"CO2 intensity diesel";0,0002682;"Diesel fossil"
2030;"NL";"BAU";"Sensitivity | Current Policies | Urban depot-only charging";"tCO2e/kWh";"CO2 intensity diesel";0,0002682;"Diesel fossil"
2030;"NL";"BAU";"Sensitivity | Current Policies | Vehicle insurance";"tCO2e/kWh";"CO2 intensity diesel";0,0002682;"Diesel fossil"
2030;"NL";"BAU";"Sensitivity | Current policies | Removed diesel efficiency gains";"tCO2e/kWh";"CO2 intensity diesel";0,0002682;"Diesel fossil"
2030;"NL";"BAU";"Sensitivity | Removed policies except for H2 tax reduction";"tCO2e/kWh";"CO2 intensity diesel";0,0002682;"Diesel fossil"
2030;"NL";"BAU";"Sensitivity | Removed policies except for bio/syn fuel mandates";"tCO2e/kWh";"CO2 intensity diesel";0,0002682;"Diesel fossil"
2030;"NL";"BAU";"Sensitivity | Removed policies | Removed diesel efficiency gains";"tCO2e/kWh";"CO2 intensity diesel";0,0002682;"Diesel fossil"
2030;"NL";"PROG";"Current policies";"tCO2e/kWh";"CO2 intensity diesel";0,0002682;"Diesel fossil"
2030;"NL";"PROG";"Removed policies";"tCO2e/kWh";"CO2 intensity diesel";0,0002682;"Diesel fossil"
2030;"NL";"PROG";"Sensitivity | Current Policies | Removed CO2 price";"tCO2e/kWh";"CO2 intensity diesel";0,0002682;"Diesel fossil"
2030;"NL";"PROG";"Sensitivity | Current Policies | Urban depot-only charging";"tCO2e/kWh";"CO2 intensity diesel";0,0002682;"Diesel fossil"
2030;"NL";"PROG";"Sensitivity | Current policies | Removed diesel efficiency gains";"tCO2e/kWh";"CO2 intensity diesel";0,0002682;"Diesel fossil"
2030;"NL";"PROG";"Sensitivity | Removed policies except for H2 tax reduction";"tCO2e/kWh";"CO2 intensity diesel";0,0002682;"Diesel fossil"
2030;"NL";"PROG";"Sensitivity | Removed policies except for bio/syn fuel mandates";"tCO2e/kWh";"CO2 intensity diesel";0,0002682;"Diesel fossil"
2030;"NL";"PROG";"Sensitivity | Removed policies | Removed diesel efficiency gains";"tCO2e/kWh";"CO2 intensity diesel";0,0002682;"Diesel fossil"
2030;"PL";"BAU";"Current policies";"tCO2e/kWh";"CO2 intensity diesel";0,0002682;"Diesel fossil"
2030;"PL";"BAU";"Removed policies";"tCO2e/kWh";"CO2 intensity diesel";0,0002682;"Diesel fossil"
2030;"PL";"BAU";"Sensitivity | Current Policies | Interest rate";"tCO2e/kWh";"CO2 intensity diesel";0,0002682;"Diesel fossil"
2030;"PL";"BAU";"Sensitivity | Current Policies | Removed CO2 price";"tCO2e/kWh";"CO2 intensity diesel";0,0002682;"Diesel fossil"
2030;"PL";"BAU";"Sensitivity | Current Policies | Resale value";"tCO2e/kWh";"CO2 intensity diesel";0,0002682;"Diesel fossil"
2030;"PL";"BAU";"Sensitivity | Current Policies | Urban depot-only charging";"tCO2e/kWh";"CO2 intensity diesel";0,0002682;"Diesel fossil"
2030;"PL";"BAU";"Sensitivity | Current Policies | Vehicle insurance";"tCO2e/kWh";"CO2 intensity diesel";0,0002682;"Diesel fossil"
2030;"PL";"BAU";"Sensitivity | Current policies | Removed diesel efficiency gains";"tCO2e/kWh";"CO2 intensity diesel";0,0002682;"Diesel fossil"
2030;"PL";"BAU";"Sensitivity | Removed policies except for H2 tax reduction";"tCO2e/kWh";"CO2 intensity diesel";0,0002682;"Diesel fossil"
2030;"PL";"BAU";"Sensitivity | Removed policies except for bio/syn fuel mandates";"tCO2e/kWh";"CO2 intensity diesel";0,0002682;"Diesel fossil"
2030;"PL";"BAU";"Sensitivity | Removed policies | Removed diesel efficiency gains";"tCO2e/kWh";"CO2 intensity diesel";0,0002682;"Diesel fossil"
2030;"PL";"PROG";"Current policies";"tCO2e/kWh";"CO2 intensity diesel";0,0002682;"Diesel fossil"
2030;"PL";"PROG";"Removed policies";"tCO2e/kWh";"CO2 intensity diesel";0,0002682;"Diesel fossil"
2030;"PL";"PROG";"Sensitivity | Current Policies | Removed CO2 price";"tCO2e/kWh";"CO2 intensity diesel";0,0002682;"Diesel fossil"
2030;"PL";"PROG";"Sensitivity | Current Policies | Urban depot-only charging";"tCO2e/kWh";"CO2 intensity diesel";0,0002682;"Diesel fossil"
2030;"PL";"PROG";"Sensitivity | Current policies | Removed diesel efficiency gains";"tCO2e/kWh";"CO2 intensity diesel";0,0002682;"Diesel fossil"
2030;"PL";"PROG";"Sensitivity | Removed policies except for H2 tax reduction";"tCO2e/kWh";"CO2 intensity diesel";0,0002682;"Diesel fossil"
2030;"PL";"PROG";"Sensitivity | Removed policies except for bio/syn fuel mandates";"tCO2e/kWh";"CO2 intensity diesel";0,0002682;"Diesel fossil"
2030;"PL";"PROG";"Sensitivity | Removed policies | Removed diesel efficiency gains";"tCO2e/kWh";"CO2 intensity diesel";0,0002682;"Diesel fossil"
2030;"UK";"BAU";"Current policies";"tCO2e/kWh";"CO2 intensity diesel";0,0002682;"Diesel fossil"
2030;"UK";"BAU";"Removed policies";"tCO2e/kWh";"CO2 intensity diesel";0,0002682;"Diesel fossil"
2030;"UK";"BAU";"Sensitivity | Current Policies | Interest rate";"tCO2e/kWh";"CO2 intensity diesel";0,0002682;"Diesel fossil"
2030;"UK";"BAU";"Sensitivity | Current Policies | Removed CO2 price";"tCO2e/kWh";"CO2 intensity diesel";0,0002682;"Diesel fossil"
2030;"UK";"BAU";"Sensitivity | Current Policies | Resale value";"tCO2e/kWh";"CO2 intensity diesel";0,0002682;"Diesel fossil"
2030;"UK";"BAU";"Sensitivity | Current Policies | Urban depot-only charging";"tCO2e/kWh";"CO2 intensity diesel";0,0002682;"Diesel fossil"
2030;"UK";"BAU";"Sensitivity | Current Policies | Vehicle insurance";"tCO2e/kWh";"CO2 intensity diesel";0,0002682;"Diesel fossil"
2030;"UK";"BAU";"Sensitivity | Current policies | Removed diesel efficiency gains";"tCO2e/kWh";"CO2 intensity diesel";0,0002682;"Diesel fossil"
2030;"UK";"BAU";"Sensitivity | Removed policies except for H2 tax reduction";"tCO2e/kWh";"CO2 intensity diesel";0,0002682;"Diesel fossil"
2030;"UK";"BAU";"Sensitivity | Removed policies except for bio/syn fuel mandates";"tCO2e/kWh";"CO2 intensity diesel";0,0002682;"Diesel fossil"
2030;"UK";"BAU";"Sensitivity | Removed policies | Removed diesel efficiency gains";"tCO2e/kWh";"CO2 intensity diesel";0,0002682;"Diesel fossil"
2030;"UK";"PROG";"Current policies";"tCO2e/kWh";"CO2 intensity diesel";0,0002682;"Diesel fossil"
2030;"UK";"PROG";"Removed policies";"tCO2e/kWh";"CO2 intensity diesel";0,0002682;"Diesel fossil"
2030;"UK";"PROG";"Sensitivity | Current Policies | Removed CO2 price";"tCO2e/kWh";"CO2 intensity diesel";0,0002682;"Diesel fossil"
2030;"UK";"PROG";"Sensitivity | Current Policies | Urban depot-only charging";"tCO2e/kWh";"CO2 intensity diesel";0,0002682;"Diesel fossil"
2030;"UK";"PROG";"Sensitivity | Current policies | Removed diesel efficiency gains";"tCO2e/kWh";"CO2 intensity diesel";0,0002682;"Diesel fossil"
2030;"UK";"PROG";"Sensitivity | Removed policies except for H2 tax reduction";"tCO2e/kWh";"CO2 intensity diesel";0,0002682;"Diesel fossil"
2030;"UK";"PROG";"Sensitivity | Removed policies except for bio/syn fuel mandates";"tCO2e/kWh";"CO2 intensity diesel";0,0002682;"Diesel fossil"
2030;"UK";"PROG";"Sensitivity | Removed policies | Removed diesel efficiency gains";"tCO2e/kWh";"CO2 intensity diesel";0,0002682;"Diesel fossil"
2035;"DE";"BAU";"Current policies";"tCO2e/kWh";"CO2 intensity diesel";0,0002682;"Diesel fossil"
2035;"DE";"BAU";"Removed policies";"tCO2e/kWh";"CO2 intensity diesel";0,0002682;"Diesel fossil"
2035;"DE";"BAU";"Sensitivity | Current Policies | Interest rate";"tCO2e/kWh";"CO2 intensity diesel";0,0002682;"Diesel fossil"
2035;"DE";"BAU";"Sensitivity | Current Policies | Removed CO2 price";"tCO2e/kWh";"CO2 intensity diesel";0,0002682;"Diesel fossil"
2035;"DE";"BAU";"Sensitivity | Current Policies | Resale value";"tCO2e/kWh";"CO2 intensity diesel";0,0002682;"Diesel fossil"
2035;"DE";"BAU";"Sensitivity | Current Policies | Urban depot-only charging";"tCO2e/kWh";"CO2 intensity diesel";0,0002682;"Diesel fossil"
2035;"DE";"BAU";"Sensitivity | Current Policies | Vehicle insurance";"tCO2e/kWh";"CO2 intensity diesel";0,0002682;"Diesel fossil"
2035;"DE";"BAU";"Sensitivity | Current policies | Removed diesel efficiency gains";"tCO2e/kWh";"CO2 intensity diesel";0,0002682;"Diesel fossil"
2035;"DE";"BAU";"Sensitivity | Removed policies except for H2 tax reduction";"tCO2e/kWh";"CO2 intensity diesel";0,0002682;"Diesel fossil"
2035;"DE";"BAU";"Sensitivity | Removed policies except for bio/syn fuel mandates";"tCO2e/kWh";"CO2 intensity diesel";0,0002682;"Diesel fossil"
2035;"DE";"BAU";"Sensitivity | Removed policies | Removed diesel efficiency gains";"tCO2e/kWh";"CO2 intensity diesel";0,0002682;"Diesel fossil"
2035;"DE";"PROG";"Current policies";"tCO2e/kWh";"CO2 intensity diesel";0,0002682;"Diesel fossil"
2035;"DE";"PROG";"Removed policies";"tCO2e/kWh";"CO2 intensity diesel";0,0002682;"Diesel fossil"
2035;"DE";"PROG";"Sensitivity | Current Policies | Removed CO2 price";"tCO2e/kWh";"CO2 intensity diesel";0,0002682;"Diesel fossil"
2035;"DE";"PROG";"Sensitivity | Current Policies | Urban depot-only charging";"tCO2e/kWh";"CO2 intensity diesel";0,0002682;"Diesel fossil"
2035;"DE";"PROG";"Sensitivity | Current policies | Removed diesel efficiency gains";"tCO2e/kWh";"CO2 intensity diesel";0,0002682;"Diesel fossil"
2035;"DE";"PROG";"Sensitivity | Removed policies except for H2 tax reduction";"tCO2e/kWh";"CO2 intensity diesel";0,0002682;"Diesel fossil"
2035;"DE";"PROG";"Sensitivity | Removed policies except for bio/syn fuel mandates";"tCO2e/kWh";"CO2 intensity diesel";0,0002682;"Diesel fossil"
2035;"DE";"PROG";"Sensitivity | Removed policies | Removed diesel efficiency gains";"tCO2e/kWh";"CO2 intensity diesel";0,0002682;"Diesel fossil"
2035;"ES";"BAU";"Current policies";"tCO2e/kWh";"CO2 intensity diesel";0,0002682;"Diesel fossil"
2035;"ES";"BAU";"Removed policies";"tCO2e/kWh";"CO2 intensity diesel";0,0002682;"Diesel fossil"
2035;"ES";"BAU";"Sensitivity | Current Policies | Interest rate";"tCO2e/kWh";"CO2 intensity diesel";0,0002682;"Diesel fossil"
2035;"ES";"BAU";"Sensitivity | Current Policies | Removed CO2 price";"tCO2e/kWh";"CO2 intensity diesel";0,0002682;"Diesel fossil"
2035;"ES";"BAU";"Sensitivity | Current Policies | Resale value";"tCO2e/kWh";"CO2 intensity diesel";0,0002682;"Diesel fossil"
2035;"ES";"BAU";"Sensitivity | Current Policies | Urban depot-only charging";"tCO2e/kWh";"CO2 intensity diesel";0,0002682;"Diesel fossil"
2035;"ES";"BAU";"Sensitivity | Current Policies | Vehicle insurance";"tCO2e/kWh";"CO2 intensity diesel";0,0002682;"Diesel fossil"
2035;"ES";"BAU";"Sensitivity | Current policies | Removed diesel efficiency gains";"tCO2e/kWh";"CO2 intensity diesel";0,0002682;"Diesel fossil"
2035;"ES";"BAU";"Sensitivity | Removed policies except for H2 tax reduction";"tCO2e/kWh";"CO2 intensity diesel";0,0002682;"Diesel fossil"
2035;"ES";"BAU";"Sensitivity | Removed policies except for bio/syn fuel mandates";"tCO2e/kWh";"CO2 intensity diesel";0,0002682;"Diesel fossil"
2035;"ES";"BAU";"Sensitivity | Removed policies | Removed diesel efficiency gains";"tCO2e/kWh";"CO2 intensity diesel";0,0002682;"Diesel fossil"
2035;"ES";"PROG";"Current policies";"tCO2e/kWh";"CO2 intensity diesel";0,0002682;"Diesel fossil"
2035;"ES";"PROG";"Removed policies";"tCO2e/kWh";"CO2 intensity diesel";0,0002682;"Diesel fossil"
2035;"ES";"PROG";"Sensitivity | Current Policies | Removed CO2 price";"tCO2e/kWh";"CO2 intensity diesel";0,0002682;"Diesel fossil"
2035;"ES";"PROG";"Sensitivity | Current Policies | Urban depot-only charging";"tCO2e/kWh";"CO2 intensity diesel";0,0002682;"Diesel fossil"
2035;"ES";"PROG";"Sensitivity | Current policies | Removed diesel efficiency gains";"tCO2e/kWh";"CO2 intensity diesel";0,0002682;"Diesel fossil"
2035;"ES";"PROG";"Sensitivity | Removed policies except for H2 tax reduction";"tCO2e/kWh";"CO2 intensity diesel";0,0002682;"Diesel fossil"
2035;"ES";"PROG";"Sensitivity | Removed policies except for bio/syn fuel mandates";"tCO2e/kWh";"CO2 intensity diesel";0,0002682;"Diesel fossil"
2035;"ES";"PROG";"Sensitivity | Removed policies | Removed diesel efficiency gains";"tCO2e/kWh";"CO2 intensity diesel";0,0002682;"Diesel fossil"
2035;"FR";"BAU";"Current policies";"tCO2e/kWh";"CO2 intensity diesel";0,0002682;"Diesel fossil"
2035;"FR";"BAU";"Removed policies";"tCO2e/kWh";"CO2 intensity diesel";0,0002682;"Diesel fossil"
2035;"FR";"BAU";"Sensitivity | Current Policies | Interest rate";"tCO2e/kWh";"CO2 intensity diesel";0,0002682;"Diesel fossil"
2035;"FR";"BAU";"Sensitivity | Current Policies | Removed CO2 price";"tCO2e/kWh";"CO2 intensity diesel";0,0002682;"Diesel fossil"
2035;"FR";"BAU";"Sensitivity | Current Policies | Resale value";"tCO2e/kWh";"CO2 intensity diesel";0,0002682;"Diesel fossil"
2035;"FR";"BAU";"Sensitivity | Current Policies | Urban depot-only charging";"tCO2e/kWh";"CO2 intensity diesel";0,0002682;"Diesel fossil"
2035;"FR";"BAU";"Sensitivity | Current Policies | Vehicle insurance";"tCO2e/kWh";"CO2 intensity diesel";0,0002682;"Diesel fossil"
2035;"FR";"BAU";"Sensitivity | Current policies | Removed diesel efficiency gains";"tCO2e/kWh";"CO2 intensity diesel";0,0002682;"Diesel fossil"
2035;"FR";"BAU";"Sensitivity | Removed policies except for H2 tax reduction";"tCO2e/kWh";"CO2 intensity diesel";0,0002682;"Diesel fossil"
2035;"FR";"BAU";"Sensitivity | Removed policies except for bio/syn fuel mandates";"tCO2e/kWh";"CO2 intensity diesel";0,0002682;"Diesel fossil"
2035;"FR";"BAU";"Sensitivity | Removed policies | Removed diesel efficiency gains";"tCO2e/kWh";"CO2 intensity diesel";0,0002682;"Diesel fossil"
2035;"FR";"PROG";"Current policies";"tCO2e/kWh";"CO2 intensity diesel";0,0002682;"Diesel fossil"
2035;"FR";"PROG";"Removed policies";"tCO2e/kWh";"CO2 intensity diesel";0,0002682;"Diesel fossil"
2035;"FR";"PROG";"Sensitivity | Current Policies | Removed CO2 price";"tCO2e/kWh";"CO2 intensity diesel";0,0002682;"Diesel fossil"
2035;"FR";"PROG";"Sensitivity | Current Policies | Urban depot-only charging";"tCO2e/kWh";"CO2 intensity diesel";0,0002682;"Diesel fossil"
2035;"FR";"PROG";"Sensitivity | Current policies | Removed diesel efficiency gains";"tCO2e/kWh";"CO2 intensity diesel";0,0002682;"Diesel fossil"
2035;"FR";"PROG";"Sensitivity | Removed policies except for H2 tax reduction";"tCO2e/kWh";"CO2 intensity diesel";0,0002682;"Diesel fossil"
2035;"FR";"PROG";"Sensitivity | Removed policies except for bio/syn fuel mandates";"tCO2e/kWh";"CO2 intensity diesel";0,0002682;"Diesel fossil"
2035;"FR";"PROG";"Sensitivity | Removed policies | Removed diesel efficiency gains";"tCO2e/kWh";"CO2 intensity diesel";0,0002682;"Diesel fossil"
2035;"IT";"BAU";"Current policies";"tCO2e/kWh";"CO2 intensity diesel";0,0002682;"Diesel fossil"
2035;"IT";"BAU";"Removed policies";"tCO2e/kWh";"CO2 intensity diesel";0,0002682;"Diesel fossil"
2035;"IT";"BAU";"Sensitivity | Current Policies | Interest rate";"tCO2e/kWh";"CO2 intensity diesel";0,0002682;"Diesel fossil"
2035;"IT";"BAU";"Sensitivity | Current Policies | Removed CO2 price";"tCO2e/kWh";"CO2 intensity diesel";0,0002682;"Diesel fossil"
2035;"IT";"BAU";"Sensitivity | Current Policies | Resale value";"tCO2e/kWh";"CO2 intensity diesel";0,0002682;"Diesel fossil"
2035;"IT";"BAU";"Sensitivity | Current Policies | Urban depot-only charging";"tCO2e/kWh";"CO2 intensity diesel";0,0002682;"Diesel fossil"
2035;"IT";"BAU";"Sensitivity | Current Policies | Vehicle insurance";"tCO2e/kWh";"CO2 intensity diesel";0,0002682;"Diesel fossil"
2035;"IT";"BAU";"Sensitivity | Current policies | Removed diesel efficiency gains";"tCO2e/kWh";"CO2 intensity diesel";0,0002682;"Diesel fossil"
2035;"IT";"BAU";"Sensitivity | Removed policies except for H2 tax reduction";"tCO2e/kWh";"CO2 intensity diesel";0,0002682;"Diesel fossil"
2035;"IT";"BAU";"Sensitivity | Removed policies except for bio/syn fuel mandates";"tCO2e/kWh";"CO2 intensity diesel";0,0002682;"Diesel fossil"
2035;"IT";"BAU";"Sensitivity | Removed policies | Removed diesel efficiency gains";"tCO2e/kWh";"CO2 intensity diesel";0,0002682;"Diesel fossil"
2035;"IT";"PROG";"Current policies";"tCO2e/kWh";"CO2 intensity diesel";0,0002682;"Diesel fossil"
2035;"IT";"PROG";"Removed policies";"tCO2e/kWh";"CO2 intensity diesel";0,0002682;"Diesel fossil"
2035;"IT";"PROG";"Sensitivity | Current Policies | Removed CO2 price";"tCO2e/kWh";"CO2 intensity diesel";0,0002682;"Diesel fossil"
2035;"IT";"PROG";"Sensitivity | Current Policies | Urban depot-only charging";"tCO2e/kWh";"CO2 intensity diesel";0,0002682;"Diesel fossil"
2035;"IT";"PROG";"Sensitivity | Current policies | Removed diesel efficiency gains";"tCO2e/kWh";"CO2 intensity diesel";0,0002682;"Diesel fossil"
2035;"IT";"PROG";"Sensitivity | Removed policies except for H2 tax reduction";"tCO2e/kWh";"CO2 intensity diesel";0,0002682;"Diesel fossil"
2035;"IT";"PROG";"Sensitivity | Removed policies except for bio/syn fuel mandates";"tCO2e/kWh";"CO2 intensity diesel";0,0002682;"Diesel fossil"
2035;"IT";"PROG";"Sensitivity | Removed policies | Removed diesel efficiency gains";"tCO2e/kWh";"CO2 intensity diesel";0,0002682;"Diesel fossil"
2035;"NL";"BAU";"Current policies";"tCO2e/kWh";"CO2 intensity diesel";0,0002682;"Diesel fossil"
2035;"NL";"BAU";"Removed policies";"tCO2e/kWh";"CO2 intensity diesel";0,0002682;"Diesel fossil"
2035;"NL";"BAU";"Sensitivity | Current Policies | Interest rate";"tCO2e/kWh";"CO2 intensity diesel";0,0002682;"Diesel fossil"
2035;"NL";"BAU";"Sensitivity | Current Policies | Removed CO2 price";"tCO2e/kWh";"CO2 intensity diesel";0,0002682;"Diesel fossil"
2035;"NL";"BAU";"Sensitivity | Current Policies | Resale value";"tCO2e/kWh";"CO2 intensity diesel";0,0002682;"Diesel fossil"
2035;"NL";"BAU";"Sensitivity | Current Policies | Urban depot-only charging";"tCO2e/kWh";"CO2 intensity diesel";0,0002682;"Diesel fossil"
2035;"NL";"BAU";"Sensitivity | Current Policies | Vehicle insurance";"tCO2e/kWh";"CO2 intensity diesel";0,0002682;"Diesel fossil"
2035;"NL";"BAU";"Sensitivity | Current policies | Removed diesel efficiency gains";"tCO2e/kWh";"CO2 intensity diesel";0,0002682;"Diesel fossil"
2035;"NL";"BAU";"Sensitivity | Removed policies except for H2 tax reduction";"tCO2e/kWh";"CO2 intensity diesel";0,0002682;"Diesel fossil"
2035;"NL";"BAU";"Sensitivity | Removed policies except for bio/syn fuel mandates";"tCO2e/kWh";"CO2 intensity diesel";0,0002682;"Diesel fossil"
2035;"NL";"BAU";"Sensitivity | Removed policies | Removed diesel efficiency gains";"tCO2e/kWh";"CO2 intensity diesel";0,0002682;"Diesel fossil"
2035;"NL";"PROG";"Current policies";"tCO2e/kWh";"CO2 intensity diesel";0,0002682;"Diesel fossil"
2035;"NL";"PROG";"Removed policies";"tCO2e/kWh";"CO2 intensity diesel";0,0002682;"Diesel fossil"
2035;"NL";"PROG";"Sensitivity | Current Policies | Removed CO2 price";"tCO2e/kWh";"CO2 intensity diesel";0,0002682;"Diesel fossil"
2035;"NL";"PROG";"Sensitivity | Current Policies | Urban depot-only charging";"tCO2e/kWh";"CO2 intensity diesel";0,0002682;"Diesel fossil"
2035;"NL";"PROG";"Sensitivity | Current policies | Removed diesel efficiency gains";"tCO2e/kWh";"CO2 intensity diesel";0,0002682;"Diesel fossil"
2035;"NL";"PROG";"Sensitivity | Removed policies except for H2 tax reduction";"tCO2e/kWh";"CO2 intensity diesel";0,0002682;"Diesel fossil"
2035;"NL";"PROG";"Sensitivity | Removed policies except for bio/syn fuel mandates";"tCO2e/kWh";"CO2 intensity diesel";0,0002682;"Diesel fossil"
2035;"NL";"PROG";"Sensitivity | Removed policies | Removed diesel efficiency gains";"tCO2e/kWh";"CO2 intensity diesel";0,0002682;"Diesel fossil"
2035;"PL";"BAU";"Current policies";"tCO2e/kWh";"CO2 intensity diesel";0,0002682;"Diesel fossil"
2035;"PL";"BAU";"Removed policies";"tCO2e/kWh";"CO2 intensity diesel";0,0002682;"Diesel fossil"
2035;"PL";"BAU";"Sensitivity | Current Policies | Interest rate";"tCO2e/kWh";"CO2 intensity diesel";0,0002682;"Diesel fossil"
2035;"PL";"BAU";"Sensitivity | Current Policies | Removed CO2 price";"tCO2e/kWh";"CO2 intensity diesel";0,0002682;"Diesel fossil"
2035;"PL";"BAU";"Sensitivity | Current Policies | Resale value";"tCO2e/kWh";"CO2 intensity diesel";0,0002682;"Diesel fossil"
2035;"PL";"BAU";"Sensitivity | Current Policies | Urban depot-only charging";"tCO2e/kWh";"CO2 intensity diesel";0,0002682;"Diesel fossil"
2035;"PL";"BAU";"Sensitivity | Current Policies | Vehicle insurance";"tCO2e/kWh";"CO2 intensity diesel";0,0002682;"Diesel fossil"
2035;"PL";"BAU";"Sensitivity | Current policies | Removed diesel efficiency gains";"tCO2e/kWh";"CO2 intensity diesel";0,0002682;"Diesel fossil"
2035;"PL";"BAU";"Sensitivity | Removed policies except for H2 tax reduction";"tCO2e/kWh";"CO2 intensity diesel";0,0002682;"Diesel fossil"
2035;"PL";"BAU";"Sensitivity | Removed policies except for bio/syn fuel mandates";"tCO2e/kWh";"CO2 intensity diesel";0,0002682;"Diesel fossil"
2035;"PL";"BAU";"Sensitivity | Removed policies | Removed diesel efficiency gains";"tCO2e/kWh";"CO2 intensity diesel";0,0002682;"Diesel fossil"
2035;"PL";"PROG";"Current policies";"tCO2e/kWh";"CO2 intensity diesel";0,0002682;"Diesel fossil"
2035;"PL";"PROG";"Removed policies";"tCO2e/kWh";"CO2 intensity diesel";0,0002682;"Diesel fossil"
2035;"PL";"PROG";"Sensitivity | Current Policies | Removed CO2 price";"tCO2e/kWh";"CO2 intensity diesel";0,0002682;"Diesel fossil"
2035;"PL";"PROG";"Sensitivity | Current Policies | Urban depot-only charging";"tCO2e/kWh";"CO2 intensity diesel";0,0002682;"Diesel fossil"
2035;"PL";"PROG";"Sensitivity | Current policies | Removed diesel efficiency gains";"tCO2e/kWh";"CO2 intensity diesel";0,0002682;"Diesel fossil"
2035;"PL";"PROG";"Sensitivity | Removed policies except for H2 tax reduction";"tCO2e/kWh";"CO2 intensity diesel";0,0002682;"Diesel fossil"
2035;"PL";"PROG";"Sensitivity | Removed policies except for bio/syn fuel mandates";"tCO2e/kWh";"CO2 intensity diesel";0,0002682;"Diesel fossil"
2035;"PL";"PROG";"Sensitivity | Removed policies | Removed diesel efficiency gains";"tCO2e/kWh";"CO2 intensity diesel";0,0002682;"Diesel fossil"
2035;"UK";"BAU";"Current policies";"tCO2e/kWh";"CO2 intensity diesel";0,0002682;"Diesel fossil"
2035;"UK";"BAU";"Removed policies";"tCO2e/kWh";"CO2 intensity diesel";0,0002682;"Diesel fossil"
2035;"UK";"BAU";"Sensitivity | Current Policies | Interest rate";"tCO2e/kWh";"CO2 intensity diesel";0,0002682;"Diesel fossil"
2035;"UK";"BAU";"Sensitivity | Current Policies | Removed CO2 price";"tCO2e/kWh";"CO2 intensity diesel";0,0002682;"Diesel fossil"
2035;"UK";"BAU";"Sensitivity | Current Policies | Resale value";"tCO2e/kWh";"CO2 intensity diesel";0,0002682;"Diesel fossil"
2035;"UK";"BAU";"Sensitivity | Current Policies | Urban depot-only charging";"tCO2e/kWh";"CO2 intensity diesel";0,0002682;"Diesel fossil"
2035;"UK";"BAU";"Sensitivity | Current Policies | Vehicle insurance";"tCO2e/kWh";"CO2 intensity diesel";0,0002682;"Diesel fossil"
2035;"UK";"BAU";"Sensitivity | Current policies | Removed diesel efficiency gains";"tCO2e/kWh";"CO2 intensity diesel";0,0002682;"Diesel fossil"
2035;"UK";"BAU";"Sensitivity | Removed policies except for H2 tax reduction";"tCO2e/kWh";"CO2 intensity diesel";0,0002682;"Diesel fossil"
2035;"UK";"BAU";"Sensitivity | Removed policies except for bio/syn fuel mandates";"tCO2e/kWh";"CO2 intensity diesel";0,0002682;"Diesel fossil"
2035;"UK";"BAU";"Sensitivity | Removed policies | Removed diesel efficiency gains";"tCO2e/kWh";"CO2 intensity diesel";0,0002682;"Diesel fossil"
2035;"UK";"PROG";"Current policies";"tCO2e/kWh";"CO2 intensity diesel";0,0002682;"Diesel fossil"
2035;"UK";"PROG";"Removed policies";"tCO2e/kWh";"CO2 intensity diesel";0,0002682;"Diesel fossil"
2035;"UK";"PROG";"Sensitivity | Current Policies | Removed CO2 price";"tCO2e/kWh";"CO2 intensity diesel";0,0002682;"Diesel fossil"
2035;"UK";"PROG";"Sensitivity | Current Policies | Urban depot-only charging";"tCO2e/kWh";"CO2 intensity diesel";0,0002682;"Diesel fossil"
2035;"UK";"PROG";"Sensitivity | Current policies | Removed diesel efficiency gains";"tCO2e/kWh";"CO2 intensity diesel";0,0002682;"Diesel fossil"
2035;"UK";"PROG";"Sensitivity | Removed policies except for H2 tax reduction";"tCO2e/kWh";"CO2 intensity diesel";0,0002682;"Diesel fossil"
2035;"UK";"PROG";"Sensitivity | Removed policies except for bio/syn fuel mandates";"tCO2e/kWh";"CO2 intensity diesel";0,0002682;"Diesel fossil"
2035;"UK";"PROG";"Sensitivity | Removed policies | Removed diesel efficiency gains";"tCO2e/kWh";"CO2 intensity diesel";0,0002682;"Diesel fossil"
2040;"DE";"BAU";"Current policies";"tCO2e/kWh";"CO2 intensity diesel";0,0002682;"Diesel fossil"
2040;"DE";"BAU";"Removed policies";"tCO2e/kWh";"CO2 intensity diesel";0,0002682;"Diesel fossil"
2040;"DE";"BAU";"Sensitivity | Current Policies | Interest rate";"tCO2e/kWh";"CO2 intensity diesel";0,0002682;"Diesel fossil"
2040;"DE";"BAU";"Sensitivity | Current Policies | Removed CO2 price";"tCO2e/kWh";"CO2 intensity diesel";0,0002682;"Diesel fossil"
2040;"DE";"BAU";"Sensitivity | Current Policies | Resale value";"tCO2e/kWh";"CO2 intensity diesel";0,0002682;"Diesel fossil"
2040;"DE";"BAU";"Sensitivity | Current Policies | Urban depot-only charging";"tCO2e/kWh";"CO2 intensity diesel";0,0002682;"Diesel fossil"
2040;"DE";"BAU";"Sensitivity | Current Policies | Vehicle insurance";"tCO2e/kWh";"CO2 intensity diesel";0,0002682;"Diesel fossil"
2040;"DE";"BAU";"Sensitivity | Current policies | Removed diesel efficiency gains";"tCO2e/kWh";"CO2 intensity diesel";0,0002682;"Diesel fossil"
2040;"DE";"BAU";"Sensitivity | Removed policies except for H2 tax reduction";"tCO2e/kWh";"CO2 intensity diesel";0,0002682;"Diesel fossil"
2040;"DE";"BAU";"Sensitivity | Removed policies except for bio/syn fuel mandates";"tCO2e/kWh";"CO2 intensity diesel";0,0002682;"Diesel fossil"
2040;"DE";"BAU";"Sensitivity | Removed policies | Removed diesel efficiency gains";"tCO2e/kWh";"CO2 intensity diesel";0,0002682;"Diesel fossil"
2040;"DE";"PROG";"Current policies";"tCO2e/kWh";"CO2 intensity diesel";0,0002682;"Diesel fossil"
2040;"DE";"PROG";"Removed policies";"tCO2e/kWh";"CO2 intensity diesel";0,0002682;"Diesel fossil"
2040;"DE";"PROG";"Sensitivity | Current Policies | Removed CO2 price";"tCO2e/kWh";"CO2 intensity diesel";0,0002682;"Diesel fossil"
2040;"DE";"PROG";"Sensitivity | Current Policies | Urban depot-only charging";"tCO2e/kWh";"CO2 intensity diesel";0,0002682;"Diesel fossil"
2040;"DE";"PROG";"Sensitivity | Current policies | Removed diesel efficiency gains";"tCO2e/kWh";"CO2 intensity diesel";0,0002682;"Diesel fossil"
2040;"DE";"PROG";"Sensitivity | Removed policies except for H2 tax reduction";"tCO2e/kWh";"CO2 intensity diesel";0,0002682;"Diesel fossil"
2040;"DE";"PROG";"Sensitivity | Removed policies except for bio/syn fuel mandates";"tCO2e/kWh";"CO2 intensity diesel";0,0002682;"Diesel fossil"
2040;"DE";"PROG";"Sensitivity | Removed policies | Removed diesel efficiency gains";"tCO2e/kWh";"CO2 intensity diesel";0,0002682;"Diesel fossil"
2040;"ES";"BAU";"Current policies";"tCO2e/kWh";"CO2 intensity diesel";0,0002682;"Diesel fossil"
2040;"ES";"BAU";"Removed policies";"tCO2e/kWh";"CO2 intensity diesel";0,0002682;"Diesel fossil"
2040;"ES";"BAU";"Sensitivity | Current Policies | Interest rate";"tCO2e/kWh";"CO2 intensity diesel";0,0002682;"Diesel fossil"
2040;"ES";"BAU";"Sensitivity | Current Policies | Removed CO2 price";"tCO2e/kWh";"CO2 intensity diesel";0,0002682;"Diesel fossil"
2040;"ES";"BAU";"Sensitivity | Current Policies | Resale value";"tCO2e/kWh";"CO2 intensity diesel";0,0002682;"Diesel fossil"
2040;"ES";"BAU";"Sensitivity | Current Policies | Urban depot-only charging";"tCO2e/kWh";"CO2 intensity diesel";0,0002682;"Diesel fossil"
2040;"ES";"BAU";"Sensitivity | Current Policies | Vehicle insurance";"tCO2e/kWh";"CO2 intensity diesel";0,0002682;"Diesel fossil"
2040;"ES";"BAU";"Sensitivity | Current policies | Removed diesel efficiency gains";"tCO2e/kWh";"CO2 intensity diesel";0,0002682;"Diesel fossil"
2040;"ES";"BAU";"Sensitivity | Removed policies except for H2 tax reduction";"tCO2e/kWh";"CO2 intensity diesel";0,0002682;"Diesel fossil"
2040;"ES";"BAU";"Sensitivity | Removed policies except for bio/syn fuel mandates";"tCO2e/kWh";"CO2 intensity diesel";0,0002682;"Diesel fossil"
2040;"ES";"BAU";"Sensitivity | Removed policies | Removed diesel efficiency gains";"tCO2e/kWh";"CO2 intensity diesel";0,0002682;"Diesel fossil"
2040;"ES";"PROG";"Current policies";"tCO2e/kWh";"CO2 intensity diesel";0,0002682;"Diesel fossil"
2040;"ES";"PROG";"Removed policies";"tCO2e/kWh";"CO2 intensity diesel";0,0002682;"Diesel fossil"
2040;"ES";"PROG";"Sensitivity | Current Policies | Removed CO2 price";"tCO2e/kWh";"CO2 intensity diesel";0,0002682;"Diesel fossil"
2040;"ES";"PROG";"Sensitivity | Current Policies | Urban depot-only charging";"tCO2e/kWh";"CO2 intensity diesel";0,0002682;"Diesel fossil"
2040;"ES";"PROG";"Sensitivity | Current policies | Removed diesel efficiency gains";"tCO2e/kWh";"CO2 intensity diesel";0,0002682;"Diesel fossil"
2040;"ES";"PROG";"Sensitivity | Removed policies except for H2 tax reduction";"tCO2e/kWh";"CO2 intensity diesel";0,0002682;"Diesel fossil"
2040;"ES";"PROG";"Sensitivity | Removed policies except for bio/syn fuel mandates";"tCO2e/kWh";"CO2 intensity diesel";0,0002682;"Diesel fossil"
2040;"ES";"PROG";"Sensitivity | Removed policies | Removed diesel efficiency gains";"tCO2e/kWh";"CO2 intensity diesel";0,0002682;"Diesel fossil"
2040;"FR";"BAU";"Current policies";"tCO2e/kWh";"CO2 intensity diesel";0,0002682;"Diesel fossil"
2040;"FR";"BAU";"Removed policies";"tCO2e/kWh";"CO2 intensity diesel";0,0002682;"Diesel fossil"
2040;"FR";"BAU";"Sensitivity | Current Policies | Interest rate";"tCO2e/kWh";"CO2 intensity diesel";0,0002682;"Diesel fossil"
2040;"FR";"BAU";"Sensitivity | Current Policies | Removed CO2 price";"tCO2e/kWh";"CO2 intensity diesel";0,0002682;"Diesel fossil"
2040;"FR";"BAU";"Sensitivity | Current Policies | Resale value";"tCO2e/kWh";"CO2 intensity diesel";0,0002682;"Diesel fossil"
2040;"FR";"BAU";"Sensitivity | Current Policies | Urban depot-only charging";"tCO2e/kWh";"CO2 intensity diesel";0,0002682;"Diesel fossil"
2040;"FR";"BAU";"Sensitivity | Current Policies | Vehicle insurance";"tCO2e/kWh";"CO2 intensity diesel";0,0002682;"Diesel fossil"
2040;"FR";"BAU";"Sensitivity | Current policies | Removed diesel efficiency gains";"tCO2e/kWh";"CO2 intensity diesel";0,0002682;"Diesel fossil"
2040;"FR";"BAU";"Sensitivity | Removed policies except for H2 tax reduction";"tCO2e/kWh";"CO2 intensity diesel";0,0002682;"Diesel fossil"
2040;"FR";"BAU";"Sensitivity | Removed policies except for bio/syn fuel mandates";"tCO2e/kWh";"CO2 intensity diesel";0,0002682;"Diesel fossil"
2040;"FR";"BAU";"Sensitivity | Removed policies | Removed diesel efficiency gains";"tCO2e/kWh";"CO2 intensity diesel";0,0002682;"Diesel fossil"
2040;"FR";"PROG";"Current policies";"tCO2e/kWh";"CO2 intensity diesel";0,0002682;"Diesel fossil"
2040;"FR";"PROG";"Removed policies";"tCO2e/kWh";"CO2 intensity diesel";0,0002682;"Diesel fossil"
2040;"FR";"PROG";"Sensitivity | Current Policies | Removed CO2 price";"tCO2e/kWh";"CO2 intensity diesel";0,0002682;"Diesel fossil"
2040;"FR";"PROG";"Sensitivity | Current Policies | Urban depot-only charging";"tCO2e/kWh";"CO2 intensity diesel";0,0002682;"Diesel fossil"
2040;"FR";"PROG";"Sensitivity | Current policies | Removed diesel efficiency gains";"tCO2e/kWh";"CO2 intensity diesel";0,0002682;"Diesel fossil"
2040;"FR";"PROG";"Sensitivity | Removed policies except for H2 tax reduction";"tCO2e/kWh";"CO2 intensity diesel";0,0002682;"Diesel fossil"
2040;"FR";"PROG";"Sensitivity | Removed policies except for bio/syn fuel mandates";"tCO2e/kWh";"CO2 intensity diesel";0,0002682;"Diesel fossil"
2040;"FR";"PROG";"Sensitivity | Removed policies | Removed diesel efficiency gains";"tCO2e/kWh";"CO2 intensity diesel";0,0002682;"Diesel fossil"
2040;"IT";"BAU";"Current policies";"tCO2e/kWh";"CO2 intensity diesel";0,0002682;"Diesel fossil"
2040;"IT";"BAU";"Removed policies";"tCO2e/kWh";"CO2 intensity diesel";0,0002682;"Diesel fossil"
2040;"IT";"BAU";"Sensitivity | Current Policies | Interest rate";"tCO2e/kWh";"CO2 intensity diesel";0,0002682;"Diesel fossil"
2040;"IT";"BAU";"Sensitivity | Current Policies | Removed CO2 price";"tCO2e/kWh";"CO2 intensity diesel";0,0002682;"Diesel fossil"
2040;"IT";"BAU";"Sensitivity | Current Policies | Resale value";"tCO2e/kWh";"CO2 intensity diesel";0,0002682;"Diesel fossil"
2040;"IT";"BAU";"Sensitivity | Current Policies | Urban depot-only charging";"tCO2e/kWh";"CO2 intensity diesel";0,0002682;"Diesel fossil"
2040;"IT";"BAU";"Sensitivity | Current Policies | Vehicle insurance";"tCO2e/kWh";"CO2 intensity diesel";0,0002682;"Diesel fossil"
2040;"IT";"BAU";"Sensitivity | Current policies | Removed diesel efficiency gains";"tCO2e/kWh";"CO2 intensity diesel";0,0002682;"Diesel fossil"
2040;"IT";"BAU";"Sensitivity | Removed policies except for H2 tax reduction";"tCO2e/kWh";"CO2 intensity diesel";0,0002682;"Diesel fossil"
2040;"IT";"BAU";"Sensitivity | Removed policies except for bio/syn fuel mandates";"tCO2e/kWh";"CO2 intensity diesel";0,0002682;"Diesel fossil"
2040;"IT";"BAU";"Sensitivity | Removed policies | Removed diesel efficiency gains";"tCO2e/kWh";"CO2 intensity diesel";0,0002682;"Diesel fossil"
2040;"IT";"PROG";"Current policies";"tCO2e/kWh";"CO2 intensity diesel";0,0002682;"Diesel fossil"
2040;"IT";"PROG";"Removed policies";"tCO2e/kWh";"CO2 intensity diesel";0,0002682;"Diesel fossil"
2040;"IT";"PROG";"Sensitivity | Current Policies | Removed CO2 price";"tCO2e/kWh";"CO2 intensity diesel";0,0002682;"Diesel fossil"
2040;"IT";"PROG";"Sensitivity | Current Policies | Urban depot-only charging";"tCO2e/kWh";"CO2 intensity diesel";0,0002682;"Diesel fossil"
2040;"IT";"PROG";"Sensitivity | Current policies | Removed diesel efficiency gains";"tCO2e/kWh";"CO2 intensity diesel";0,0002682;"Diesel fossil"
2040;"IT";"PROG";"Sensitivity | Removed policies except for H2 tax reduction";"tCO2e/kWh";"CO2 intensity diesel";0,0002682;"Diesel fossil"
2040;"IT";"PROG";"Sensitivity | Removed policies except for bio/syn fuel mandates";"tCO2e/kWh";"CO2 intensity diesel";0,0002682;"Diesel fossil"
2040;"IT";"PROG";"Sensitivity | Removed policies | Removed diesel efficiency gains";"tCO2e/kWh";"CO2 intensity diesel";0,0002682;"Diesel fossil"
2040;"NL";"BAU";"Current policies";"tCO2e/kWh";"CO2 intensity diesel";0,0002682;"Diesel fossil"
2040;"NL";"BAU";"Removed policies";"tCO2e/kWh";"CO2 intensity diesel";0,0002682;"Diesel fossil"
2040;"NL";"BAU";"Sensitivity | Current Policies | Interest rate";"tCO2e/kWh";"CO2 intensity diesel";0,0002682;"Diesel fossil"
2040;"NL";"BAU";"Sensitivity | Current Policies | Removed CO2 price";"tCO2e/kWh";"CO2 intensity diesel";0,0002682;"Diesel fossil"
2040;"NL";"BAU";"Sensitivity | Current Policies | Resale value";"tCO2e/kWh";"CO2 intensity diesel";0,0002682;"Diesel fossil"
2040;"NL";"BAU";"Sensitivity | Current Policies | Urban depot-only charging";"tCO2e/kWh";"CO2 intensity diesel";0,0002682;"Diesel fossil"
2040;"NL";"BAU";"Sensitivity | Current Policies | Vehicle insurance";"tCO2e/kWh";"CO2 intensity diesel";0,0002682;"Diesel fossil"
2040;"NL";"BAU";"Sensitivity | Current policies | Removed diesel efficiency gains";"tCO2e/kWh";"CO2 intensity diesel";0,0002682;"Diesel fossil"
2040;"NL";"BAU";"Sensitivity | Removed policies except for H2 tax reduction";"tCO2e/kWh";"CO2 intensity diesel";0,0002682;"Diesel fossil"
2040;"NL";"BAU";"Sensitivity | Removed policies except for bio/syn fuel mandates";"tCO2e/kWh";"CO2 intensity diesel";0,0002682;"Diesel fossil"
2040;"NL";"BAU";"Sensitivity | Removed policies | Removed diesel efficiency gains";"tCO2e/kWh";"CO2 intensity diesel";0,0002682;"Diesel fossil"
2040;"NL";"PROG";"Current policies";"tCO2e/kWh";"CO2 intensity diesel";0,0002682;"Diesel fossil"
2040;"NL";"PROG";"Removed policies";"tCO2e/kWh";"CO2 intensity diesel";0,0002682;"Diesel fossil"
2040;"NL";"PROG";"Sensitivity | Current Policies | Removed CO2 price";"tCO2e/kWh";"CO2 intensity diesel";0,0002682;"Diesel fossil"
2040;"NL";"PROG";"Sensitivity | Current Policies | Urban depot-only charging";"tCO2e/kWh";"CO2 intensity diesel";0,0002682;"Diesel fossil"
2040;"NL";"PROG";"Sensitivity | Current policies | Removed diesel efficiency gains";"tCO2e/kWh";"CO2 intensity diesel";0,0002682;"Diesel fossil"
2040;"NL";"PROG";"Sensitivity | Removed policies except for H2 tax reduction";"tCO2e/kWh";"CO2 intensity diesel";0,0002682;"Diesel fossil"
2040;"NL";"PROG";"Sensitivity | Removed policies except for bio/syn fuel mandates";"tCO2e/kWh";"CO2 intensity diesel";0,0002682;"Diesel fossil"
2040;"NL";"PROG";"Sensitivity | Removed policies | Removed diesel efficiency gains";"tCO2e/kWh";"CO2 intensity diesel";0,0002682;"Diesel fossil"
2040;"PL";"BAU";"Current policies";"tCO2e/kWh";"CO2 intensity diesel";0,0002682;"Diesel fossil"
2040;"PL";"BAU";"Removed policies";"tCO2e/kWh";"CO2 intensity diesel";0,0002682;"Diesel fossil"
2040;"PL";"BAU";"Sensitivity | Current Policies | Interest rate";"tCO2e/kWh";"CO2 intensity diesel";0,0002682;"Diesel fossil"
2040;"PL";"BAU";"Sensitivity | Current Policies | Removed CO2 price";"tCO2e/kWh";"CO2 intensity diesel";0,0002682;"Diesel fossil"
2040;"PL";"BAU";"Sensitivity | Current Policies | Resale value";"tCO2e/kWh";"CO2 intensity diesel";0,0002682;"Diesel fossil"
2040;"PL";"BAU";"Sensitivity | Current Policies | Urban depot-only charging";"tCO2e/kWh";"CO2 intensity diesel";0,0002682;"Diesel fossil"
2040;"PL";"BAU";"Sensitivity | Current Policies | Vehicle insurance";"tCO2e/kWh";"CO2 intensity diesel";0,0002682;"Diesel fossil"
2040;"PL";"BAU";"Sensitivity | Current policies | Removed diesel efficiency gains";"tCO2e/kWh";"CO2 intensity diesel";0,0002682;"Diesel fossil"
2040;"PL";"BAU";"Sensitivity | Removed policies except for H2 tax reduction";"tCO2e/kWh";"CO2 intensity diesel";0,0002682;"Diesel fossil"
2040;"PL";"BAU";"Sensitivity | Removed policies except for bio/syn fuel mandates";"tCO2e/kWh";"CO2 intensity diesel";0,0002682;"Diesel fossil"
2040;"PL";"BAU";"Sensitivity | Removed policies | Removed diesel efficiency gains";"tCO2e/kWh";"CO2 intensity diesel";0,0002682;"Diesel fossil"
2040;"PL";"PROG";"Current policies";"tCO2e/kWh";"CO2 intensity diesel";0,0002682;"Diesel fossil"
2040;"PL";"PROG";"Removed policies";"tCO2e/kWh";"CO2 intensity diesel";0,0002682;"Diesel fossil"
2040;"PL";"PROG";"Sensitivity | Current Policies | Removed CO2 price";"tCO2e/kWh";"CO2 intensity diesel";0,0002682;"Diesel fossil"
2040;"PL";"PROG";"Sensitivity | Current Policies | Urban depot-only charging";"tCO2e/kWh";"CO2 intensity diesel";0,0002682;"Diesel fossil"
2040;"PL";"PROG";"Sensitivity | Current policies | Removed diesel efficiency gains";"tCO2e/kWh";"CO2 intensity diesel";0,0002682;"Diesel fossil"
2040;"PL";"PROG";"Sensitivity | Removed policies except for H2 tax reduction";"tCO2e/kWh";"CO2 intensity diesel";0,0002682;"Diesel fossil"
2040;"PL";"PROG";"Sensitivity | Removed policies except for bio/syn fuel mandates";"tCO2e/kWh";"CO2 intensity diesel";0,0002682;"Diesel fossil"
2040;"PL";"PROG";"Sensitivity | Removed policies | Removed diesel efficiency gains";"tCO2e/kWh";"CO2 intensity diesel";0,0002682;"Diesel fossil"
2040;"UK";"BAU";"Current policies";"tCO2e/kWh";"CO2 intensity diesel";0,0002682;"Diesel fossil"
2040;"UK";"BAU";"Removed policies";"tCO2e/kWh";"CO2 intensity diesel";0,0002682;"Diesel fossil"
2040;"UK";"BAU";"Sensitivity | Current Policies | Interest rate";"tCO2e/kWh";"CO2 intensity diesel";0,0002682;"Diesel fossil"
2040;"UK";"BAU";"Sensitivity | Current Policies | Removed CO2 price";"tCO2e/kWh";"CO2 intensity diesel";0,0002682;"Diesel fossil"
2040;"UK";"BAU";"Sensitivity | Current Policies | Resale value";"tCO2e/kWh";"CO2 intensity diesel";0,0002682;"Diesel fossil"
2040;"UK";"BAU";"Sensitivity | Current Policies | Urban depot-only charging";"tCO2e/kWh";"CO2 intensity diesel";0,0002682;"Diesel fossil"
2040;"UK";"BAU";"Sensitivity | Current Policies | Vehicle insurance";"tCO2e/kWh";"CO2 intensity diesel";0,0002682;"Diesel fossil"
2040;"UK";"BAU";"Sensitivity | Current policies | Removed diesel efficiency gains";"tCO2e/kWh";"CO2 intensity diesel";0,0002682;"Diesel fossil"
2040;"UK";"BAU";"Sensitivity | Removed policies except for H2 tax reduction";"tCO2e/kWh";"CO2 intensity diesel";0,0002682;"Diesel fossil"
2040;"UK";"BAU";"Sensitivity | Removed policies except for bio/syn fuel mandates";"tCO2e/kWh";"CO2 intensity diesel";0,0002682;"Diesel fossil"
2040;"UK";"BAU";"Sensitivity | Removed policies | Removed diesel efficiency gains";"tCO2e/kWh";"CO2 intensity diesel";0,0002682;"Diesel fossil"
2040;"UK";"PROG";"Current policies";"tCO2e/kWh";"CO2 intensity diesel";0,0002682;"Diesel fossil"
2040;"UK";"PROG";"Removed policies";"tCO2e/kWh";"CO2 intensity diesel";0,0002682;"Diesel fossil"
2040;"UK";"PROG";"Sensitivity | Current Policies | Removed CO2 price";"tCO2e/kWh";"CO2 intensity diesel";0,0002682;"Diesel fossil"
2040;"UK";"PROG";"Sensitivity | Current Policies | Urban depot-only charging";"tCO2e/kWh";"CO2 intensity diesel";0,0002682;"Diesel fossil"
2040;"UK";"PROG";"Sensitivity | Current policies | Removed diesel efficiency gains";"tCO2e/kWh";"CO2 intensity diesel";0,0002682;"Diesel fossil"
2040;"UK";"PROG";"Sensitivity | Removed policies except for H2 tax reduction";"tCO2e/kWh";"CO2 intensity diesel";0,0002682;"Diesel fossil"
2040;"UK";"PROG";"Sensitivity | Removed policies except for bio/syn fuel mandates";"tCO2e/kWh";"CO2 intensity diesel";0,0002682;"Diesel fossil"
2040;"UK";"PROG";"Sensitivity | Removed policies | Removed diesel efficiency gains";"tCO2e/kWh";"CO2 intensity diesel";0,0002682;"Diesel fossil"
2045;"DE";"BAU";"Current policies";"tCO2e/kWh";"CO2 intensity diesel";0,0002682;"Diesel fossil"
2045;"DE";"BAU";"Removed policies";"tCO2e/kWh";"CO2 intensity diesel";0,0002682;"Diesel fossil"
2045;"DE";"BAU";"Sensitivity | Current Policies | Interest rate";"tCO2e/kWh";"CO2 intensity diesel";0,0002682;"Diesel fossil"
2045;"DE";"BAU";"Sensitivity | Current Policies | Removed CO2 price";"tCO2e/kWh";"CO2 intensity diesel";0,0002682;"Diesel fossil"
2045;"DE";"BAU";"Sensitivity | Current Policies | Resale value";"tCO2e/kWh";"CO2 intensity diesel";0,0002682;"Diesel fossil"
2045;"DE";"BAU";"Sensitivity | Current Policies | Urban depot-only charging";"tCO2e/kWh";"CO2 intensity diesel";0,0002682;"Diesel fossil"
2045;"DE";"BAU";"Sensitivity | Current Policies | Vehicle insurance";"tCO2e/kWh";"CO2 intensity diesel";0,0002682;"Diesel fossil"
2045;"DE";"BAU";"Sensitivity | Current policies | Removed diesel efficiency gains";"tCO2e/kWh";"CO2 intensity diesel";0,0002682;"Diesel fossil"
2045;"DE";"BAU";"Sensitivity | Removed policies except for H2 tax reduction";"tCO2e/kWh";"CO2 intensity diesel";0,0002682;"Diesel fossil"
2045;"DE";"BAU";"Sensitivity | Removed policies except for bio/syn fuel mandates";"tCO2e/kWh";"CO2 intensity diesel";0,0002682;"Diesel fossil"
2045;"DE";"BAU";"Sensitivity | Removed policies | Removed diesel efficiency gains";"tCO2e/kWh";"CO2 intensity diesel";0,0002682;"Diesel fossil"
2045;"DE";"PROG";"Current policies";"tCO2e/kWh";"CO2 intensity diesel";0,0002682;"Diesel fossil"
2045;"DE";"PROG";"Removed policies";"tCO2e/kWh";"CO2 intensity diesel";0,0002682;"Diesel fossil"
2045;"DE";"PROG";"Sensitivity | Current Policies | Removed CO2 price";"tCO2e/kWh";"CO2 intensity diesel";0,0002682;"Diesel fossil"
2045;"DE";"PROG";"Sensitivity | Current Policies | Urban depot-only charging";"tCO2e/kWh";"CO2 intensity diesel";0,0002682;"Diesel fossil"
2045;"DE";"PROG";"Sensitivity | Current policies | Removed diesel efficiency gains";"tCO2e/kWh";"CO2 intensity diesel";0,0002682;"Diesel fossil"
2045;"DE";"PROG";"Sensitivity | Removed policies except for H2 tax reduction";"tCO2e/kWh";"CO2 intensity diesel";0,0002682;"Diesel fossil"
2045;"DE";"PROG";"Sensitivity | Removed policies except for bio/syn fuel mandates";"tCO2e/kWh";"CO2 intensity diesel";0,0002682;"Diesel fossil"
2045;"DE";"PROG";"Sensitivity | Removed policies | Removed diesel efficiency gains";"tCO2e/kWh";"CO2 intensity diesel";0,0002682;"Diesel fossil"
2045;"ES";"BAU";"Current policies";"tCO2e/kWh";"CO2 intensity diesel";0,0002682;"Diesel fossil"
2045;"ES";"BAU";"Removed policies";"tCO2e/kWh";"CO2 intensity diesel";0,0002682;"Diesel fossil"
2045;"ES";"BAU";"Sensitivity | Current Policies | Interest rate";"tCO2e/kWh";"CO2 intensity diesel";0,0002682;"Diesel fossil"
2045;"ES";"BAU";"Sensitivity | Current Policies | Removed CO2 price";"tCO2e/kWh";"CO2 intensity diesel";0,0002682;"Diesel fossil"
2045;"ES";"BAU";"Sensitivity | Current Policies | Resale value";"tCO2e/kWh";"CO2 intensity diesel";0,0002682;"Diesel fossil"
2045;"ES";"BAU";"Sensitivity | Current Policies | Urban depot-only charging";"tCO2e/kWh";"CO2 intensity diesel";0,0002682;"Diesel fossil"
2045;"ES";"BAU";"Sensitivity | Current Policies | Vehicle insurance";"tCO2e/kWh";"CO2 intensity diesel";0,0002682;"Diesel fossil"
2045;"ES";"BAU";"Sensitivity | Current policies | Removed diesel efficiency gains";"tCO2e/kWh";"CO2 intensity diesel";0,0002682;"Diesel fossil"
2045;"ES";"BAU";"Sensitivity | Removed policies except for H2 tax reduction";"tCO2e/kWh";"CO2 intensity diesel";0,0002682;"Diesel fossil"
2045;"ES";"BAU";"Sensitivity | Removed policies except for bio/syn fuel mandates";"tCO2e/kWh";"CO2 intensity diesel";0,0002682;"Diesel fossil"
2045;"ES";"BAU";"Sensitivity | Removed policies | Removed diesel efficiency gains";"tCO2e/kWh";"CO2 intensity diesel";0,0002682;"Diesel fossil"
2045;"ES";"PROG";"Current policies";"tCO2e/kWh";"CO2 intensity diesel";0,0002682;"Diesel fossil"
2045;"ES";"PROG";"Removed policies";"tCO2e/kWh";"CO2 intensity diesel";0,0002682;"Diesel fossil"
2045;"ES";"PROG";"Sensitivity | Current Policies | Removed CO2 price";"tCO2e/kWh";"CO2 intensity diesel";0,0002682;"Diesel fossil"
2045;"ES";"PROG";"Sensitivity | Current Policies | Urban depot-only charging";"tCO2e/kWh";"CO2 intensity diesel";0,0002682;"Diesel fossil"
2045;"ES";"PROG";"Sensitivity | Current policies | Removed diesel efficiency gains";"tCO2e/kWh";"CO2 intensity diesel";0,0002682;"Diesel fossil"
2045;"ES";"PROG";"Sensitivity | Removed policies except for H2 tax reduction";"tCO2e/kWh";"CO2 intensity diesel";0,0002682;"Diesel fossil"
2045;"ES";"PROG";"Sensitivity | Removed policies except for bio/syn fuel mandates";"tCO2e/kWh";"CO2 intensity diesel";0,0002682;"Diesel fossil"
2045;"ES";"PROG";"Sensitivity | Removed policies | Removed diesel efficiency gains";"tCO2e/kWh";"CO2 intensity diesel";0,0002682;"Diesel fossil"
2045;"FR";"BAU";"Current policies";"tCO2e/kWh";"CO2 intensity diesel";0,0002682;"Diesel fossil"
2045;"FR";"BAU";"Removed policies";"tCO2e/kWh";"CO2 intensity diesel";0,0002682;"Diesel fossil"
2045;"FR";"BAU";"Sensitivity | Current Policies | Interest rate";"tCO2e/kWh";"CO2 intensity diesel";0,0002682;"Diesel fossil"
2045;"FR";"BAU";"Sensitivity | Current Policies | Removed CO2 price";"tCO2e/kWh";"CO2 intensity diesel";0,0002682;"Diesel fossil"
2045;"FR";"BAU";"Sensitivity | Current Policies | Resale value";"tCO2e/kWh";"CO2 intensity diesel";0,0002682;"Diesel fossil"
2045;"FR";"BAU";"Sensitivity | Current Policies | Urban depot-only charging";"tCO2e/kWh";"CO2 intensity diesel";0,0002682;"Diesel fossil"
2045;"FR";"BAU";"Sensitivity | Current Policies | Vehicle insurance";"tCO2e/kWh";"CO2 intensity diesel";0,0002682;"Diesel fossil"
2045;"FR";"BAU";"Sensitivity | Current policies | Removed diesel efficiency gains";"tCO2e/kWh";"CO2 intensity diesel";0,0002682;"Diesel fossil"
2045;"FR";"BAU";"Sensitivity | Removed policies except for H2 tax reduction";"tCO2e/kWh";"CO2 intensity diesel";0,0002682;"Diesel fossil"
2045;"FR";"BAU";"Sensitivity | Removed policies except for bio/syn fuel mandates";"tCO2e/kWh";"CO2 intensity diesel";0,0002682;"Diesel fossil"
2045;"FR";"BAU";"Sensitivity | Removed policies | Removed diesel efficiency gains";"tCO2e/kWh";"CO2 intensity diesel";0,0002682;"Diesel fossil"
2045;"FR";"PROG";"Current policies";"tCO2e/kWh";"CO2 intensity diesel";0,0002682;"Diesel fossil"
2045;"FR";"PROG";"Removed policies";"tCO2e/kWh";"CO2 intensity diesel";0,0002682;"Diesel fossil"
2045;"FR";"PROG";"Sensitivity | Current Policies | Removed CO2 price";"tCO2e/kWh";"CO2 intensity diesel";0,0002682;"Diesel fossil"
2045;"FR";"PROG";"Sensitivity | Current Policies | Urban depot-only charging";"tCO2e/kWh";"CO2 intensity diesel";0,0002682;"Diesel fossil"
2045;"FR";"PROG";"Sensitivity | Current policies | Removed diesel efficiency gains";"tCO2e/kWh";"CO2 intensity diesel";0,0002682;"Diesel fossil"
2045;"FR";"PROG";"Sensitivity | Removed policies except for H2 tax reduction";"tCO2e/kWh";"CO2 intensity diesel";0,0002682;"Diesel fossil"
2045;"FR";"PROG";"Sensitivity | Removed policies except for bio/syn fuel mandates";"tCO2e/kWh";"CO2 intensity diesel";0,0002682;"Diesel fossil"
2045;"FR";"PROG";"Sensitivity | Removed policies | Removed diesel efficiency gains";"tCO2e/kWh";"CO2 intensity diesel";0,0002682;"Diesel fossil"
2045;"IT";"BAU";"Current policies";"tCO2e/kWh";"CO2 intensity diesel";0,0002682;"Diesel fossil"
2045;"IT";"BAU";"Removed policies";"tCO2e/kWh";"CO2 intensity diesel";0,0002682;"Diesel fossil"
2045;"IT";"BAU";"Sensitivity | Current Policies | Interest rate";"tCO2e/kWh";"CO2 intensity diesel";0,0002682;"Diesel fossil"
2045;"IT";"BAU";"Sensitivity | Current Policies | Removed CO2 price";"tCO2e/kWh";"CO2 intensity diesel";0,0002682;"Diesel fossil"
2045;"IT";"BAU";"Sensitivity | Current Policies | Resale value";"tCO2e/kWh";"CO2 intensity diesel";0,0002682;"Diesel fossil"
2045;"IT";"BAU";"Sensitivity | Current Policies | Urban depot-only charging";"tCO2e/kWh";"CO2 intensity diesel";0,0002682;"Diesel fossil"
2045;"IT";"BAU";"Sensitivity | Current Policies | Vehicle insurance";"tCO2e/kWh";"CO2 intensity diesel";0,0002682;"Diesel fossil"
2045;"IT";"BAU";"Sensitivity | Current policies | Removed diesel efficiency gains";"tCO2e/kWh";"CO2 intensity diesel";0,0002682;"Diesel fossil"
2045;"IT";"BAU";"Sensitivity | Removed policies except for H2 tax reduction";"tCO2e/kWh";"CO2 intensity diesel";0,0002682;"Diesel fossil"
2045;"IT";"BAU";"Sensitivity | Removed policies except for bio/syn fuel mandates";"tCO2e/kWh";"CO2 intensity diesel";0,0002682;"Diesel fossil"
2045;"IT";"BAU";"Sensitivity | Removed policies | Removed diesel efficiency gains";"tCO2e/kWh";"CO2 intensity diesel";0,0002682;"Diesel fossil"
2045;"IT";"PROG";"Current policies";"tCO2e/kWh";"CO2 intensity diesel";0,0002682;"Diesel fossil"
2045;"IT";"PROG";"Removed policies";"tCO2e/kWh";"CO2 intensity diesel";0,0002682;"Diesel fossil"
2045;"IT";"PROG";"Sensitivity | Current Policies | Removed CO2 price";"tCO2e/kWh";"CO2 intensity diesel";0,0002682;"Diesel fossil"
2045;"IT";"PROG";"Sensitivity | Current Policies | Urban depot-only charging";"tCO2e/kWh";"CO2 intensity diesel";0,0002682;"Diesel fossil"
2045;"IT";"PROG";"Sensitivity | Current policies | Removed diesel efficiency gains";"tCO2e/kWh";"CO2 intensity diesel";0,0002682;"Diesel fossil"
2045;"IT";"PROG";"Sensitivity | Removed policies except for H2 tax reduction";"tCO2e/kWh";"CO2 intensity diesel";0,0002682;"Diesel fossil"
2045;"IT";"PROG";"Sensitivity | Removed policies except for bio/syn fuel mandates";"tCO2e/kWh";"CO2 intensity diesel";0,0002682;"Diesel fossil"
2045;"IT";"PROG";"Sensitivity | Removed policies | Removed diesel efficiency gains";"tCO2e/kWh";"CO2 intensity diesel";0,0002682;"Diesel fossil"
2045;"NL";"BAU";"Current policies";"tCO2e/kWh";"CO2 intensity diesel";0,0002682;"Diesel fossil"
2045;"NL";"BAU";"Removed policies";"tCO2e/kWh";"CO2 intensity diesel";0,0002682;"Diesel fossil"
2045;"NL";"BAU";"Sensitivity | Current Policies | Interest rate";"tCO2e/kWh";"CO2 intensity diesel";0,0002682;"Diesel fossil"
2045;"NL";"BAU";"Sensitivity | Current Policies | Removed CO2 price";"tCO2e/kWh";"CO2 intensity diesel";0,0002682;"Diesel fossil"
2045;"NL";"BAU";"Sensitivity | Current Policies | Resale value";"tCO2e/kWh";"CO2 intensity diesel";0,0002682;"Diesel fossil"
2045;"NL";"BAU";"Sensitivity | Current Policies | Urban depot-only charging";"tCO2e/kWh";"CO2 intensity diesel";0,0002682;"Diesel fossil"
2045;"NL";"BAU";"Sensitivity | Current Policies | Vehicle insurance";"tCO2e/kWh";"CO2 intensity diesel";0,0002682;"Diesel fossil"
2045;"NL";"BAU";"Sensitivity | Current policies | Removed diesel efficiency gains";"tCO2e/kWh";"CO2 intensity diesel";0,0002682;"Diesel fossil"
2045;"NL";"BAU";"Sensitivity | Removed policies except for H2 tax reduction";"tCO2e/kWh";"CO2 intensity diesel";0,0002682;"Diesel fossil"
2045;"NL";"BAU";"Sensitivity | Removed policies except for bio/syn fuel mandates";"tCO2e/kWh";"CO2 intensity diesel";0,0002682;"Diesel fossil"
2045;"NL";"BAU";"Sensitivity | Removed policies | Removed diesel efficiency gains";"tCO2e/kWh";"CO2 intensity diesel";0,0002682;"Diesel fossil"
2045;"NL";"PROG";"Current policies";"tCO2e/kWh";"CO2 intensity diesel";0,0002682;"Diesel fossil"
2045;"NL";"PROG";"Removed policies";"tCO2e/kWh";"CO2 intensity diesel";0,0002682;"Diesel fossil"
2045;"NL";"PROG";"Sensitivity | Current Policies | Removed CO2 price";"tCO2e/kWh";"CO2 intensity diesel";0,0002682;"Diesel fossil"
2045;"NL";"PROG";"Sensitivity | Current Policies | Urban depot-only charging";"tCO2e/kWh";"CO2 intensity diesel";0,0002682;"Diesel fossil"
2045;"NL";"PROG";"Sensitivity | Current policies | Removed diesel efficiency gains";"tCO2e/kWh";"CO2 intensity diesel";0,0002682;"Diesel fossil"
2045;"NL";"PROG";"Sensitivity | Removed policies except for H2 tax reduction";"tCO2e/kWh";"CO2 intensity diesel";0,0002682;"Diesel fossil"
2045;"NL";"PROG";"Sensitivity | Removed policies except for bio/syn fuel mandates";"tCO2e/kWh";"CO2 intensity diesel";0,0002682;"Diesel fossil"
2045;"NL";"PROG";"Sensitivity | Removed policies | Removed diesel efficiency gains";"tCO2e/kWh";"CO2 intensity diesel";0,0002682;"Diesel fossil"
2045;"PL";"BAU";"Current policies";"tCO2e/kWh";"CO2 intensity diesel";0,0002682;"Diesel fossil"
2045;"PL";"BAU";"Removed policies";"tCO2e/kWh";"CO2 intensity diesel";0,0002682;"Diesel fossil"
2045;"PL";"BAU";"Sensitivity | Current Policies | Interest rate";"tCO2e/kWh";"CO2 intensity diesel";0,0002682;"Diesel fossil"
2045;"PL";"BAU";"Sensitivity | Current Policies | Removed CO2 price";"tCO2e/kWh";"CO2 intensity diesel";0,0002682;"Diesel fossil"
2045;"PL";"BAU";"Sensitivity | Current Policies | Resale value";"tCO2e/kWh";"CO2 intensity diesel";0,0002682;"Diesel fossil"
2045;"PL";"BAU";"Sensitivity | Current Policies | Urban depot-only charging";"tCO2e/kWh";"CO2 intensity diesel";0,0002682;"Diesel fossil"
2045;"PL";"BAU";"Sensitivity | Current Policies | Vehicle insurance";"tCO2e/kWh";"CO2 intensity diesel";0,0002682;"Diesel fossil"
2045;"PL";"BAU";"Sensitivity | Current policies | Removed diesel efficiency gains";"tCO2e/kWh";"CO2 intensity diesel";0,0002682;"Diesel fossil"
2045;"PL";"BAU";"Sensitivity | Removed policies except for H2 tax reduction";"tCO2e/kWh";"CO2 intensity diesel";0,0002682;"Diesel fossil"
2045;"PL";"BAU";"Sensitivity | Removed policies except for bio/syn fuel mandates";"tCO2e/kWh";"CO2 intensity diesel";0,0002682;"Diesel fossil"
2045;"PL";"BAU";"Sensitivity | Removed policies | Removed diesel efficiency gains";"tCO2e/kWh";"CO2 intensity diesel";0,0002682;"Diesel fossil"
2045;"PL";"PROG";"Current policies";"tCO2e/kWh";"CO2 intensity diesel";0,0002682;"Diesel fossil"
2045;"PL";"PROG";"Removed policies";"tCO2e/kWh";"CO2 intensity diesel";0,0002682;"Diesel fossil"
2045;"PL";"PROG";"Sensitivity | Current Policies | Removed CO2 price";"tCO2e/kWh";"CO2 intensity diesel";0,0002682;"Diesel fossil"
2045;"PL";"PROG";"Sensitivity | Current Policies | Urban depot-only charging";"tCO2e/kWh";"CO2 intensity diesel";0,0002682;"Diesel fossil"
2045;"PL";"PROG";"Sensitivity | Current policies | Removed diesel efficiency gains";"tCO2e/kWh";"CO2 intensity diesel";0,0002682;"Diesel fossil"
2045;"PL";"PROG";"Sensitivity | Removed policies except for H2 tax reduction";"tCO2e/kWh";"CO2 intensity diesel";0,0002682;"Diesel fossil"
2045;"PL";"PROG";"Sensitivity | Removed policies except for bio/syn fuel mandates";"tCO2e/kWh";"CO2 intensity diesel";0,0002682;"Diesel fossil"
2045;"PL";"PROG";"Sensitivity | Removed policies | Removed diesel efficiency gains";"tCO2e/kWh";"CO2 intensity diesel";0,0002682;"Diesel fossil"
2045;"UK";"BAU";"Current policies";"tCO2e/kWh";"CO2 intensity diesel";0,0002682;"Diesel fossil"
2045;"UK";"BAU";"Removed policies";"tCO2e/kWh";"CO2 intensity diesel";0,0002682;"Diesel fossil"
2045;"UK";"BAU";"Sensitivity | Current Policies | Interest rate";"tCO2e/kWh";"CO2 intensity diesel";0,0002682;"Diesel fossil"
2045;"UK";"BAU";"Sensitivity | Current Policies | Removed CO2 price";"tCO2e/kWh";"CO2 intensity diesel";0,0002682;"Diesel fossil"
2045;"UK";"BAU";"Sensitivity | Current Policies | Resale value";"tCO2e/kWh";"CO2 intensity diesel";0,0002682;"Diesel fossil"
2045;"UK";"BAU";"Sensitivity | Current Policies | Urban depot-only charging";"tCO2e/kWh";"CO2 intensity diesel";0,0002682;"Diesel fossil"
2045;"UK";"BAU";"Sensitivity | Current Policies | Vehicle insurance";"tCO2e/kWh";"CO2 intensity diesel";0,0002682;"Diesel fossil"
2045;"UK";"BAU";"Sensitivity | Current policies | Removed diesel efficiency gains";"tCO2e/kWh";"CO2 intensity diesel";0,0002682;"Diesel fossil"
2045;"UK";"BAU";"Sensitivity | Removed policies except for H2 tax reduction";"tCO2e/kWh";"CO2 intensity diesel";0,0002682;"Diesel fossil"
2045;"UK";"BAU";"Sensitivity | Removed policies except for bio/syn fuel mandates";"tCO2e/kWh";"CO2 intensity diesel";0,0002682;"Diesel fossil"
2045;"UK";"BAU";"Sensitivity | Removed policies | Removed diesel efficiency gains";"tCO2e/kWh";"CO2 intensity diesel";0,0002682;"Diesel fossil"
2045;"UK";"PROG";"Current policies";"tCO2e/kWh";"CO2 intensity diesel";0,0002682;"Diesel fossil"
2045;"UK";"PROG";"Removed policies";"tCO2e/kWh";"CO2 intensity diesel";0,0002682;"Diesel fossil"
2045;"UK";"PROG";"Sensitivity | Current Policies | Removed CO2 price";"tCO2e/kWh";"CO2 intensity diesel";0,0002682;"Diesel fossil"
2045;"UK";"PROG";"Sensitivity | Current Policies | Urban depot-only charging";"tCO2e/kWh";"CO2 intensity diesel";0,0002682;"Diesel fossil"
2045;"UK";"PROG";"Sensitivity | Current policies | Removed diesel efficiency gains";"tCO2e/kWh";"CO2 intensity diesel";0,0002682;"Diesel fossil"
2045;"UK";"PROG";"Sensitivity | Removed policies except for H2 tax reduction";"tCO2e/kWh";"CO2 intensity diesel";0,0002682;"Diesel fossil"
2045;"UK";"PROG";"Sensitivity | Removed policies except for bio/syn fuel mandates";"tCO2e/kWh";"CO2 intensity diesel";0,0002682;"Diesel fossil"
2045;"UK";"PROG";"Sensitivity | Removed policies | Removed diesel efficiency gains";"tCO2e/kWh";"CO2 intensity diesel";0,0002682;"Diesel fossil"
2050;"DE";"BAU";"Current policies";"tCO2e/kWh";"CO2 intensity diesel";0,0002682;"Diesel fossil"
2050;"DE";"BAU";"Removed policies";"tCO2e/kWh";"CO2 intensity diesel";0,0002682;"Diesel fossil"
2050;"DE";"BAU";"Sensitivity | Current Policies | Interest rate";"tCO2e/kWh";"CO2 intensity diesel";0,0002682;"Diesel fossil"
2050;"DE";"BAU";"Sensitivity | Current Policies | Removed CO2 price";"tCO2e/kWh";"CO2 intensity diesel";0,0002682;"Diesel fossil"
2050;"DE";"BAU";"Sensitivity | Current Policies | Resale value";"tCO2e/kWh";"CO2 intensity diesel";0,0002682;"Diesel fossil"
2050;"DE";"BAU";"Sensitivity | Current Policies | Urban depot-only charging";"tCO2e/kWh";"CO2 intensity diesel";0,0002682;"Diesel fossil"
2050;"DE";"BAU";"Sensitivity | Current Policies | Vehicle insurance";"tCO2e/kWh";"CO2 intensity diesel";0,0002682;"Diesel fossil"
2050;"DE";"BAU";"Sensitivity | Current policies | Removed diesel efficiency gains";"tCO2e/kWh";"CO2 intensity diesel";0,0002682;"Diesel fossil"
2050;"DE";"BAU";"Sensitivity | Removed policies except for H2 tax reduction";"tCO2e/kWh";"CO2 intensity diesel";0,0002682;"Diesel fossil"
2050;"DE";"BAU";"Sensitivity | Removed policies except for bio/syn fuel mandates";"tCO2e/kWh";"CO2 intensity diesel";0,0002682;"Diesel fossil"
2050;"DE";"BAU";"Sensitivity | Removed policies | Removed diesel efficiency gains";"tCO2e/kWh";"CO2 intensity diesel";0,0002682;"Diesel fossil"
2050;"DE";"PROG";"Current policies";"tCO2e/kWh";"CO2 intensity diesel";0,0002682;"Diesel fossil"
2050;"DE";"PROG";"Removed policies";"tCO2e/kWh";"CO2 intensity diesel";0,0002682;"Diesel fossil"
2050;"DE";"PROG";"Sensitivity | Current Policies | Removed CO2 price";"tCO2e/kWh";"CO2 intensity diesel";0,0002682;"Diesel fossil"
2050;"DE";"PROG";"Sensitivity | Current Policies | Urban depot-only charging";"tCO2e/kWh";"CO2 intensity diesel";0,0002682;"Diesel fossil"
2050;"DE";"PROG";"Sensitivity | Current policies | Removed diesel efficiency gains";"tCO2e/kWh";"CO2 intensity diesel";0,0002682;"Diesel fossil"
2050;"DE";"PROG";"Sensitivity | Removed policies except for H2 tax reduction";"tCO2e/kWh";"CO2 intensity diesel";0,0002682;"Diesel fossil"
2050;"DE";"PROG";"Sensitivity | Removed policies except for bio/syn fuel mandates";"tCO2e/kWh";"CO2 intensity diesel";0,0002682;"Diesel fossil"
2050;"DE";"PROG";"Sensitivity | Removed policies | Removed diesel efficiency gains";"tCO2e/kWh";"CO2 intensity diesel";0,0002682;"Diesel fossil"
2050;"ES";"BAU";"Current policies";"tCO2e/kWh";"CO2 intensity diesel";0,0002682;"Diesel fossil"
2050;"ES";"BAU";"Removed policies";"tCO2e/kWh";"CO2 intensity diesel";0,0002682;"Diesel fossil"
2050;"ES";"BAU";"Sensitivity | Current Policies | Interest rate";"tCO2e/kWh";"CO2 intensity diesel";0,0002682;"Diesel fossil"
2050;"ES";"BAU";"Sensitivity | Current Policies | Removed CO2 price";"tCO2e/kWh";"CO2 intensity diesel";0,0002682;"Diesel fossil"
2050;"ES";"BAU";"Sensitivity | Current Policies | Resale value";"tCO2e/kWh";"CO2 intensity diesel";0,0002682;"Diesel fossil"
2050;"ES";"BAU";"Sensitivity | Current Policies | Urban depot-only charging";"tCO2e/kWh";"CO2 intensity diesel";0,0002682;"Diesel fossil"
2050;"ES";"BAU";"Sensitivity | Current Policies | Vehicle insurance";"tCO2e/kWh";"CO2 intensity diesel";0,0002682;"Diesel fossil"
2050;"ES";"BAU";"Sensitivity | Current policies | Removed diesel efficiency gains";"tCO2e/kWh";"CO2 intensity diesel";0,0002682;"Diesel fossil"
2050;"ES";"BAU";"Sensitivity | Removed policies except for H2 tax reduction";"tCO2e/kWh";"CO2 intensity diesel";0,0002682;"Diesel fossil"
2050;"ES";"BAU";"Sensitivity | Removed policies except for bio/syn fuel mandates";"tCO2e/kWh";"CO2 intensity diesel";0,0002682;"Diesel fossil"
2050;"ES";"BAU";"Sensitivity | Removed policies | Removed diesel efficiency gains";"tCO2e/kWh";"CO2 intensity diesel";0,0002682;"Diesel fossil"
2050;"ES";"PROG";"Current policies";"tCO2e/kWh";"CO2 intensity diesel";0,0002682;"Diesel fossil"
2050;"ES";"PROG";"Removed policies";"tCO2e/kWh";"CO2 intensity diesel";0,0002682;"Diesel fossil"
2050;"ES";"PROG";"Sensitivity | Current Policies | Removed CO2 price";"tCO2e/kWh";"CO2 intensity diesel";0,0002682;"Diesel fossil"
2050;"ES";"PROG";"Sensitivity | Current Policies | Urban depot-only charging";"tCO2e/kWh";"CO2 intensity diesel";0,0002682;"Diesel fossil"
2050;"ES";"PROG";"Sensitivity | Current policies | Removed diesel efficiency gains";"tCO2e/kWh";"CO2 intensity diesel";0,0002682;"Diesel fossil"
2050;"ES";"PROG";"Sensitivity | Removed policies except for H2 tax reduction";"tCO2e/kWh";"CO2 intensity diesel";0,0002682;"Diesel fossil"
2050;"ES";"PROG";"Sensitivity | Removed policies except for bio/syn fuel mandates";"tCO2e/kWh";"CO2 intensity diesel";0,0002682;"Diesel fossil"
2050;"ES";"PROG";"Sensitivity | Removed policies | Removed diesel efficiency gains";"tCO2e/kWh";"CO2 intensity diesel";0,0002682;"Diesel fossil"
2050;"FR";"BAU";"Current policies";"tCO2e/kWh";"CO2 intensity diesel";0,0002682;"Diesel fossil"
2050;"FR";"BAU";"Removed policies";"tCO2e/kWh";"CO2 intensity diesel";0,0002682;"Diesel fossil"
2050;"FR";"BAU";"Sensitivity | Current Policies | Interest rate";"tCO2e/kWh";"CO2 intensity diesel";0,0002682;"Diesel fossil"
2050;"FR";"BAU";"Sensitivity | Current Policies | Removed CO2 price";"tCO2e/kWh";"CO2 intensity diesel";0,0002682;"Diesel fossil"
2050;"FR";"BAU";"Sensitivity | Current Policies | Resale value";"tCO2e/kWh";"CO2 intensity diesel";0,0002682;"Diesel fossil"
2050;"FR";"BAU";"Sensitivity | Current Policies | Urban depot-only charging";"tCO2e/kWh";"CO2 intensity diesel";0,0002682;"Diesel fossil"
2050;"FR";"BAU";"Sensitivity | Current Policies | Vehicle insurance";"tCO2e/kWh";"CO2 intensity diesel";0,0002682;"Diesel fossil"
2050;"FR";"BAU";"Sensitivity | Current policies | Removed diesel efficiency gains";"tCO2e/kWh";"CO2 intensity diesel";0,0002682;"Diesel fossil"
2050;"FR";"BAU";"Sensitivity | Removed policies except for H2 tax reduction";"tCO2e/kWh";"CO2 intensity diesel";0,0002682;"Diesel fossil"
2050;"FR";"BAU";"Sensitivity | Removed policies except for bio/syn fuel mandates";"tCO2e/kWh";"CO2 intensity diesel";0,0002682;"Diesel fossil"
2050;"FR";"BAU";"Sensitivity | Removed policies | Removed diesel efficiency gains";"tCO2e/kWh";"CO2 intensity diesel";0,0002682;"Diesel fossil"
2050;"FR";"PROG";"Current policies";"tCO2e/kWh";"CO2 intensity diesel";0,0002682;"Diesel fossil"
2050;"FR";"PROG";"Removed policies";"tCO2e/kWh";"CO2 intensity diesel";0,0002682;"Diesel fossil"
2050;"FR";"PROG";"Sensitivity | Current Policies | Removed CO2 price";"tCO2e/kWh";"CO2 intensity diesel";0,0002682;"Diesel fossil"
2050;"FR";"PROG";"Sensitivity | Current Policies | Urban depot-only charging";"tCO2e/kWh";"CO2 intensity diesel";0,0002682;"Diesel fossil"
2050;"FR";"PROG";"Sensitivity | Current policies | Removed diesel efficiency gains";"tCO2e/kWh";"CO2 intensity diesel";0,0002682;"Diesel fossil"
2050;"FR";"PROG";"Sensitivity | Removed policies except for H2 tax reduction";"tCO2e/kWh";"CO2 intensity diesel";0,0002682;"Diesel fossil"
2050;"FR";"PROG";"Sensitivity | Removed policies except for bio/syn fuel mandates";"tCO2e/kWh";"CO2 intensity diesel";0,0002682;"Diesel fossil"
2050;"FR";"PROG";"Sensitivity | Removed policies | Removed diesel efficiency gains";"tCO2e/kWh";"CO2 intensity diesel";0,0002682;"Diesel fossil"
2050;"IT";"BAU";"Current policies";"tCO2e/kWh";"CO2 intensity diesel";0,0002682;"Diesel fossil"
2050;"IT";"BAU";"Removed policies";"tCO2e/kWh";"CO2 intensity diesel";0,0002682;"Diesel fossil"
2050;"IT";"BAU";"Sensitivity | Current Policies | Interest rate";"tCO2e/kWh";"CO2 intensity diesel";0,0002682;"Diesel fossil"
2050;"IT";"BAU";"Sensitivity | Current Policies | Removed CO2 price";"tCO2e/kWh";"CO2 intensity diesel";0,0002682;"Diesel fossil"
2050;"IT";"BAU";"Sensitivity | Current Policies | Resale value";"tCO2e/kWh";"CO2 intensity diesel";0,0002682;"Diesel fossil"
2050;"IT";"BAU";"Sensitivity | Current Policies | Urban depot-only charging";"tCO2e/kWh";"CO2 intensity diesel";0,0002682;"Diesel fossil"
2050;"IT";"BAU";"Sensitivity | Current Policies | Vehicle insurance";"tCO2e/kWh";"CO2 intensity diesel";0,0002682;"Diesel fossil"
2050;"IT";"BAU";"Sensitivity | Current policies | Removed diesel efficiency gains";"tCO2e/kWh";"CO2 intensity diesel";0,0002682;"Diesel fossil"
2050;"IT";"BAU";"Sensitivity | Removed policies except for H2 tax reduction";"tCO2e/kWh";"CO2 intensity diesel";0,0002682;"Diesel fossil"
2050;"IT";"BAU";"Sensitivity | Removed policies except for bio/syn fuel mandates";"tCO2e/kWh";"CO2 intensity diesel";0,0002682;"Diesel fossil"
2050;"IT";"BAU";"Sensitivity | Removed policies | Removed diesel efficiency gains";"tCO2e/kWh";"CO2 intensity diesel";0,0002682;"Diesel fossil"
2050;"IT";"PROG";"Current policies";"tCO2e/kWh";"CO2 intensity diesel";0,0002682;"Diesel fossil"
2050;"IT";"PROG";"Removed policies";"tCO2e/kWh";"CO2 intensity diesel";0,0002682;"Diesel fossil"
2050;"IT";"PROG";"Sensitivity | Current Policies | Removed CO2 price";"tCO2e/kWh";"CO2 intensity diesel";0,0002682;"Diesel fossil"
2050;"IT";"PROG";"Sensitivity | Current Policies | Urban depot-only charging";"tCO2e/kWh";"CO2 intensity diesel";0,0002682;"Diesel fossil"
2050;"IT";"PROG";"Sensitivity | Current policies | Removed diesel efficiency gains";"tCO2e/kWh";"CO2 intensity diesel";0,0002682;"Diesel fossil"
2050;"IT";"PROG";"Sensitivity | Removed policies except for H2 tax reduction";"tCO2e/kWh";"CO2 intensity diesel";0,0002682;"Diesel fossil"
2050;"IT";"PROG";"Sensitivity | Removed policies except for bio/syn fuel mandates";"tCO2e/kWh";"CO2 intensity diesel";0,0002682;"Diesel fossil"
2050;"IT";"PROG";"Sensitivity | Removed policies | Removed diesel efficiency gains";"tCO2e/kWh";"CO2 intensity diesel";0,0002682;"Diesel fossil"
2050;"NL";"BAU";"Current policies";"tCO2e/kWh";"CO2 intensity diesel";0,0002682;"Diesel fossil"
2050;"NL";"BAU";"Removed policies";"tCO2e/kWh";"CO2 intensity diesel";0,0002682;"Diesel fossil"
2050;"NL";"BAU";"Sensitivity | Current Policies | Interest rate";"tCO2e/kWh";"CO2 intensity diesel";0,0002682;"Diesel fossil"
2050;"NL";"BAU";"Sensitivity | Current Policies | Removed CO2 price";"tCO2e/kWh";"CO2 intensity diesel";0,0002682;"Diesel fossil"
2050;"NL";"BAU";"Sensitivity | Current Policies | Resale value";"tCO2e/kWh";"CO2 intensity diesel";0,0002682;"Diesel fossil"
2050;"NL";"BAU";"Sensitivity | Current Policies | Urban depot-only charging";"tCO2e/kWh";"CO2 intensity diesel";0,0002682;"Diesel fossil"
2050;"NL";"BAU";"Sensitivity | Current Policies | Vehicle insurance";"tCO2e/kWh";"CO2 intensity diesel";0,0002682;"Diesel fossil"
2050;"NL";"BAU";"Sensitivity | Current policies | Removed diesel efficiency gains";"tCO2e/kWh";"CO2 intensity diesel";0,0002682;"Diesel fossil"
2050;"NL";"BAU";"Sensitivity | Removed policies except for H2 tax reduction";"tCO2e/kWh";"CO2 intensity diesel";0,0002682;"Diesel fossil"
2050;"NL";"BAU";"Sensitivity | Removed policies except for bio/syn fuel mandates";"tCO2e/kWh";"CO2 intensity diesel";0,0002682;"Diesel fossil"
2050;"NL";"BAU";"Sensitivity | Removed policies | Removed diesel efficiency gains";"tCO2e/kWh";"CO2 intensity diesel";0,0002682;"Diesel fossil"
2050;"NL";"PROG";"Current policies";"tCO2e/kWh";"CO2 intensity diesel";0,0002682;"Diesel fossil"
2050;"NL";"PROG";"Removed policies";"tCO2e/kWh";"CO2 intensity diesel";0,0002682;"Diesel fossil"
2050;"NL";"PROG";"Sensitivity | Current Policies | Removed CO2 price";"tCO2e/kWh";"CO2 intensity diesel";0,0002682;"Diesel fossil"
2050;"NL";"PROG";"Sensitivity | Current Policies | Urban depot-only charging";"tCO2e/kWh";"CO2 intensity diesel";0,0002682;"Diesel fossil"
2050;"NL";"PROG";"Sensitivity | Current policies | Removed diesel efficiency gains";"tCO2e/kWh";"CO2 intensity diesel";0,0002682;"Diesel fossil"
2050;"NL";"PROG";"Sensitivity | Removed policies except for H2 tax reduction";"tCO2e/kWh";"CO2 intensity diesel";0,0002682;"Diesel fossil"
2050;"NL";"PROG";"Sensitivity | Removed policies except for bio/syn fuel mandates";"tCO2e/kWh";"CO2 intensity diesel";0,0002682;"Diesel fossil"
2050;"NL";"PROG";"Sensitivity | Removed policies | Removed diesel efficiency gains";"tCO2e/kWh";"CO2 intensity diesel";0,0002682;"Diesel fossil"
2050;"PL";"BAU";"Current policies";"tCO2e/kWh";"CO2 intensity diesel";0,0002682;"Diesel fossil"
2050;"PL";"BAU";"Removed policies";"tCO2e/kWh";"CO2 intensity diesel";0,0002682;"Diesel fossil"
2050;"PL";"BAU";"Sensitivity | Current Policies | Interest rate";"tCO2e/kWh";"CO2 intensity diesel";0,0002682;"Diesel fossil"
2050;"PL";"BAU";"Sensitivity | Current Policies | Removed CO2 price";"tCO2e/kWh";"CO2 intensity diesel";0,0002682;"Diesel fossil"
2050;"PL";"BAU";"Sensitivity | Current Policies | Resale value";"tCO2e/kWh";"CO2 intensity diesel";0,0002682;"Diesel fossil"
2050;"PL";"BAU";"Sensitivity | Current Policies | Urban depot-only charging";"tCO2e/kWh";"CO2 intensity diesel";0,0002682;"Diesel fossil"
2050;"PL";"BAU";"Sensitivity | Current Policies | Vehicle insurance";"tCO2e/kWh";"CO2 intensity diesel";0,0002682;"Diesel fossil"
2050;"PL";"BAU";"Sensitivity | Current policies | Removed diesel efficiency gains";"tCO2e/kWh";"CO2 intensity diesel";0,0002682;"Diesel fossil"
2050;"PL";"BAU";"Sensitivity | Removed policies except for H2 tax reduction";"tCO2e/kWh";"CO2 intensity diesel";0,0002682;"Diesel fossil"
2050;"PL";"BAU";"Sensitivity | Removed policies except for bio/syn fuel mandates";"tCO2e/kWh";"CO2 intensity diesel";0,0002682;"Diesel fossil"
2050;"PL";"BAU";"Sensitivity | Removed policies | Removed diesel efficiency gains";"tCO2e/kWh";"CO2 intensity diesel";0,0002682;"Diesel fossil"
2050;"PL";"PROG";"Current policies";"tCO2e/kWh";"CO2 intensity diesel";0,0002682;"Diesel fossil"
2050;"PL";"PROG";"Removed policies";"tCO2e/kWh";"CO2 intensity diesel";0,0002682;"Diesel fossil"
2050;"PL";"PROG";"Sensitivity | Current Policies | Removed CO2 price";"tCO2e/kWh";"CO2 intensity diesel";0,0002682;"Diesel fossil"
2050;"PL";"PROG";"Sensitivity | Current Policies | Urban depot-only charging";"tCO2e/kWh";"CO2 intensity diesel";0,0002682;"Diesel fossil"
2050;"PL";"PROG";"Sensitivity | Current policies | Removed diesel efficiency gains";"tCO2e/kWh";"CO2 intensity diesel";0,0002682;"Diesel fossil"
2050;"PL";"PROG";"Sensitivity | Removed policies except for H2 tax reduction";"tCO2e/kWh";"CO2 intensity diesel";0,0002682;"Diesel fossil"
2050;"PL";"PROG";"Sensitivity | Removed policies except for bio/syn fuel mandates";"tCO2e/kWh";"CO2 intensity diesel";0,0002682;"Diesel fossil"
2050;"PL";"PROG";"Sensitivity | Removed policies | Removed diesel efficiency gains";"tCO2e/kWh";"CO2 intensity diesel";0,0002682;"Diesel fossil"
2050;"UK";"BAU";"Current policies";"tCO2e/kWh";"CO2 intensity diesel";0,0002682;"Diesel fossil"
2050;"UK";"BAU";"Removed policies";"tCO2e/kWh";"CO2 intensity diesel";0,0002682;"Diesel fossil"
2050;"UK";"BAU";"Sensitivity | Current Policies | Interest rate";"tCO2e/kWh";"CO2 intensity diesel";0,0002682;"Diesel fossil"
2050;"UK";"BAU";"Sensitivity | Current Policies | Removed CO2 price";"tCO2e/kWh";"CO2 intensity diesel";0,0002682;"Diesel fossil"
2050;"UK";"BAU";"Sensitivity | Current Policies | Resale value";"tCO2e/kWh";"CO2 intensity diesel";0,0002682;"Diesel fossil"
2050;"UK";"BAU";"Sensitivity | Current Policies | Urban depot-only charging";"tCO2e/kWh";"CO2 intensity diesel";0,0002682;"Diesel fossil"
2050;"UK";"BAU";"Sensitivity | Current Policies | Vehicle insurance";"tCO2e/kWh";"CO2 intensity diesel";0,0002682;"Diesel fossil"
2050;"UK";"BAU";"Sensitivity | Current policies | Removed diesel efficiency gains";"tCO2e/kWh";"CO2 intensity diesel";0,0002682;"Diesel fossil"
2050;"UK";"BAU";"Sensitivity | Removed policies except for H2 tax reduction";"tCO2e/kWh";"CO2 intensity diesel";0,0002682;"Diesel fossil"
2050;"UK";"BAU";"Sensitivity | Removed policies except for bio/syn fuel mandates";"tCO2e/kWh";"CO2 intensity diesel";0,0002682;"Diesel fossil"
2050;"UK";"BAU";"Sensitivity | Removed policies | Removed diesel efficiency gains";"tCO2e/kWh";"CO2 intensity diesel";0,0002682;"Diesel fossil"
2050;"UK";"PROG";"Current policies";"tCO2e/kWh";"CO2 intensity diesel";0,0002682;"Diesel fossil"
2050;"UK";"PROG";"Removed policies";"tCO2e/kWh";"CO2 intensity diesel";0,0002682;"Diesel fossil"
2050;"UK";"PROG";"Sensitivity | Current Policies | Removed CO2 price";"tCO2e/kWh";"CO2 intensity diesel";0,0002682;"Diesel fossil"
2050;"UK";"PROG";"Sensitivity | Current Policies | Urban depot-only charging";"tCO2e/kWh";"CO2 intensity diesel";0,0002682;"Diesel fossil"
2050;"UK";"PROG";"Sensitivity | Current policies | Removed diesel efficiency gains";"tCO2e/kWh";"CO2 intensity diesel";0,0002682;"Diesel fossil"
2050;"UK";"PROG";"Sensitivity | Removed policies except for H2 tax reduction";"tCO2e/kWh";"CO2 intensity diesel";0,0002682;"Diesel fossil"
2050;"UK";"PROG";"Sensitivity | Removed policies except for bio/syn fuel mandates";"tCO2e/kWh";"CO2 intensity diesel";0,0002682;"Diesel fossil"
2050;"UK";"PROG";"Sensitivity | Removed policies | Removed diesel efficiency gains";"tCO2e/kWh";"CO2 intensity diesel";0,0002682;"Diesel fossil"
2030;"DE";"BAU";"Current policies";"tCO2e/kWh";"CO2 intensity diesel";4,45212e-05;"Diesel bio"
2030;"DE";"BAU";"Removed policies";"tCO2e/kWh";"CO2 intensity diesel";4,45212e-05;"Diesel bio"
2030;"DE";"BAU";"Sensitivity | Current Policies | Interest rate";"tCO2e/kWh";"CO2 intensity diesel";4,45212e-05;"Diesel bio"
2030;"DE";"BAU";"Sensitivity | Current Policies | Removed CO2 price";"tCO2e/kWh";"CO2 intensity diesel";4,45212e-05;"Diesel bio"
2030;"DE";"BAU";"Sensitivity | Current Policies | Resale value";"tCO2e/kWh";"CO2 intensity diesel";4,45212e-05;"Diesel bio"
2030;"DE";"BAU";"Sensitivity | Current Policies | Urban depot-only charging";"tCO2e/kWh";"CO2 intensity diesel";4,45212e-05;"Diesel bio"
2030;"DE";"BAU";"Sensitivity | Current Policies | Vehicle insurance";"tCO2e/kWh";"CO2 intensity diesel";4,45212e-05;"Diesel bio"
2030;"DE";"BAU";"Sensitivity | Current policies | Removed diesel efficiency gains";"tCO2e/kWh";"CO2 intensity diesel";4,45212e-05;"Diesel bio"
2030;"DE";"BAU";"Sensitivity | Removed policies except for H2 tax reduction";"tCO2e/kWh";"CO2 intensity diesel";4,45212e-05;"Diesel bio"
2030;"DE";"BAU";"Sensitivity | Removed policies except for bio/syn fuel mandates";"tCO2e/kWh";"CO2 intensity diesel";4,45212e-05;"Diesel bio"
2030;"DE";"BAU";"Sensitivity | Removed policies | Removed diesel efficiency gains";"tCO2e/kWh";"CO2 intensity diesel";4,45212e-05;"Diesel bio"
2030;"DE";"PROG";"Current policies";"tCO2e/kWh";"CO2 intensity diesel";4,45212e-05;"Diesel bio"
2030;"DE";"PROG";"Removed policies";"tCO2e/kWh";"CO2 intensity diesel";4,45212e-05;"Diesel bio"
2030;"DE";"PROG";"Sensitivity | Current Policies | Removed CO2 price";"tCO2e/kWh";"CO2 intensity diesel";4,45212e-05;"Diesel bio"
2030;"DE";"PROG";"Sensitivity | Current Policies | Urban depot-only charging";"tCO2e/kWh";"CO2 intensity diesel";4,45212e-05;"Diesel bio"
2030;"DE";"PROG";"Sensitivity | Current policies | Removed diesel efficiency gains";"tCO2e/kWh";"CO2 intensity diesel";4,45212e-05;"Diesel bio"
2030;"DE";"PROG";"Sensitivity | Removed policies except for H2 tax reduction";"tCO2e/kWh";"CO2 intensity diesel";4,45212e-05;"Diesel bio"
2030;"DE";"PROG";"Sensitivity | Removed policies except for bio/syn fuel mandates";"tCO2e/kWh";"CO2 intensity diesel";4,45212e-05;"Diesel bio"
2030;"DE";"PROG";"Sensitivity | Removed policies | Removed diesel efficiency gains";"tCO2e/kWh";"CO2 intensity diesel";4,45212e-05;"Diesel bio"
2030;"ES";"BAU";"Current policies";"tCO2e/kWh";"CO2 intensity diesel";4,45212e-05;"Diesel bio"
2030;"ES";"BAU";"Removed policies";"tCO2e/kWh";"CO2 intensity diesel";4,45212e-05;"Diesel bio"
2030;"ES";"BAU";"Sensitivity | Current Policies | Interest rate";"tCO2e/kWh";"CO2 intensity diesel";4,45212e-05;"Diesel bio"
2030;"ES";"BAU";"Sensitivity | Current Policies | Removed CO2 price";"tCO2e/kWh";"CO2 intensity diesel";4,45212e-05;"Diesel bio"
2030;"ES";"BAU";"Sensitivity | Current Policies | Resale value";"tCO2e/kWh";"CO2 intensity diesel";4,45212e-05;"Diesel bio"
2030;"ES";"BAU";"Sensitivity | Current Policies | Urban depot-only charging";"tCO2e/kWh";"CO2 intensity diesel";4,45212e-05;"Diesel bio"
2030;"ES";"BAU";"Sensitivity | Current Policies | Vehicle insurance";"tCO2e/kWh";"CO2 intensity diesel";4,45212e-05;"Diesel bio"
2030;"ES";"BAU";"Sensitivity | Current policies | Removed diesel efficiency gains";"tCO2e/kWh";"CO2 intensity diesel";4,45212e-05;"Diesel bio"
2030;"ES";"BAU";"Sensitivity | Removed policies except for H2 tax reduction";"tCO2e/kWh";"CO2 intensity diesel";4,45212e-05;"Diesel bio"
2030;"ES";"BAU";"Sensitivity | Removed policies except for bio/syn fuel mandates";"tCO2e/kWh";"CO2 intensity diesel";4,45212e-05;"Diesel bio"
2030;"ES";"BAU";"Sensitivity | Removed policies | Removed diesel efficiency gains";"tCO2e/kWh";"CO2 intensity diesel";4,45212e-05;"Diesel bio"
2030;"ES";"PROG";"Current policies";"tCO2e/kWh";"CO2 intensity diesel";4,45212e-05;"Diesel bio"
2030;"ES";"PROG";"Removed policies";"tCO2e/kWh";"CO2 intensity diesel";4,45212e-05;"Diesel bio"
2030;"ES";"PROG";"Sensitivity | Current Policies | Removed CO2 price";"tCO2e/kWh";"CO2 intensity diesel";4,45212e-05;"Diesel bio"
2030;"ES";"PROG";"Sensitivity | Current Policies | Urban depot-only charging";"tCO2e/kWh";"CO2 intensity diesel";4,45212e-05;"Diesel bio"
2030;"ES";"PROG";"Sensitivity | Current policies | Removed diesel efficiency gains";"tCO2e/kWh";"CO2 intensity diesel";4,45212e-05;"Diesel bio"
2030;"ES";"PROG";"Sensitivity | Removed policies except for H2 tax reduction";"tCO2e/kWh";"CO2 intensity diesel";4,45212e-05;"Diesel bio"
2030;"ES";"PROG";"Sensitivity | Removed policies except for bio/syn fuel mandates";"tCO2e/kWh";"CO2 intensity diesel";4,45212e-05;"Diesel bio"
2030;"ES";"PROG";"Sensitivity | Removed policies | Removed diesel efficiency gains";"tCO2e/kWh";"CO2 intensity diesel";4,45212e-05;"Diesel bio"
2030;"FR";"BAU";"Current policies";"tCO2e/kWh";"CO2 intensity diesel";4,45212e-05;"Diesel bio"
2030;"FR";"BAU";"Removed policies";"tCO2e/kWh";"CO2 intensity diesel";4,45212e-05;"Diesel bio"
2030;"FR";"BAU";"Sensitivity | Current Policies | Interest rate";"tCO2e/kWh";"CO2 intensity diesel";4,45212e-05;"Diesel bio"
2030;"FR";"BAU";"Sensitivity | Current Policies | Removed CO2 price";"tCO2e/kWh";"CO2 intensity diesel";4,45212e-05;"Diesel bio"
2030;"FR";"BAU";"Sensitivity | Current Policies | Resale value";"tCO2e/kWh";"CO2 intensity diesel";4,45212e-05;"Diesel bio"
2030;"FR";"BAU";"Sensitivity | Current Policies | Urban depot-only charging";"tCO2e/kWh";"CO2 intensity diesel";4,45212e-05;"Diesel bio"
2030;"FR";"BAU";"Sensitivity | Current Policies | Vehicle insurance";"tCO2e/kWh";"CO2 intensity diesel";4,45212e-05;"Diesel bio"
2030;"FR";"BAU";"Sensitivity | Current policies | Removed diesel efficiency gains";"tCO2e/kWh";"CO2 intensity diesel";4,45212e-05;"Diesel bio"
2030;"FR";"BAU";"Sensitivity | Removed policies except for H2 tax reduction";"tCO2e/kWh";"CO2 intensity diesel";4,45212e-05;"Diesel bio"
2030;"FR";"BAU";"Sensitivity | Removed policies except for bio/syn fuel mandates";"tCO2e/kWh";"CO2 intensity diesel";4,45212e-05;"Diesel bio"
2030;"FR";"BAU";"Sensitivity | Removed policies | Removed diesel efficiency gains";"tCO2e/kWh";"CO2 intensity diesel";4,45212e-05;"Diesel bio"
2030;"FR";"PROG";"Current policies";"tCO2e/kWh";"CO2 intensity diesel";4,45212e-05;"Diesel bio"
2030;"FR";"PROG";"Removed policies";"tCO2e/kWh";"CO2 intensity diesel";4,45212e-05;"Diesel bio"
2030;"FR";"PROG";"Sensitivity | Current Policies | Removed CO2 price";"tCO2e/kWh";"CO2 intensity diesel";4,45212e-05;"Diesel bio"
2030;"FR";"PROG";"Sensitivity | Current Policies | Urban depot-only charging";"tCO2e/kWh";"CO2 intensity diesel";4,45212e-05;"Diesel bio"
2030;"FR";"PROG";"Sensitivity | Current policies | Removed diesel efficiency gains";"tCO2e/kWh";"CO2 intensity diesel";4,45212e-05;"Diesel bio"
2030;"FR";"PROG";"Sensitivity | Removed policies except for H2 tax reduction";"tCO2e/kWh";"CO2 intensity diesel";4,45212e-05;"Diesel bio"
2030;"FR";"PROG";"Sensitivity | Removed policies except for bio/syn fuel mandates";"tCO2e/kWh";"CO2 intensity diesel";4,45212e-05;"Diesel bio"
2030;"FR";"PROG";"Sensitivity | Removed policies | Removed diesel efficiency gains";"tCO2e/kWh";"CO2 intensity diesel";4,45212e-05;"Diesel bio"
2030;"IT";"BAU";"Current policies";"tCO2e/kWh";"CO2 intensity diesel";4,45212e-05;"Diesel bio"
2030;"IT";"BAU";"Removed policies";"tCO2e/kWh";"CO2 intensity diesel";4,45212e-05;"Diesel bio"
2030;"IT";"BAU";"Sensitivity | Current Policies | Interest rate";"tCO2e/kWh";"CO2 intensity diesel";4,45212e-05;"Diesel bio"
2030;"IT";"BAU";"Sensitivity | Current Policies | Removed CO2 price";"tCO2e/kWh";"CO2 intensity diesel";4,45212e-05;"Diesel bio"
2030;"IT";"BAU";"Sensitivity | Current Policies | Resale value";"tCO2e/kWh";"CO2 intensity diesel";4,45212e-05;"Diesel bio"
2030;"IT";"BAU";"Sensitivity | Current Policies | Urban depot-only charging";"tCO2e/kWh";"CO2 intensity diesel";4,45212e-05;"Diesel bio"
2030;"IT";"BAU";"Sensitivity | Current Policies | Vehicle insurance";"tCO2e/kWh";"CO2 intensity diesel";4,45212e-05;"Diesel bio"
2030;"IT";"BAU";"Sensitivity | Current policies | Removed diesel efficiency gains";"tCO2e/kWh";"CO2 intensity diesel";4,45212e-05;"Diesel bio"
2030;"IT";"BAU";"Sensitivity | Removed policies except for H2 tax reduction";"tCO2e/kWh";"CO2 intensity diesel";4,45212e-05;"Diesel bio"
2030;"IT";"BAU";"Sensitivity | Removed policies except for bio/syn fuel mandates";"tCO2e/kWh";"CO2 intensity diesel";4,45212e-05;"Diesel bio"
2030;"IT";"BAU";"Sensitivity | Removed policies | Removed diesel efficiency gains";"tCO2e/kWh";"CO2 intensity diesel";4,45212e-05;"Diesel bio"
2030;"IT";"PROG";"Current policies";"tCO2e/kWh";"CO2 intensity diesel";4,45212e-05;"Diesel bio"
2030;"IT";"PROG";"Removed policies";"tCO2e/kWh";"CO2 intensity diesel";4,45212e-05;"Diesel bio"
2030;"IT";"PROG";"Sensitivity | Current Policies | Removed CO2 price";"tCO2e/kWh";"CO2 intensity diesel";4,45212e-05;"Diesel bio"
2030;"IT";"PROG";"Sensitivity | Current Policies | Urban depot-only charging";"tCO2e/kWh";"CO2 intensity diesel";4,45212e-05;"Diesel bio"
2030;"IT";"PROG";"Sensitivity | Current policies | Removed diesel efficiency gains";"tCO2e/kWh";"CO2 intensity diesel";4,45212e-05;"Diesel bio"
2030;"IT";"PROG";"Sensitivity | Removed policies except for H2 tax reduction";"tCO2e/kWh";"CO2 intensity diesel";4,45212e-05;"Diesel bio"
2030;"IT";"PROG";"Sensitivity | Removed policies except for bio/syn fuel mandates";"tCO2e/kWh";"CO2 intensity diesel";4,45212e-05;"Diesel bio"
2030;"IT";"PROG";"Sensitivity | Removed policies | Removed diesel efficiency gains";"tCO2e/kWh";"CO2 intensity diesel";4,45212e-05;"Diesel bio"
2030;"NL";"BAU";"Current policies";"tCO2e/kWh";"CO2 intensity diesel";4,45212e-05;"Diesel bio"
2030;"NL";"BAU";"Removed policies";"tCO2e/kWh";"CO2 intensity diesel";4,45212e-05;"Diesel bio"
2030;"NL";"BAU";"Sensitivity | Current Policies | Interest rate";"tCO2e/kWh";"CO2 intensity diesel";4,45212e-05;"Diesel bio"
2030;"NL";"BAU";"Sensitivity | Current Policies | Removed CO2 price";"tCO2e/kWh";"CO2 intensity diesel";4,45212e-05;"Diesel bio"
2030;"NL";"BAU";"Sensitivity | Current Policies | Resale value";"tCO2e/kWh";"CO2 intensity diesel";4,45212e-05;"Diesel bio"
2030;"NL";"BAU";"Sensitivity | Current Policies | Urban depot-only charging";"tCO2e/kWh";"CO2 intensity diesel";4,45212e-05;"Diesel bio"
2030;"NL";"BAU";"Sensitivity | Current Policies | Vehicle insurance";"tCO2e/kWh";"CO2 intensity diesel";4,45212e-05;"Diesel bio"
2030;"NL";"BAU";"Sensitivity | Current policies | Removed diesel efficiency gains";"tCO2e/kWh";"CO2 intensity diesel";4,45212e-05;"Diesel bio"
2030;"NL";"BAU";"Sensitivity | Removed policies except for H2 tax reduction";"tCO2e/kWh";"CO2 intensity diesel";4,45212e-05;"Diesel bio"
2030;"NL";"BAU";"Sensitivity | Removed policies except for bio/syn fuel mandates";"tCO2e/kWh";"CO2 intensity diesel";4,45212e-05;"Diesel bio"
2030;"NL";"BAU";"Sensitivity | Removed policies | Removed diesel efficiency gains";"tCO2e/kWh";"CO2 intensity diesel";4,45212e-05;"Diesel bio"
2030;"NL";"PROG";"Current policies";"tCO2e/kWh";"CO2 intensity diesel";4,45212e-05;"Diesel bio"
2030;"NL";"PROG";"Removed policies";"tCO2e/kWh";"CO2 intensity diesel";4,45212e-05;"Diesel bio"
2030;"NL";"PROG";"Sensitivity | Current Policies | Removed CO2 price";"tCO2e/kWh";"CO2 intensity diesel";4,45212e-05;"Diesel bio"
2030;"NL";"PROG";"Sensitivity | Current Policies | Urban depot-only charging";"tCO2e/kWh";"CO2 intensity diesel";4,45212e-05;"Diesel bio"
2030;"NL";"PROG";"Sensitivity | Current policies | Removed diesel efficiency gains";"tCO2e/kWh";"CO2 intensity diesel";4,45212e-05;"Diesel bio"
2030;"NL";"PROG";"Sensitivity | Removed policies except for H2 tax reduction";"tCO2e/kWh";"CO2 intensity diesel";4,45212e-05;"Diesel bio"
2030;"NL";"PROG";"Sensitivity | Removed policies except for bio/syn fuel mandates";"tCO2e/kWh";"CO2 intensity diesel";4,45212e-05;"Diesel bio"
2030;"NL";"PROG";"Sensitivity | Removed policies | Removed diesel efficiency gains";"tCO2e/kWh";"CO2 intensity diesel";4,45212e-05;"Diesel bio"
2030;"PL";"BAU";"Current policies";"tCO2e/kWh";"CO2 intensity diesel";4,45212e-05;"Diesel bio"
2030;"PL";"BAU";"Removed policies";"tCO2e/kWh";"CO2 intensity diesel";4,45212e-05;"Diesel bio"
2030;"PL";"BAU";"Sensitivity | Current Policies | Interest rate";"tCO2e/kWh";"CO2 intensity diesel";4,45212e-05;"Diesel bio"
2030;"PL";"BAU";"Sensitivity | Current Policies | Removed CO2 price";"tCO2e/kWh";"CO2 intensity diesel";4,45212e-05;"Diesel bio"
2030;"PL";"BAU";"Sensitivity | Current Policies | Resale value";"tCO2e/kWh";"CO2 intensity diesel";4,45212e-05;"Diesel bio"
2030;"PL";"BAU";"Sensitivity | Current Policies | Urban depot-only charging";"tCO2e/kWh";"CO2 intensity diesel";4,45212e-05;"Diesel bio"
2030;"PL";"BAU";"Sensitivity | Current Policies | Vehicle insurance";"tCO2e/kWh";"CO2 intensity diesel";4,45212e-05;"Diesel bio"
2030;"PL";"BAU";"Sensitivity | Current policies | Removed diesel efficiency gains";"tCO2e/kWh";"CO2 intensity diesel";4,45212e-05;"Diesel bio"
2030;"PL";"BAU";"Sensitivity | Removed policies except for H2 tax reduction";"tCO2e/kWh";"CO2 intensity diesel";4,45212e-05;"Diesel bio"
2030;"PL";"BAU";"Sensitivity | Removed policies except for bio/syn fuel mandates";"tCO2e/kWh";"CO2 intensity diesel";4,45212e-05;"Diesel bio"
2030;"PL";"BAU";"Sensitivity | Removed policies | Removed diesel efficiency gains";"tCO2e/kWh";"CO2 intensity diesel";4,45212e-05;"Diesel bio"
2030;"PL";"PROG";"Current policies";"tCO2e/kWh";"CO2 intensity diesel";4,45212e-05;"Diesel bio"
2030;"PL";"PROG";"Removed policies";"tCO2e/kWh";"CO2 intensity diesel";4,45212e-05;"Diesel bio"
2030;"PL";"PROG";"Sensitivity | Current Policies | Removed CO2 price";"tCO2e/kWh";"CO2 intensity diesel";4,45212e-05;"Diesel bio"
2030;"PL";"PROG";"Sensitivity | Current Policies | Urban depot-only charging";"tCO2e/kWh";"CO2 intensity diesel";4,45212e-05;"Diesel bio"
2030;"PL";"PROG";"Sensitivity | Current policies | Removed diesel efficiency gains";"tCO2e/kWh";"CO2 intensity diesel";4,45212e-05;"Diesel bio"
2030;"PL";"PROG";"Sensitivity | Removed policies except for H2 tax reduction";"tCO2e/kWh";"CO2 intensity diesel";4,45212e-05;"Diesel bio"
2030;"PL";"PROG";"Sensitivity | Removed policies except for bio/syn fuel mandates";"tCO2e/kWh";"CO2 intensity diesel";4,45212e-05;"Diesel bio"
2030;"PL";"PROG";"Sensitivity | Removed policies | Removed diesel efficiency gains";"tCO2e/kWh";"CO2 intensity diesel";4,45212e-05;"Diesel bio"
2030;"UK";"BAU";"Current policies";"tCO2e/kWh";"CO2 intensity diesel";4,45212e-05;"Diesel bio"
2030;"UK";"BAU";"Removed policies";"tCO2e/kWh";"CO2 intensity diesel";4,45212e-05;"Diesel bio"
2030;"UK";"BAU";"Sensitivity | Current Policies | Interest rate";"tCO2e/kWh";"CO2 intensity diesel";4,45212e-05;"Diesel bio"
2030;"UK";"BAU";"Sensitivity | Current Policies | Removed CO2 price";"tCO2e/kWh";"CO2 intensity diesel";4,45212e-05;"Diesel bio"
2030;"UK";"BAU";"Sensitivity | Current Policies | Resale value";"tCO2e/kWh";"CO2 intensity diesel";4,45212e-05;"Diesel bio"
2030;"UK";"BAU";"Sensitivity | Current Policies | Urban depot-only charging";"tCO2e/kWh";"CO2 intensity diesel";4,45212e-05;"Diesel bio"
2030;"UK";"BAU";"Sensitivity | Current Policies | Vehicle insurance";"tCO2e/kWh";"CO2 intensity diesel";4,45212e-05;"Diesel bio"
2030;"UK";"BAU";"Sensitivity | Current policies | Removed diesel efficiency gains";"tCO2e/kWh";"CO2 intensity diesel";4,45212e-05;"Diesel bio"
2030;"UK";"BAU";"Sensitivity | Removed policies except for H2 tax reduction";"tCO2e/kWh";"CO2 intensity diesel";4,45212e-05;"Diesel bio"
2030;"UK";"BAU";"Sensitivity | Removed policies except for bio/syn fuel mandates";"tCO2e/kWh";"CO2 intensity diesel";4,45212e-05;"Diesel bio"
2030;"UK";"BAU";"Sensitivity | Removed policies | Removed diesel efficiency gains";"tCO2e/kWh";"CO2 intensity diesel";4,45212e-05;"Diesel bio"
2030;"UK";"PROG";"Current policies";"tCO2e/kWh";"CO2 intensity diesel";4,45212e-05;"Diesel bio"
2030;"UK";"PROG";"Removed policies";"tCO2e/kWh";"CO2 intensity diesel";4,45212e-05;"Diesel bio"
2030;"UK";"PROG";"Sensitivity | Current Policies | Removed CO2 price";"tCO2e/kWh";"CO2 intensity diesel";4,45212e-05;"Diesel bio"
2030;"UK";"PROG";"Sensitivity | Current Policies | Urban depot-only charging";"tCO2e/kWh";"CO2 intensity diesel";4,45212e-05;"Diesel bio"
2030;"UK";"PROG";"Sensitivity | Current policies | Removed diesel efficiency gains";"tCO2e/kWh";"CO2 intensity diesel";4,45212e-05;"Diesel bio"
2030;"UK";"PROG";"Sensitivity | Removed policies except for H2 tax reduction";"tCO2e/kWh";"CO2 intensity diesel";4,45212e-05;"Diesel bio"
2030;"UK";"PROG";"Sensitivity | Removed policies except for bio/syn fuel mandates";"tCO2e/kWh";"CO2 intensity diesel";4,45212e-05;"Diesel bio"
2030;"UK";"PROG";"Sensitivity | Removed policies | Removed diesel efficiency gains";"tCO2e/kWh";"CO2 intensity diesel";4,45212e-05;"Diesel bio"
2035;"DE";"BAU";"Current policies";"tCO2e/kWh";"CO2 intensity diesel";4,31802e-05;"Diesel bio"
2035;"DE";"BAU";"Removed policies";"tCO2e/kWh";"CO2 intensity diesel";4,31802e-05;"Diesel bio"
2035;"DE";"BAU";"Sensitivity | Current Policies | Interest rate";"tCO2e/kWh";"CO2 intensity diesel";4,31802e-05;"Diesel bio"
2035;"DE";"BAU";"Sensitivity | Current Policies | Removed CO2 price";"tCO2e/kWh";"CO2 intensity diesel";4,31802e-05;"Diesel bio"
2035;"DE";"BAU";"Sensitivity | Current Policies | Resale value";"tCO2e/kWh";"CO2 intensity diesel";4,31802e-05;"Diesel bio"
2035;"DE";"BAU";"Sensitivity | Current Policies | Urban depot-only charging";"tCO2e/kWh";"CO2 intensity diesel";4,31802e-05;"Diesel bio"
2035;"DE";"BAU";"Sensitivity | Current Policies | Vehicle insurance";"tCO2e/kWh";"CO2 intensity diesel";4,31802e-05;"Diesel bio"
2035;"DE";"BAU";"Sensitivity | Current policies | Removed diesel efficiency gains";"tCO2e/kWh";"CO2 intensity diesel";4,31802e-05;"Diesel bio"
2035;"DE";"BAU";"Sensitivity | Removed policies except for H2 tax reduction";"tCO2e/kWh";"CO2 intensity diesel";4,31802e-05;"Diesel bio"
2035;"DE";"BAU";"Sensitivity | Removed policies except for bio/syn fuel mandates";"tCO2e/kWh";"CO2 intensity diesel";4,31802e-05;"Diesel bio"
2035;"DE";"BAU";"Sensitivity | Removed policies | Removed diesel efficiency gains";"tCO2e/kWh";"CO2 intensity diesel";4,31802e-05;"Diesel bio"
2035;"DE";"PROG";"Current policies";"tCO2e/kWh";"CO2 intensity diesel";4,31802e-05;"Diesel bio"
2035;"DE";"PROG";"Removed policies";"tCO2e/kWh";"CO2 intensity diesel";4,31802e-05;"Diesel bio"
2035;"DE";"PROG";"Sensitivity | Current Policies | Removed CO2 price";"tCO2e/kWh";"CO2 intensity diesel";4,31802e-05;"Diesel bio"
2035;"DE";"PROG";"Sensitivity | Current Policies | Urban depot-only charging";"tCO2e/kWh";"CO2 intensity diesel";4,31802e-05;"Diesel bio"
2035;"DE";"PROG";"Sensitivity | Current policies | Removed diesel efficiency gains";"tCO2e/kWh";"CO2 intensity diesel";4,31802e-05;"Diesel bio"
2035;"DE";"PROG";"Sensitivity | Removed policies except for H2 tax reduction";"tCO2e/kWh";"CO2 intensity diesel";4,31802e-05;"Diesel bio"
2035;"DE";"PROG";"Sensitivity | Removed policies except for bio/syn fuel mandates";"tCO2e/kWh";"CO2 intensity diesel";4,31802e-05;"Diesel bio"
2035;"DE";"PROG";"Sensitivity | Removed policies | Removed diesel efficiency gains";"tCO2e/kWh";"CO2 intensity diesel";4,31802e-05;"Diesel bio"
2035;"ES";"BAU";"Current policies";"tCO2e/kWh";"CO2 intensity diesel";4,31802e-05;"Diesel bio"
2035;"ES";"BAU";"Removed policies";"tCO2e/kWh";"CO2 intensity diesel";4,31802e-05;"Diesel bio"
2035;"ES";"BAU";"Sensitivity | Current Policies | Interest rate";"tCO2e/kWh";"CO2 intensity diesel";4,31802e-05;"Diesel bio"
2035;"ES";"BAU";"Sensitivity | Current Policies | Removed CO2 price";"tCO2e/kWh";"CO2 intensity diesel";4,31802e-05;"Diesel bio"
2035;"ES";"BAU";"Sensitivity | Current Policies | Resale value";"tCO2e/kWh";"CO2 intensity diesel";4,31802e-05;"Diesel bio"
2035;"ES";"BAU";"Sensitivity | Current Policies | Urban depot-only charging";"tCO2e/kWh";"CO2 intensity diesel";4,31802e-05;"Diesel bio"
2035;"ES";"BAU";"Sensitivity | Current Policies | Vehicle insurance";"tCO2e/kWh";"CO2 intensity diesel";4,31802e-05;"Diesel bio"
2035;"ES";"BAU";"Sensitivity | Current policies | Removed diesel efficiency gains";"tCO2e/kWh";"CO2 intensity diesel";4,31802e-05;"Diesel bio"
2035;"ES";"BAU";"Sensitivity | Removed policies except for H2 tax reduction";"tCO2e/kWh";"CO2 intensity diesel";4,31802e-05;"Diesel bio"
2035;"ES";"BAU";"Sensitivity | Removed policies except for bio/syn fuel mandates";"tCO2e/kWh";"CO2 intensity diesel";4,31802e-05;"Diesel bio"
2035;"ES";"BAU";"Sensitivity | Removed policies | Removed diesel efficiency gains";"tCO2e/kWh";"CO2 intensity diesel";4,31802e-05;"Diesel bio"
2035;"ES";"PROG";"Current policies";"tCO2e/kWh";"CO2 intensity diesel";4,31802e-05;"Diesel bio"
2035;"ES";"PROG";"Removed policies";"tCO2e/kWh";"CO2 intensity diesel";4,31802e-05;"Diesel bio"
2035;"ES";"PROG";"Sensitivity | Current Policies | Removed CO2 price";"tCO2e/kWh";"CO2 intensity diesel";4,31802e-05;"Diesel bio"
2035;"ES";"PROG";"Sensitivity | Current Policies | Urban depot-only charging";"tCO2e/kWh";"CO2 intensity diesel";4,31802e-05;"Diesel bio"
2035;"ES";"PROG";"Sensitivity | Current policies | Removed diesel efficiency gains";"tCO2e/kWh";"CO2 intensity diesel";4,31802e-05;"Diesel bio"
2035;"ES";"PROG";"Sensitivity | Removed policies except for H2 tax reduction";"tCO2e/kWh";"CO2 intensity diesel";4,31802e-05;"Diesel bio"
2035;"ES";"PROG";"Sensitivity | Removed policies except for bio/syn fuel mandates";"tCO2e/kWh";"CO2 intensity diesel";4,31802e-05;"Diesel bio"
2035;"ES";"PROG";"Sensitivity | Removed policies | Removed diesel efficiency gains";"tCO2e/kWh";"CO2 intensity diesel";4,31802e-05;"Diesel bio"
2035;"FR";"BAU";"Current policies";"tCO2e/kWh";"CO2 intensity diesel";4,31802e-05;"Diesel bio"
2035;"FR";"BAU";"Removed policies";"tCO2e/kWh";"CO2 intensity diesel";4,31802e-05;"Diesel bio"
2035;"FR";"BAU";"Sensitivity | Current Policies | Interest rate";"tCO2e/kWh";"CO2 intensity diesel";4,31802e-05;"Diesel bio"
2035;"FR";"BAU";"Sensitivity | Current Policies | Removed CO2 price";"tCO2e/kWh";"CO2 intensity diesel";4,31802e-05;"Diesel bio"
2035;"FR";"BAU";"Sensitivity | Current Policies | Resale value";"tCO2e/kWh";"CO2 intensity diesel";4,31802e-05;"Diesel bio"
2035;"FR";"BAU";"Sensitivity | Current Policies | Urban depot-only charging";"tCO2e/kWh";"CO2 intensity diesel";4,31802e-05;"Diesel bio"
2035;"FR";"BAU";"Sensitivity | Current Policies | Vehicle insurance";"tCO2e/kWh";"CO2 intensity diesel";4,31802e-05;"Diesel bio"
2035;"FR";"BAU";"Sensitivity | Current policies | Removed diesel efficiency gains";"tCO2e/kWh";"CO2 intensity diesel";4,31802e-05;"Diesel bio"
2035;"FR";"BAU";"Sensitivity | Removed policies except for H2 tax reduction";"tCO2e/kWh";"CO2 intensity diesel";4,31802e-05;"Diesel bio"
2035;"FR";"BAU";"Sensitivity | Removed policies except for bio/syn fuel mandates";"tCO2e/kWh";"CO2 intensity diesel";4,31802e-05;"Diesel bio"
2035;"FR";"BAU";"Sensitivity | Removed policies | Removed diesel efficiency gains";"tCO2e/kWh";"CO2 intensity diesel";4,31802e-05;"Diesel bio"
2035;"FR";"PROG";"Current policies";"tCO2e/kWh";"CO2 intensity diesel";4,31802e-05;"Diesel bio"
2035;"FR";"PROG";"Removed policies";"tCO2e/kWh";"CO2 intensity diesel";4,31802e-05;"Diesel bio"
2035;"FR";"PROG";"Sensitivity | Current Policies | Removed CO2 price";"tCO2e/kWh";"CO2 intensity diesel";4,31802e-05;"Diesel bio"
2035;"FR";"PROG";"Sensitivity | Current Policies | Urban depot-only charging";"tCO2e/kWh";"CO2 intensity diesel";4,31802e-05;"Diesel bio"
2035;"FR";"PROG";"Sensitivity | Current policies | Removed diesel efficiency gains";"tCO2e/kWh";"CO2 intensity diesel";4,31802e-05;"Diesel bio"
2035;"FR";"PROG";"Sensitivity | Removed policies except for H2 tax reduction";"tCO2e/kWh";"CO2 intensity diesel";4,31802e-05;"Diesel bio"
2035;"FR";"PROG";"Sensitivity | Removed policies except for bio/syn fuel mandates";"tCO2e/kWh";"CO2 intensity diesel";4,31802e-05;"Diesel bio"
2035;"FR";"PROG";"Sensitivity | Removed policies | Removed diesel efficiency gains";"tCO2e/kWh";"CO2 intensity diesel";4,31802e-05;"Diesel bio"
2035;"IT";"BAU";"Current policies";"tCO2e/kWh";"CO2 intensity diesel";4,31802e-05;"Diesel bio"
2035;"IT";"BAU";"Removed policies";"tCO2e/kWh";"CO2 intensity diesel";4,31802e-05;"Diesel bio"
2035;"IT";"BAU";"Sensitivity | Current Policies | Interest rate";"tCO2e/kWh";"CO2 intensity diesel";4,31802e-05;"Diesel bio"
2035;"IT";"BAU";"Sensitivity | Current Policies | Removed CO2 price";"tCO2e/kWh";"CO2 intensity diesel";4,31802e-05;"Diesel bio"
2035;"IT";"BAU";"Sensitivity | Current Policies | Resale value";"tCO2e/kWh";"CO2 intensity diesel";4,31802e-05;"Diesel bio"
2035;"IT";"BAU";"Sensitivity | Current Policies | Urban depot-only charging";"tCO2e/kWh";"CO2 intensity diesel";4,31802e-05;"Diesel bio"
2035;"IT";"BAU";"Sensitivity | Current Policies | Vehicle insurance";"tCO2e/kWh";"CO2 intensity diesel";4,31802e-05;"Diesel bio"
2035;"IT";"BAU";"Sensitivity | Current policies | Removed diesel efficiency gains";"tCO2e/kWh";"CO2 intensity diesel";4,31802e-05;"Diesel bio"
2035;"IT";"BAU";"Sensitivity | Removed policies except for H2 tax reduction";"tCO2e/kWh";"CO2 intensity diesel";4,31802e-05;"Diesel bio"
2035;"IT";"BAU";"Sensitivity | Removed policies except for bio/syn fuel mandates";"tCO2e/kWh";"CO2 intensity diesel";4,31802e-05;"Diesel bio"
2035;"IT";"BAU";"Sensitivity | Removed policies | Removed diesel efficiency gains";"tCO2e/kWh";"CO2 intensity diesel";4,31802e-05;"Diesel bio"
2035;"IT";"PROG";"Current policies";"tCO2e/kWh";"CO2 intensity diesel";4,31802e-05;"Diesel bio"
2035;"IT";"PROG";"Removed policies";"tCO2e/kWh";"CO2 intensity diesel";4,31802e-05;"Diesel bio"
2035;"IT";"PROG";"Sensitivity | Current Policies | Removed CO2 price";"tCO2e/kWh";"CO2 intensity diesel";4,31802e-05;"Diesel bio"
2035;"IT";"PROG";"Sensitivity | Current Policies | Urban depot-only charging";"tCO2e/kWh";"CO2 intensity diesel";4,31802e-05;"Diesel bio"
2035;"IT";"PROG";"Sensitivity | Current policies | Removed diesel efficiency gains";"tCO2e/kWh";"CO2 intensity diesel";4,31802e-05;"Diesel bio"
2035;"IT";"PROG";"Sensitivity | Removed policies except for H2 tax reduction";"tCO2e/kWh";"CO2 intensity diesel";4,31802e-05;"Diesel bio"
2035;"IT";"PROG";"Sensitivity | Removed policies except for bio/syn fuel mandates";"tCO2e/kWh";"CO2 intensity diesel";4,31802e-05;"Diesel bio"
2035;"IT";"PROG";"Sensitivity | Removed policies | Removed diesel efficiency gains";"tCO2e/kWh";"CO2 intensity diesel";4,31802e-05;"Diesel bio"
2035;"NL";"BAU";"Current policies";"tCO2e/kWh";"CO2 intensity diesel";4,31802e-05;"Diesel bio"
2035;"NL";"BAU";"Removed policies";"tCO2e/kWh";"CO2 intensity diesel";4,31802e-05;"Diesel bio"
2035;"NL";"BAU";"Sensitivity | Current Policies | Interest rate";"tCO2e/kWh";"CO2 intensity diesel";4,31802e-05;"Diesel bio"
2035;"NL";"BAU";"Sensitivity | Current Policies | Removed CO2 price";"tCO2e/kWh";"CO2 intensity diesel";4,31802e-05;"Diesel bio"
2035;"NL";"BAU";"Sensitivity | Current Policies | Resale value";"tCO2e/kWh";"CO2 intensity diesel";4,31802e-05;"Diesel bio"
2035;"NL";"BAU";"Sensitivity | Current Policies | Urban depot-only charging";"tCO2e/kWh";"CO2 intensity diesel";4,31802e-05;"Diesel bio"
2035;"NL";"BAU";"Sensitivity | Current Policies | Vehicle insurance";"tCO2e/kWh";"CO2 intensity diesel";4,31802e-05;"Diesel bio"
2035;"NL";"BAU";"Sensitivity | Current policies | Removed diesel efficiency gains";"tCO2e/kWh";"CO2 intensity diesel";4,31802e-05;"Diesel bio"
2035;"NL";"BAU";"Sensitivity | Removed policies except for H2 tax reduction";"tCO2e/kWh";"CO2 intensity diesel";4,31802e-05;"Diesel bio"
2035;"NL";"BAU";"Sensitivity | Removed policies except for bio/syn fuel mandates";"tCO2e/kWh";"CO2 intensity diesel";4,31802e-05;"Diesel bio"
2035;"NL";"BAU";"Sensitivity | Removed policies | Removed diesel efficiency gains";"tCO2e/kWh";"CO2 intensity diesel";4,31802e-05;"Diesel bio"
2035;"NL";"PROG";"Current policies";"tCO2e/kWh";"CO2 intensity diesel";4,31802e-05;"Diesel bio"
2035;"NL";"PROG";"Removed policies";"tCO2e/kWh";"CO2 intensity diesel";4,31802e-05;"Diesel bio"
2035;"NL";"PROG";"Sensitivity | Current Policies | Removed CO2 price";"tCO2e/kWh";"CO2 intensity diesel";4,31802e-05;"Diesel bio"
2035;"NL";"PROG";"Sensitivity | Current Policies | Urban depot-only charging";"tCO2e/kWh";"CO2 intensity diesel";4,31802e-05;"Diesel bio"
2035;"NL";"PROG";"Sensitivity | Current policies | Removed diesel efficiency gains";"tCO2e/kWh";"CO2 intensity diesel";4,31802e-05;"Diesel bio"
2035;"NL";"PROG";"Sensitivity | Removed policies except for H2 tax reduction";"tCO2e/kWh";"CO2 intensity diesel";4,31802e-05;"Diesel bio"
2035;"NL";"PROG";"Sensitivity | Removed policies except for bio/syn fuel mandates";"tCO2e/kWh";"CO2 intensity diesel";4,31802e-05;"Diesel bio"
2035;"NL";"PROG";"Sensitivity | Removed policies | Removed diesel efficiency gains";"tCO2e/kWh";"CO2 intensity diesel";4,31802e-05;"Diesel bio"
2035;"PL";"BAU";"Current policies";"tCO2e/kWh";"CO2 intensity diesel";4,31802e-05;"Diesel bio"
2035;"PL";"BAU";"Removed policies";"tCO2e/kWh";"CO2 intensity diesel";4,31802e-05;"Diesel bio"
2035;"PL";"BAU";"Sensitivity | Current Policies | Interest rate";"tCO2e/kWh";"CO2 intensity diesel";4,31802e-05;"Diesel bio"
2035;"PL";"BAU";"Sensitivity | Current Policies | Removed CO2 price";"tCO2e/kWh";"CO2 intensity diesel";4,31802e-05;"Diesel bio"
2035;"PL";"BAU";"Sensitivity | Current Policies | Resale value";"tCO2e/kWh";"CO2 intensity diesel";4,31802e-05;"Diesel bio"
2035;"PL";"BAU";"Sensitivity | Current Policies | Urban depot-only charging";"tCO2e/kWh";"CO2 intensity diesel";4,31802e-05;"Diesel bio"
2035;"PL";"BAU";"Sensitivity | Current Policies | Vehicle insurance";"tCO2e/kWh";"CO2 intensity diesel";4,31802e-05;"Diesel bio"
2035;"PL";"BAU";"Sensitivity | Current policies | Removed diesel efficiency gains";"tCO2e/kWh";"CO2 intensity diesel";4,31802e-05;"Diesel bio"
2035;"PL";"BAU";"Sensitivity | Removed policies except for H2 tax reduction";"tCO2e/kWh";"CO2 intensity diesel";4,31802e-05;"Diesel bio"
2035;"PL";"BAU";"Sensitivity | Removed policies except for bio/syn fuel mandates";"tCO2e/kWh";"CO2 intensity diesel";4,31802e-05;"Diesel bio"
2035;"PL";"BAU";"Sensitivity | Removed policies | Removed diesel efficiency gains";"tCO2e/kWh";"CO2 intensity diesel";4,31802e-05;"Diesel bio"
2035;"PL";"PROG";"Current policies";"tCO2e/kWh";"CO2 intensity diesel";4,31802e-05;"Diesel bio"
2035;"PL";"PROG";"Removed policies";"tCO2e/kWh";"CO2 intensity diesel";4,31802e-05;"Diesel bio"
2035;"PL";"PROG";"Sensitivity | Current Policies | Removed CO2 price";"tCO2e/kWh";"CO2 intensity diesel";4,31802e-05;"Diesel bio"
2035;"PL";"PROG";"Sensitivity | Current Policies | Urban depot-only charging";"tCO2e/kWh";"CO2 intensity diesel";4,31802e-05;"Diesel bio"
2035;"PL";"PROG";"Sensitivity | Current policies | Removed diesel efficiency gains";"tCO2e/kWh";"CO2 intensity diesel";4,31802e-05;"Diesel bio"
2035;"PL";"PROG";"Sensitivity | Removed policies except for H2 tax reduction";"tCO2e/kWh";"CO2 intensity diesel";4,31802e-05;"Diesel bio"
2035;"PL";"PROG";"Sensitivity | Removed policies except for bio/syn fuel mandates";"tCO2e/kWh";"CO2 intensity diesel";4,31802e-05;"Diesel bio"
2035;"PL";"PROG";"Sensitivity | Removed policies | Removed diesel efficiency gains";"tCO2e/kWh";"CO2 intensity diesel";4,31802e-05;"Diesel bio"
2035;"UK";"BAU";"Current policies";"tCO2e/kWh";"CO2 intensity diesel";4,31802e-05;"Diesel bio"
2035;"UK";"BAU";"Removed policies";"tCO2e/kWh";"CO2 intensity diesel";4,31802e-05;"Diesel bio"
2035;"UK";"BAU";"Sensitivity | Current Policies | Interest rate";"tCO2e/kWh";"CO2 intensity diesel";4,31802e-05;"Diesel bio"
2035;"UK";"BAU";"Sensitivity | Current Policies | Removed CO2 price";"tCO2e/kWh";"CO2 intensity diesel";4,31802e-05;"Diesel bio"
2035;"UK";"BAU";"Sensitivity | Current Policies | Resale value";"tCO2e/kWh";"CO2 intensity diesel";4,31802e-05;"Diesel bio"
2035;"UK";"BAU";"Sensitivity | Current Policies | Urban depot-only charging";"tCO2e/kWh";"CO2 intensity diesel";4,31802e-05;"Diesel bio"
2035;"UK";"BAU";"Sensitivity | Current Policies | Vehicle insurance";"tCO2e/kWh";"CO2 intensity diesel";4,31802e-05;"Diesel bio"
2035;"UK";"BAU";"Sensitivity | Current policies | Removed diesel efficiency gains";"tCO2e/kWh";"CO2 intensity diesel";4,31802e-05;"Diesel bio"
2035;"UK";"BAU";"Sensitivity | Removed policies except for H2 tax reduction";"tCO2e/kWh";"CO2 intensity diesel";4,31802e-05;"Diesel bio"
2035;"UK";"BAU";"Sensitivity | Removed policies except for bio/syn fuel mandates";"tCO2e/kWh";"CO2 intensity diesel";4,31802e-05;"Diesel bio"
2035;"UK";"BAU";"Sensitivity | Removed policies | Removed diesel efficiency gains";"tCO2e/kWh";"CO2 intensity diesel";4,31802e-05;"Diesel bio"
2035;"UK";"PROG";"Current policies";"tCO2e/kWh";"CO2 intensity diesel";4,31802e-05;"Diesel bio"
2035;"UK";"PROG";"Removed policies";"tCO2e/kWh";"CO2 intensity diesel";4,31802e-05;"Diesel bio"
2035;"UK";"PROG";"Sensitivity | Current Policies | Removed CO2 price";"tCO2e/kWh";"CO2 intensity diesel";4,31802e-05;"Diesel bio"
2035;"UK";"PROG";"Sensitivity | Current Policies | Urban depot-only charging";"tCO2e/kWh";"CO2 intensity diesel";4,31802e-05;"Diesel bio"
2035;"UK";"PROG";"Sensitivity | Current policies | Removed diesel efficiency gains";"tCO2e/kWh";"CO2 intensity diesel";4,31802e-05;"Diesel bio"
2035;"UK";"PROG";"Sensitivity | Removed policies except for H2 tax reduction";"tCO2e/kWh";"CO2 intensity diesel";4,31802e-05;"Diesel bio"
2035;"UK";"PROG";"Sensitivity | Removed policies except for bio/syn fuel mandates";"tCO2e/kWh";"CO2 intensity diesel";4,31802e-05;"Diesel bio"
2035;"UK";"PROG";"Sensitivity | Removed policies | Removed diesel efficiency gains";"tCO2e/kWh";"CO2 intensity diesel";4,31802e-05;"Diesel bio"
2040;"DE";"BAU";"Current policies";"tCO2e/kWh";"CO2 intensity diesel";4,1571e-05;"Diesel bio"
2040;"DE";"BAU";"Removed policies";"tCO2e/kWh";"CO2 intensity diesel";4,1571e-05;"Diesel bio"
2040;"DE";"BAU";"Sensitivity | Current Policies | Interest rate";"tCO2e/kWh";"CO2 intensity diesel";4,1571e-05;"Diesel bio"
2040;"DE";"BAU";"Sensitivity | Current Policies | Removed CO2 price";"tCO2e/kWh";"CO2 intensity diesel";4,1571e-05;"Diesel bio"
2040;"DE";"BAU";"Sensitivity | Current Policies | Resale value";"tCO2e/kWh";"CO2 intensity diesel";4,1571e-05;"Diesel bio"
2040;"DE";"BAU";"Sensitivity | Current Policies | Urban depot-only charging";"tCO2e/kWh";"CO2 intensity diesel";4,1571e-05;"Diesel bio"
2040;"DE";"BAU";"Sensitivity | Current Policies | Vehicle insurance";"tCO2e/kWh";"CO2 intensity diesel";4,1571e-05;"Diesel bio"
2040;"DE";"BAU";"Sensitivity | Current policies | Removed diesel efficiency gains";"tCO2e/kWh";"CO2 intensity diesel";4,1571e-05;"Diesel bio"
2040;"DE";"BAU";"Sensitivity | Removed policies except for H2 tax reduction";"tCO2e/kWh";"CO2 intensity diesel";4,1571e-05;"Diesel bio"
2040;"DE";"BAU";"Sensitivity | Removed policies except for bio/syn fuel mandates";"tCO2e/kWh";"CO2 intensity diesel";4,1571e-05;"Diesel bio"
2040;"DE";"BAU";"Sensitivity | Removed policies | Removed diesel efficiency gains";"tCO2e/kWh";"CO2 intensity diesel";4,1571e-05;"Diesel bio"
2040;"DE";"PROG";"Current policies";"tCO2e/kWh";"CO2 intensity diesel";4,1571e-05;"Diesel bio"
2040;"DE";"PROG";"Removed policies";"tCO2e/kWh";"CO2 intensity diesel";4,1571e-05;"Diesel bio"
2040;"DE";"PROG";"Sensitivity | Current Policies | Removed CO2 price";"tCO2e/kWh";"CO2 intensity diesel";4,1571e-05;"Diesel bio"
2040;"DE";"PROG";"Sensitivity | Current Policies | Urban depot-only charging";"tCO2e/kWh";"CO2 intensity diesel";4,1571e-05;"Diesel bio"
2040;"DE";"PROG";"Sensitivity | Current policies | Removed diesel efficiency gains";"tCO2e/kWh";"CO2 intensity diesel";4,1571e-05;"Diesel bio"
2040;"DE";"PROG";"Sensitivity | Removed policies except for H2 tax reduction";"tCO2e/kWh";"CO2 intensity diesel";4,1571e-05;"Diesel bio"
2040;"DE";"PROG";"Sensitivity | Removed policies except for bio/syn fuel mandates";"tCO2e/kWh";"CO2 intensity diesel";4,1571e-05;"Diesel bio"
2040;"DE";"PROG";"Sensitivity | Removed policies | Removed diesel efficiency gains";"tCO2e/kWh";"CO2 intensity diesel";4,1571e-05;"Diesel bio"
2040;"ES";"BAU";"Current policies";"tCO2e/kWh";"CO2 intensity diesel";4,1571e-05;"Diesel bio"
2040;"ES";"BAU";"Removed policies";"tCO2e/kWh";"CO2 intensity diesel";4,1571e-05;"Diesel bio"
2040;"ES";"BAU";"Sensitivity | Current Policies | Interest rate";"tCO2e/kWh";"CO2 intensity diesel";4,1571e-05;"Diesel bio"
2040;"ES";"BAU";"Sensitivity | Current Policies | Removed CO2 price";"tCO2e/kWh";"CO2 intensity diesel";4,1571e-05;"Diesel bio"
2040;"ES";"BAU";"Sensitivity | Current Policies | Resale value";"tCO2e/kWh";"CO2 intensity diesel";4,1571e-05;"Diesel bio"
2040;"ES";"BAU";"Sensitivity | Current Policies | Urban depot-only charging";"tCO2e/kWh";"CO2 intensity diesel";4,1571e-05;"Diesel bio"
2040;"ES";"BAU";"Sensitivity | Current Policies | Vehicle insurance";"tCO2e/kWh";"CO2 intensity diesel";4,1571e-05;"Diesel bio"
2040;"ES";"BAU";"Sensitivity | Current policies | Removed diesel efficiency gains";"tCO2e/kWh";"CO2 intensity diesel";4,1571e-05;"Diesel bio"
2040;"ES";"BAU";"Sensitivity | Removed policies except for H2 tax reduction";"tCO2e/kWh";"CO2 intensity diesel";4,1571e-05;"Diesel bio"
2040;"ES";"BAU";"Sensitivity | Removed policies except for bio/syn fuel mandates";"tCO2e/kWh";"CO2 intensity diesel";4,1571e-05;"Diesel bio"
2040;"ES";"BAU";"Sensitivity | Removed policies | Removed diesel efficiency gains";"tCO2e/kWh";"CO2 intensity diesel";4,1571e-05;"Diesel bio"
2040;"ES";"PROG";"Current policies";"tCO2e/kWh";"CO2 intensity diesel";4,1571e-05;"Diesel bio"
2040;"ES";"PROG";"Removed policies";"tCO2e/kWh";"CO2 intensity diesel";4,1571e-05;"Diesel bio"
2040;"ES";"PROG";"Sensitivity | Current Policies | Removed CO2 price";"tCO2e/kWh";"CO2 intensity diesel";4,1571e-05;"Diesel bio"
2040;"ES";"PROG";"Sensitivity | Current Policies | Urban depot-only charging";"tCO2e/kWh";"CO2 intensity diesel";4,1571e-05;"Diesel bio"
2040;"ES";"PROG";"Sensitivity | Current policies | Removed diesel efficiency gains";"tCO2e/kWh";"CO2 intensity diesel";4,1571e-05;"Diesel bio"
2040;"ES";"PROG";"Sensitivity | Removed policies except for H2 tax reduction";"tCO2e/kWh";"CO2 intensity diesel";4,1571e-05;"Diesel bio"
2040;"ES";"PROG";"Sensitivity | Removed policies except for bio/syn fuel mandates";"tCO2e/kWh";"CO2 intensity diesel";4,1571e-05;"Diesel bio"
2040;"ES";"PROG";"Sensitivity | Removed policies | Removed diesel efficiency gains";"tCO2e/kWh";"CO2 intensity diesel";4,1571e-05;"Diesel bio"
2040;"FR";"BAU";"Current policies";"tCO2e/kWh";"CO2 intensity diesel";4,1571e-05;"Diesel bio"
2040;"FR";"BAU";"Removed policies";"tCO2e/kWh";"CO2 intensity diesel";4,1571e-05;"Diesel bio"
2040;"FR";"BAU";"Sensitivity | Current Policies | Interest rate";"tCO2e/kWh";"CO2 intensity diesel";4,1571e-05;"Diesel bio"
2040;"FR";"BAU";"Sensitivity | Current Policies | Removed CO2 price";"tCO2e/kWh";"CO2 intensity diesel";4,1571e-05;"Diesel bio"
2040;"FR";"BAU";"Sensitivity | Current Policies | Resale value";"tCO2e/kWh";"CO2 intensity diesel";4,1571e-05;"Diesel bio"
2040;"FR";"BAU";"Sensitivity | Current Policies | Urban depot-only charging";"tCO2e/kWh";"CO2 intensity diesel";4,1571e-05;"Diesel bio"
2040;"FR";"BAU";"Sensitivity | Current Policies | Vehicle insurance";"tCO2e/kWh";"CO2 intensity diesel";4,1571e-05;"Diesel bio"
2040;"FR";"BAU";"Sensitivity | Current policies | Removed diesel efficiency gains";"tCO2e/kWh";"CO2 intensity diesel";4,1571e-05;"Diesel bio"
2040;"FR";"BAU";"Sensitivity | Removed policies except for H2 tax reduction";"tCO2e/kWh";"CO2 intensity diesel";4,1571e-05;"Diesel bio"
2040;"FR";"BAU";"Sensitivity | Removed policies except for bio/syn fuel mandates";"tCO2e/kWh";"CO2 intensity diesel";4,1571e-05;"Diesel bio"
2040;"FR";"BAU";"Sensitivity | Removed policies | Removed diesel efficiency gains";"tCO2e/kWh";"CO2 intensity diesel";4,1571e-05;"Diesel bio"
2040;"FR";"PROG";"Current policies";"tCO2e/kWh";"CO2 intensity diesel";4,1571e-05;"Diesel bio"
2040;"FR";"PROG";"Removed policies";"tCO2e/kWh";"CO2 intensity diesel";4,1571e-05;"Diesel bio"
2040;"FR";"PROG";"Sensitivity | Current Policies | Removed CO2 price";"tCO2e/kWh";"CO2 intensity diesel";4,1571e-05;"Diesel bio"
2040;"FR";"PROG";"Sensitivity | Current Policies | Urban depot-only charging";"tCO2e/kWh";"CO2 intensity diesel";4,1571e-05;"Diesel bio"
2040;"FR";"PROG";"Sensitivity | Current policies | Removed diesel efficiency gains";"tCO2e/kWh";"CO2 intensity diesel";4,1571e-05;"Diesel bio"
2040;"FR";"PROG";"Sensitivity | Removed policies except for H2 tax reduction";"tCO2e/kWh";"CO2 intensity diesel";4,1571e-05;"Diesel bio"
2040;"FR";"PROG";"Sensitivity | Removed policies except for bio/syn fuel mandates";"tCO2e/kWh";"CO2 intensity diesel";4,1571e-05;"Diesel bio"
2040;"FR";"PROG";"Sensitivity | Removed policies | Removed diesel efficiency gains";"tCO2e/kWh";"CO2 intensity diesel";4,1571e-05;"Diesel bio"
2040;"IT";"BAU";"Current policies";"tCO2e/kWh";"CO2 intensity diesel";4,1571e-05;"Diesel bio"
2040;"IT";"BAU";"Removed policies";"tCO2e/kWh";"CO2 intensity diesel";4,1571e-05;"Diesel bio"
2040;"IT";"BAU";"Sensitivity | Current Policies | Interest rate";"tCO2e/kWh";"CO2 intensity diesel";4,1571e-05;"Diesel bio"
2040;"IT";"BAU";"Sensitivity | Current Policies | Removed CO2 price";"tCO2e/kWh";"CO2 intensity diesel";4,1571e-05;"Diesel bio"
2040;"IT";"BAU";"Sensitivity | Current Policies | Resale value";"tCO2e/kWh";"CO2 intensity diesel";4,1571e-05;"Diesel bio"
2040;"IT";"BAU";"Sensitivity | Current Policies | Urban depot-only charging";"tCO2e/kWh";"CO2 intensity diesel";4,1571e-05;"Diesel bio"
2040;"IT";"BAU";"Sensitivity | Current Policies | Vehicle insurance";"tCO2e/kWh";"CO2 intensity diesel";4,1571e-05;"Diesel bio"
2040;"IT";"BAU";"Sensitivity | Current policies | Removed diesel efficiency gains";"tCO2e/kWh";"CO2 intensity diesel";4,1571e-05;"Diesel bio"
2040;"IT";"BAU";"Sensitivity | Removed policies except for H2 tax reduction";"tCO2e/kWh";"CO2 intensity diesel";4,1571e-05;"Diesel bio"
2040;"IT";"BAU";"Sensitivity | Removed policies except for bio/syn fuel mandates";"tCO2e/kWh";"CO2 intensity diesel";4,1571e-05;"Diesel bio"
2040;"IT";"BAU";"Sensitivity | Removed policies | Removed diesel efficiency gains";"tCO2e/kWh";"CO2 intensity diesel";4,1571e-05;"Diesel bio"
2040;"IT";"PROG";"Current policies";"tCO2e/kWh";"CO2 intensity diesel";4,1571e-05;"Diesel bio"
2040;"IT";"PROG";"Removed policies";"tCO2e/kWh";"CO2 intensity diesel";4,1571e-05;"Diesel bio"
2040;"IT";"PROG";"Sensitivity | Current Policies | Removed CO2 price";"tCO2e/kWh";"CO2 intensity diesel";4,1571e-05;"Diesel bio"
2040;"IT";"PROG";"Sensitivity | Current Policies | Urban depot-only charging";"tCO2e/kWh";"CO2 intensity diesel";4,1571e-05;"Diesel bio"
2040;"IT";"PROG";"Sensitivity | Current policies | Removed diesel efficiency gains";"tCO2e/kWh";"CO2 intensity diesel";4,1571e-05;"Diesel bio"
2040;"IT";"PROG";"Sensitivity | Removed policies except for H2 tax reduction";"tCO2e/kWh";"CO2 intensity diesel";4,1571e-05;"Diesel bio"
2040;"IT";"PROG";"Sensitivity | Removed policies except for bio/syn fuel mandates";"tCO2e/kWh";"CO2 intensity diesel";4,1571e-05;"Diesel bio"
2040;"IT";"PROG";"Sensitivity | Removed policies | Removed diesel efficiency gains";"tCO2e/kWh";"CO2 intensity diesel";4,1571e-05;"Diesel bio"
2040;"NL";"BAU";"Current policies";"tCO2e/kWh";"CO2 intensity diesel";4,1571e-05;"Diesel bio"
2040;"NL";"BAU";"Removed policies";"tCO2e/kWh";"CO2 intensity diesel";4,1571e-05;"Diesel bio"
2040;"NL";"BAU";"Sensitivity | Current Policies | Interest rate";"tCO2e/kWh";"CO2 intensity diesel";4,1571e-05;"Diesel bio"
2040;"NL";"BAU";"Sensitivity | Current Policies | Removed CO2 price";"tCO2e/kWh";"CO2 intensity diesel";4,1571e-05;"Diesel bio"
2040;"NL";"BAU";"Sensitivity | Current Policies | Resale value";"tCO2e/kWh";"CO2 intensity diesel";4,1571e-05;"Diesel bio"
2040;"NL";"BAU";"Sensitivity | Current Policies | Urban depot-only charging";"tCO2e/kWh";"CO2 intensity diesel";4,1571e-05;"Diesel bio"
2040;"NL";"BAU";"Sensitivity | Current Policies | Vehicle insurance";"tCO2e/kWh";"CO2 intensity diesel";4,1571e-05;"Diesel bio"
2040;"NL";"BAU";"Sensitivity | Current policies | Removed diesel efficiency gains";"tCO2e/kWh";"CO2 intensity diesel";4,1571e-05;"Diesel bio"
2040;"NL";"BAU";"Sensitivity | Removed policies except for H2 tax reduction";"tCO2e/kWh";"CO2 intensity diesel";4,1571e-05;"Diesel bio"
2040;"NL";"BAU";"Sensitivity | Removed policies except for bio/syn fuel mandates";"tCO2e/kWh";"CO2 intensity diesel";4,1571e-05;"Diesel bio"
2040;"NL";"BAU";"Sensitivity | Removed policies | Removed diesel efficiency gains";"tCO2e/kWh";"CO2 intensity diesel";4,1571e-05;"Diesel bio"
2040;"NL";"PROG";"Current policies";"tCO2e/kWh";"CO2 intensity diesel";4,1571e-05;"Diesel bio"
2040;"NL";"PROG";"Removed policies";"tCO2e/kWh";"CO2 intensity diesel";4,1571e-05;"Diesel bio"
2040;"NL";"PROG";"Sensitivity | Current Policies | Removed CO2 price";"tCO2e/kWh";"CO2 intensity diesel";4,1571e-05;"Diesel bio"
2040;"NL";"PROG";"Sensitivity | Current Policies | Urban depot-only charging";"tCO2e/kWh";"CO2 intensity diesel";4,1571e-05;"Diesel bio"
2040;"NL";"PROG";"Sensitivity | Current policies | Removed diesel efficiency gains";"tCO2e/kWh";"CO2 intensity diesel";4,1571e-05;"Diesel bio"
2040;"NL";"PROG";"Sensitivity | Removed policies except for H2 tax reduction";"tCO2e/kWh";"CO2 intensity diesel";4,1571e-05;"Diesel bio"
2040;"NL";"PROG";"Sensitivity | Removed policies except for bio/syn fuel mandates";"tCO2e/kWh";"CO2 intensity diesel";4,1571e-05;"Diesel bio"
2040;"NL";"PROG";"Sensitivity | Removed policies | Removed diesel efficiency gains";"tCO2e/kWh";"CO2 intensity diesel";4,1571e-05;"Diesel bio"
2040;"PL";"BAU";"Current policies";"tCO2e/kWh";"CO2 intensity diesel";4,1571e-05;"Diesel bio"
2040;"PL";"BAU";"Removed policies";"tCO2e/kWh";"CO2 intensity diesel";4,1571e-05;"Diesel bio"
2040;"PL";"BAU";"Sensitivity | Current Policies | Interest rate";"tCO2e/kWh";"CO2 intensity diesel";4,1571e-05;"Diesel bio"
2040;"PL";"BAU";"Sensitivity | Current Policies | Removed CO2 price";"tCO2e/kWh";"CO2 intensity diesel";4,1571e-05;"Diesel bio"
2040;"PL";"BAU";"Sensitivity | Current Policies | Resale value";"tCO2e/kWh";"CO2 intensity diesel";4,1571e-05;"Diesel bio"
2040;"PL";"BAU";"Sensitivity | Current Policies | Urban depot-only charging";"tCO2e/kWh";"CO2 intensity diesel";4,1571e-05;"Diesel bio"
2040;"PL";"BAU";"Sensitivity | Current Policies | Vehicle insurance";"tCO2e/kWh";"CO2 intensity diesel";4,1571e-05;"Diesel bio"
2040;"PL";"BAU";"Sensitivity | Current policies | Removed diesel efficiency gains";"tCO2e/kWh";"CO2 intensity diesel";4,1571e-05;"Diesel bio"
2040;"PL";"BAU";"Sensitivity | Removed policies except for H2 tax reduction";"tCO2e/kWh";"CO2 intensity diesel";4,1571e-05;"Diesel bio"
2040;"PL";"BAU";"Sensitivity | Removed policies except for bio/syn fuel mandates";"tCO2e/kWh";"CO2 intensity diesel";4,1571e-05;"Diesel bio"
2040;"PL";"BAU";"Sensitivity | Removed policies | Removed diesel efficiency gains";"tCO2e/kWh";"CO2 intensity diesel";4,1571e-05;"Diesel bio"
2040;"PL";"PROG";"Current policies";"tCO2e/kWh";"CO2 intensity diesel";4,1571e-05;"Diesel bio"
2040;"PL";"PROG";"Removed policies";"tCO2e/kWh";"CO2 intensity diesel";4,1571e-05;"Diesel bio"
2040;"PL";"PROG";"Sensitivity | Current Policies | Removed CO2 price";"tCO2e/kWh";"CO2 intensity diesel";4,1571e-05;"Diesel bio"
2040;"PL";"PROG";"Sensitivity | Current Policies | Urban depot-only charging";"tCO2e/kWh";"CO2 intensity diesel";4,1571e-05;"Diesel bio"
2040;"PL";"PROG";"Sensitivity | Current policies | Removed diesel efficiency gains";"tCO2e/kWh";"CO2 intensity diesel";4,1571e-05;"Diesel bio"
2040;"PL";"PROG";"Sensitivity | Removed policies except for H2 tax reduction";"tCO2e/kWh";"CO2 intensity diesel";4,1571e-05;"Diesel bio"
2040;"PL";"PROG";"Sensitivity | Removed policies except for bio/syn fuel mandates";"tCO2e/kWh";"CO2 intensity diesel";4,1571e-05;"Diesel bio"
2040;"PL";"PROG";"Sensitivity | Removed policies | Removed diesel efficiency gains";"tCO2e/kWh";"CO2 intensity diesel";4,1571e-05;"Diesel bio"
2040;"UK";"BAU";"Current policies";"tCO2e/kWh";"CO2 intensity diesel";4,1571e-05;"Diesel bio"
2040;"UK";"BAU";"Removed policies";"tCO2e/kWh";"CO2 intensity diesel";4,1571e-05;"Diesel bio"
2040;"UK";"BAU";"Sensitivity | Current Policies | Interest rate";"tCO2e/kWh";"CO2 intensity diesel";4,1571e-05;"Diesel bio"
2040;"UK";"BAU";"Sensitivity | Current Policies | Removed CO2 price";"tCO2e/kWh";"CO2 intensity diesel";4,1571e-05;"Diesel bio"
2040;"UK";"BAU";"Sensitivity | Current Policies | Resale value";"tCO2e/kWh";"CO2 intensity diesel";4,1571e-05;"Diesel bio"
2040;"UK";"BAU";"Sensitivity | Current Policies | Urban depot-only charging";"tCO2e/kWh";"CO2 intensity diesel";4,1571e-05;"Diesel bio"
2040;"UK";"BAU";"Sensitivity | Current Policies | Vehicle insurance";"tCO2e/kWh";"CO2 intensity diesel";4,1571e-05;"Diesel bio"
2040;"UK";"BAU";"Sensitivity | Current policies | Removed diesel efficiency gains";"tCO2e/kWh";"CO2 intensity diesel";4,1571e-05;"Diesel bio"
2040;"UK";"BAU";"Sensitivity | Removed policies except for H2 tax reduction";"tCO2e/kWh";"CO2 intensity diesel";4,1571e-05;"Diesel bio"
2040;"UK";"BAU";"Sensitivity | Removed policies except for bio/syn fuel mandates";"tCO2e/kWh";"CO2 intensity diesel";4,1571e-05;"Diesel bio"
2040;"UK";"BAU";"Sensitivity | Removed policies | Removed diesel efficiency gains";"tCO2e/kWh";"CO2 intensity diesel";4,1571e-05;"Diesel bio"
2040;"UK";"PROG";"Current policies";"tCO2e/kWh";"CO2 intensity diesel";4,1571e-05;"Diesel bio"
2040;"UK";"PROG";"Removed policies";"tCO2e/kWh";"CO2 intensity diesel";4,1571e-05;"Diesel bio"
2040;"UK";"PROG";"Sensitivity | Current Policies | Removed CO2 price";"tCO2e/kWh";"CO2 intensity diesel";4,1571e-05;"Diesel bio"
2040;"UK";"PROG";"Sensitivity | Current Policies | Urban depot-only charging";"tCO2e/kWh";"CO2 intensity diesel";4,1571e-05;"Diesel bio"
2040;"UK";"PROG";"Sensitivity | Current policies | Removed diesel efficiency gains";"tCO2e/kWh";"CO2 intensity diesel";4,1571e-05;"Diesel bio"
2040;"UK";"PROG";"Sensitivity | Removed policies except for H2 tax reduction";"tCO2e/kWh";"CO2 intensity diesel";4,1571e-05;"Diesel bio"
2040;"UK";"PROG";"Sensitivity | Removed policies except for bio/syn fuel mandates";"tCO2e/kWh";"CO2 intensity diesel";4,1571e-05;"Diesel bio"
2040;"UK";"PROG";"Sensitivity | Removed policies | Removed diesel efficiency gains";"tCO2e/kWh";"CO2 intensity diesel";4,1571e-05;"Diesel bio"
2045;"DE";"BAU";"Current policies";"tCO2e/kWh";"CO2 intensity diesel";4,13028e-05;"Diesel bio"
2045;"DE";"BAU";"Removed policies";"tCO2e/kWh";"CO2 intensity diesel";4,13028e-05;"Diesel bio"
2045;"DE";"BAU";"Sensitivity | Current Policies | Interest rate";"tCO2e/kWh";"CO2 intensity diesel";4,13028e-05;"Diesel bio"
2045;"DE";"BAU";"Sensitivity | Current Policies | Removed CO2 price";"tCO2e/kWh";"CO2 intensity diesel";4,13028e-05;"Diesel bio"
2045;"DE";"BAU";"Sensitivity | Current Policies | Resale value";"tCO2e/kWh";"CO2 intensity diesel";4,13028e-05;"Diesel bio"
2045;"DE";"BAU";"Sensitivity | Current Policies | Urban depot-only charging";"tCO2e/kWh";"CO2 intensity diesel";4,13028e-05;"Diesel bio"
2045;"DE";"BAU";"Sensitivity | Current Policies | Vehicle insurance";"tCO2e/kWh";"CO2 intensity diesel";4,13028e-05;"Diesel bio"
2045;"DE";"BAU";"Sensitivity | Current policies | Removed diesel efficiency gains";"tCO2e/kWh";"CO2 intensity diesel";4,13028e-05;"Diesel bio"
2045;"DE";"BAU";"Sensitivity | Removed policies except for H2 tax reduction";"tCO2e/kWh";"CO2 intensity diesel";4,13028e-05;"Diesel bio"
2045;"DE";"BAU";"Sensitivity | Removed policies except for bio/syn fuel mandates";"tCO2e/kWh";"CO2 intensity diesel";4,13028e-05;"Diesel bio"
2045;"DE";"BAU";"Sensitivity | Removed policies | Removed diesel efficiency gains";"tCO2e/kWh";"CO2 intensity diesel";4,13028e-05;"Diesel bio"
2045;"DE";"PROG";"Current policies";"tCO2e/kWh";"CO2 intensity diesel";4,13028e-05;"Diesel bio"
2045;"DE";"PROG";"Removed policies";"tCO2e/kWh";"CO2 intensity diesel";4,13028e-05;"Diesel bio"
2045;"DE";"PROG";"Sensitivity | Current Policies | Removed CO2 price";"tCO2e/kWh";"CO2 intensity diesel";4,13028e-05;"Diesel bio"
2045;"DE";"PROG";"Sensitivity | Current Policies | Urban depot-only charging";"tCO2e/kWh";"CO2 intensity diesel";4,13028e-05;"Diesel bio"
2045;"DE";"PROG";"Sensitivity | Current policies | Removed diesel efficiency gains";"tCO2e/kWh";"CO2 intensity diesel";4,13028e-05;"Diesel bio"
2045;"DE";"PROG";"Sensitivity | Removed policies except for H2 tax reduction";"tCO2e/kWh";"CO2 intensity diesel";4,13028e-05;"Diesel bio"
2045;"DE";"PROG";"Sensitivity | Removed policies except for bio/syn fuel mandates";"tCO2e/kWh";"CO2 intensity diesel";4,13028e-05;"Diesel bio"
2045;"DE";"PROG";"Sensitivity | Removed policies | Removed diesel efficiency gains";"tCO2e/kWh";"CO2 intensity diesel";4,13028e-05;"Diesel bio"
2045;"ES";"BAU";"Current policies";"tCO2e/kWh";"CO2 intensity diesel";4,13028e-05;"Diesel bio"
2045;"ES";"BAU";"Removed policies";"tCO2e/kWh";"CO2 intensity diesel";4,13028e-05;"Diesel bio"
2045;"ES";"BAU";"Sensitivity | Current Policies | Interest rate";"tCO2e/kWh";"CO2 intensity diesel";4,13028e-05;"Diesel bio"
2045;"ES";"BAU";"Sensitivity | Current Policies | Removed CO2 price";"tCO2e/kWh";"CO2 intensity diesel";4,13028e-05;"Diesel bio"
2045;"ES";"BAU";"Sensitivity | Current Policies | Resale value";"tCO2e/kWh";"CO2 intensity diesel";4,13028e-05;"Diesel bio"
2045;"ES";"BAU";"Sensitivity | Current Policies | Urban depot-only charging";"tCO2e/kWh";"CO2 intensity diesel";4,13028e-05;"Diesel bio"
2045;"ES";"BAU";"Sensitivity | Current Policies | Vehicle insurance";"tCO2e/kWh";"CO2 intensity diesel";4,13028e-05;"Diesel bio"
2045;"ES";"BAU";"Sensitivity | Current policies | Removed diesel efficiency gains";"tCO2e/kWh";"CO2 intensity diesel";4,13028e-05;"Diesel bio"
2045;"ES";"BAU";"Sensitivity | Removed policies except for H2 tax reduction";"tCO2e/kWh";"CO2 intensity diesel";4,13028e-05;"Diesel bio"
2045;"ES";"BAU";"Sensitivity | Removed policies except for bio/syn fuel mandates";"tCO2e/kWh";"CO2 intensity diesel";4,13028e-05;"Diesel bio"
2045;"ES";"BAU";"Sensitivity | Removed policies | Removed diesel efficiency gains";"tCO2e/kWh";"CO2 intensity diesel";4,13028e-05;"Diesel bio"
2045;"ES";"PROG";"Current policies";"tCO2e/kWh";"CO2 intensity diesel";4,13028e-05;"Diesel bio"
2045;"ES";"PROG";"Removed policies";"tCO2e/kWh";"CO2 intensity diesel";4,13028e-05;"Diesel bio"
2045;"ES";"PROG";"Sensitivity | Current Policies | Removed CO2 price";"tCO2e/kWh";"CO2 intensity diesel";4,13028e-05;"Diesel bio"
2045;"ES";"PROG";"Sensitivity | Current Policies | Urban depot-only charging";"tCO2e/kWh";"CO2 intensity diesel";4,13028e-05;"Diesel bio"
2045;"ES";"PROG";"Sensitivity | Current policies | Removed diesel efficiency gains";"tCO2e/kWh";"CO2 intensity diesel";4,13028e-05;"Diesel bio"
2045;"ES";"PROG";"Sensitivity | Removed policies except for H2 tax reduction";"tCO2e/kWh";"CO2 intensity diesel";4,13028e-05;"Diesel bio"
2045;"ES";"PROG";"Sensitivity | Removed policies except for bio/syn fuel mandates";"tCO2e/kWh";"CO2 intensity diesel";4,13028e-05;"Diesel bio"
2045;"ES";"PROG";"Sensitivity | Removed policies | Removed diesel efficiency gains";"tCO2e/kWh";"CO2 intensity diesel";4,13028e-05;"Diesel bio"
2045;"FR";"BAU";"Current policies";"tCO2e/kWh";"CO2 intensity diesel";4,13028e-05;"Diesel bio"
2045;"FR";"BAU";"Removed policies";"tCO2e/kWh";"CO2 intensity diesel";4,13028e-05;"Diesel bio"
2045;"FR";"BAU";"Sensitivity | Current Policies | Interest rate";"tCO2e/kWh";"CO2 intensity diesel";4,13028e-05;"Diesel bio"
2045;"FR";"BAU";"Sensitivity | Current Policies | Removed CO2 price";"tCO2e/kWh";"CO2 intensity diesel";4,13028e-05;"Diesel bio"
2045;"FR";"BAU";"Sensitivity | Current Policies | Resale value";"tCO2e/kWh";"CO2 intensity diesel";4,13028e-05;"Diesel bio"
2045;"FR";"BAU";"Sensitivity | Current Policies | Urban depot-only charging";"tCO2e/kWh";"CO2 intensity diesel";4,13028e-05;"Diesel bio"
2045;"FR";"BAU";"Sensitivity | Current Policies | Vehicle insurance";"tCO2e/kWh";"CO2 intensity diesel";4,13028e-05;"Diesel bio"
2045;"FR";"BAU";"Sensitivity | Current policies | Removed diesel efficiency gains";"tCO2e/kWh";"CO2 intensity diesel";4,13028e-05;"Diesel bio"
2045;"FR";"BAU";"Sensitivity | Removed policies except for H2 tax reduction";"tCO2e/kWh";"CO2 intensity diesel";4,13028e-05;"Diesel bio"
2045;"FR";"BAU";"Sensitivity | Removed policies except for bio/syn fuel mandates";"tCO2e/kWh";"CO2 intensity diesel";4,13028e-05;"Diesel bio"
2045;"FR";"BAU";"Sensitivity | Removed policies | Removed diesel efficiency gains";"tCO2e/kWh";"CO2 intensity diesel";4,13028e-05;"Diesel bio"
2045;"FR";"PROG";"Current policies";"tCO2e/kWh";"CO2 intensity diesel";4,13028e-05;"Diesel bio"
2045;"FR";"PROG";"Removed policies";"tCO2e/kWh";"CO2 intensity diesel";4,13028e-05;"Diesel bio"
2045;"FR";"PROG";"Sensitivity | Current Policies | Removed CO2 price";"tCO2e/kWh";"CO2 intensity diesel";4,13028e-05;"Diesel bio"
2045;"FR";"PROG";"Sensitivity | Current Policies | Urban depot-only charging";"tCO2e/kWh";"CO2 intensity diesel";4,13028e-05;"Diesel bio"
2045;"FR";"PROG";"Sensitivity | Current policies | Removed diesel efficiency gains";"tCO2e/kWh";"CO2 intensity diesel";4,13028e-05;"Diesel bio"
2045;"FR";"PROG";"Sensitivity | Removed policies except for H2 tax reduction";"tCO2e/kWh";"CO2 intensity diesel";4,13028e-05;"Diesel bio"
2045;"FR";"PROG";"Sensitivity | Removed policies except for bio/syn fuel mandates";"tCO2e/kWh";"CO2 intensity diesel";4,13028e-05;"Diesel bio"
2045;"FR";"PROG";"Sensitivity | Removed policies | Removed diesel efficiency gains";"tCO2e/kWh";"CO2 intensity diesel";4,13028e-05;"Diesel bio"
2045;"IT";"BAU";"Current policies";"tCO2e/kWh";"CO2 intensity diesel";4,13028e-05;"Diesel bio"
2045;"IT";"BAU";"Removed policies";"tCO2e/kWh";"CO2 intensity diesel";4,13028e-05;"Diesel bio"
2045;"IT";"BAU";"Sensitivity | Current Policies | Interest rate";"tCO2e/kWh";"CO2 intensity diesel";4,13028e-05;"Diesel bio"
2045;"IT";"BAU";"Sensitivity | Current Policies | Removed CO2 price";"tCO2e/kWh";"CO2 intensity diesel";4,13028e-05;"Diesel bio"
2045;"IT";"BAU";"Sensitivity | Current Policies | Resale value";"tCO2e/kWh";"CO2 intensity diesel";4,13028e-05;"Diesel bio"
2045;"IT";"BAU";"Sensitivity | Current Policies | Urban depot-only charging";"tCO2e/kWh";"CO2 intensity diesel";4,13028e-05;"Diesel bio"
2045;"IT";"BAU";"Sensitivity | Current Policies | Vehicle insurance";"tCO2e/kWh";"CO2 intensity diesel";4,13028e-05;"Diesel bio"
2045;"IT";"BAU";"Sensitivity | Current policies | Removed diesel efficiency gains";"tCO2e/kWh";"CO2 intensity diesel";4,13028e-05;"Diesel bio"
2045;"IT";"BAU";"Sensitivity | Removed policies except for H2 tax reduction";"tCO2e/kWh";"CO2 intensity diesel";4,13028e-05;"Diesel bio"
2045;"IT";"BAU";"Sensitivity | Removed policies except for bio/syn fuel mandates";"tCO2e/kWh";"CO2 intensity diesel";4,13028e-05;"Diesel bio"
2045;"IT";"BAU";"Sensitivity | Removed policies | Removed diesel efficiency gains";"tCO2e/kWh";"CO2 intensity diesel";4,13028e-05;"Diesel bio"
2045;"IT";"PROG";"Current policies";"tCO2e/kWh";"CO2 intensity diesel";4,13028e-05;"Diesel bio"
2045;"IT";"PROG";"Removed policies";"tCO2e/kWh";"CO2 intensity diesel";4,13028e-05;"Diesel bio"
2045;"IT";"PROG";"Sensitivity | Current Policies | Removed CO2 price";"tCO2e/kWh";"CO2 intensity diesel";4,13028e-05;"Diesel bio"
2045;"IT";"PROG";"Sensitivity | Current Policies | Urban depot-only charging";"tCO2e/kWh";"CO2 intensity diesel";4,13028e-05;"Diesel bio"
2045;"IT";"PROG";"Sensitivity | Current policies | Removed diesel efficiency gains";"tCO2e/kWh";"CO2 intensity diesel";4,13028e-05;"Diesel bio"
2045;"IT";"PROG";"Sensitivity | Removed policies except for H2 tax reduction";"tCO2e/kWh";"CO2 intensity diesel";4,13028e-05;"Diesel bio"
2045;"IT";"PROG";"Sensitivity | Removed policies except for bio/syn fuel mandates";"tCO2e/kWh";"CO2 intensity diesel";4,13028e-05;"Diesel bio"
2045;"IT";"PROG";"Sensitivity | Removed policies | Removed diesel efficiency gains";"tCO2e/kWh";"CO2 intensity diesel";4,13028e-05;"Diesel bio"
2045;"NL";"BAU";"Current policies";"tCO2e/kWh";"CO2 intensity diesel";4,13028e-05;"Diesel bio"
2045;"NL";"BAU";"Removed policies";"tCO2e/kWh";"CO2 intensity diesel";4,13028e-05;"Diesel bio"
2045;"NL";"BAU";"Sensitivity | Current Policies | Interest rate";"tCO2e/kWh";"CO2 intensity diesel";4,13028e-05;"Diesel bio"
2045;"NL";"BAU";"Sensitivity | Current Policies | Removed CO2 price";"tCO2e/kWh";"CO2 intensity diesel";4,13028e-05;"Diesel bio"
2045;"NL";"BAU";"Sensitivity | Current Policies | Resale value";"tCO2e/kWh";"CO2 intensity diesel";4,13028e-05;"Diesel bio"
2045;"NL";"BAU";"Sensitivity | Current Policies | Urban depot-only charging";"tCO2e/kWh";"CO2 intensity diesel";4,13028e-05;"Diesel bio"
2045;"NL";"BAU";"Sensitivity | Current Policies | Vehicle insurance";"tCO2e/kWh";"CO2 intensity diesel";4,13028e-05;"Diesel bio"
2045;"NL";"BAU";"Sensitivity | Current policies | Removed diesel efficiency gains";"tCO2e/kWh";"CO2 intensity diesel";4,13028e-05;"Diesel bio"
2045;"NL";"BAU";"Sensitivity | Removed policies except for H2 tax reduction";"tCO2e/kWh";"CO2 intensity diesel";4,13028e-05;"Diesel bio"
2045;"NL";"BAU";"Sensitivity | Removed policies except for bio/syn fuel mandates";"tCO2e/kWh";"CO2 intensity diesel";4,13028e-05;"Diesel bio"
2045;"NL";"BAU";"Sensitivity | Removed policies | Removed diesel efficiency gains";"tCO2e/kWh";"CO2 intensity diesel";4,13028e-05;"Diesel bio"
2045;"NL";"PROG";"Current policies";"tCO2e/kWh";"CO2 intensity diesel";4,13028e-05;"Diesel bio"
2045;"NL";"PROG";"Removed policies";"tCO2e/kWh";"CO2 intensity diesel";4,13028e-05;"Diesel bio"
2045;"NL";"PROG";"Sensitivity | Current Policies | Removed CO2 price";"tCO2e/kWh";"CO2 intensity diesel";4,13028e-05;"Diesel bio"
2045;"NL";"PROG";"Sensitivity | Current Policies | Urban depot-only charging";"tCO2e/kWh";"CO2 intensity diesel";4,13028e-05;"Diesel bio"
2045;"NL";"PROG";"Sensitivity | Current policies | Removed diesel efficiency gains";"tCO2e/kWh";"CO2 intensity diesel";4,13028e-05;"Diesel bio"
2045;"NL";"PROG";"Sensitivity | Removed policies except for H2 tax reduction";"tCO2e/kWh";"CO2 intensity diesel";4,13028e-05;"Diesel bio"
2045;"NL";"PROG";"Sensitivity | Removed policies except for bio/syn fuel mandates";"tCO2e/kWh";"CO2 intensity diesel";4,13028e-05;"Diesel bio"
2045;"NL";"PROG";"Sensitivity | Removed policies | Removed diesel efficiency gains";"tCO2e/kWh";"CO2 intensity diesel";4,13028e-05;"Diesel bio"
2045;"PL";"BAU";"Current policies";"tCO2e/kWh";"CO2 intensity diesel";4,13028e-05;"Diesel bio"
2045;"PL";"BAU";"Removed policies";"tCO2e/kWh";"CO2 intensity diesel";4,13028e-05;"Diesel bio"
2045;"PL";"BAU";"Sensitivity | Current Policies | Interest rate";"tCO2e/kWh";"CO2 intensity diesel";4,13028e-05;"Diesel bio"
2045;"PL";"BAU";"Sensitivity | Current Policies | Removed CO2 price";"tCO2e/kWh";"CO2 intensity diesel";4,13028e-05;"Diesel bio"
2045;"PL";"BAU";"Sensitivity | Current Policies | Resale value";"tCO2e/kWh";"CO2 intensity diesel";4,13028e-05;"Diesel bio"
2045;"PL";"BAU";"Sensitivity | Current Policies | Urban depot-only charging";"tCO2e/kWh";"CO2 intensity diesel";4,13028e-05;"Diesel bio"
2045;"PL";"BAU";"Sensitivity | Current Policies | Vehicle insurance";"tCO2e/kWh";"CO2 intensity diesel";4,13028e-05;"Diesel bio"
2045;"PL";"BAU";"Sensitivity | Current policies | Removed diesel efficiency gains";"tCO2e/kWh";"CO2 intensity diesel";4,13028e-05;"Diesel bio"
2045;"PL";"BAU";"Sensitivity | Removed policies except for H2 tax reduction";"tCO2e/kWh";"CO2 intensity diesel";4,13028e-05;"Diesel bio"
2045;"PL";"BAU";"Sensitivity | Removed policies except for bio/syn fuel mandates";"tCO2e/kWh";"CO2 intensity diesel";4,13028e-05;"Diesel bio"
2045;"PL";"BAU";"Sensitivity | Removed policies | Removed diesel efficiency gains";"tCO2e/kWh";"CO2 intensity diesel";4,13028e-05;"Diesel bio"
2045;"PL";"PROG";"Current policies";"tCO2e/kWh";"CO2 intensity diesel";4,13028e-05;"Diesel bio"
2045;"PL";"PROG";"Removed policies";"tCO2e/kWh";"CO2 intensity diesel";4,13028e-05;"Diesel bio"
2045;"PL";"PROG";"Sensitivity | Current Policies | Removed CO2 price";"tCO2e/kWh";"CO2 intensity diesel";4,13028e-05;"Diesel bio"
2045;"PL";"PROG";"Sensitivity | Current Policies | Urban depot-only charging";"tCO2e/kWh";"CO2 intensity diesel";4,13028e-05;"Diesel bio"
2045;"PL";"PROG";"Sensitivity | Current policies | Removed diesel efficiency gains";"tCO2e/kWh";"CO2 intensity diesel";4,13028e-05;"Diesel bio"
2045;"PL";"PROG";"Sensitivity | Removed policies except for H2 tax reduction";"tCO2e/kWh";"CO2 intensity diesel";4,13028e-05;"Diesel bio"
2045;"PL";"PROG";"Sensitivity | Removed policies except for bio/syn fuel mandates";"tCO2e/kWh";"CO2 intensity diesel";4,13028e-05;"Diesel bio"
2045;"PL";"PROG";"Sensitivity | Removed policies | Removed diesel efficiency gains";"tCO2e/kWh";"CO2 intensity diesel";4,13028e-05;"Diesel bio"
2045;"UK";"BAU";"Current policies";"tCO2e/kWh";"CO2 intensity diesel";4,13028e-05;"Diesel bio"
2045;"UK";"BAU";"Removed policies";"tCO2e/kWh";"CO2 intensity diesel";4,13028e-05;"Diesel bio"
2045;"UK";"BAU";"Sensitivity | Current Policies | Interest rate";"tCO2e/kWh";"CO2 intensity diesel";4,13028e-05;"Diesel bio"
2045;"UK";"BAU";"Sensitivity | Current Policies | Removed CO2 price";"tCO2e/kWh";"CO2 intensity diesel";4,13028e-05;"Diesel bio"
2045;"UK";"BAU";"Sensitivity | Current Policies | Resale value";"tCO2e/kWh";"CO2 intensity diesel";4,13028e-05;"Diesel bio"
2045;"UK";"BAU";"Sensitivity | Current Policies | Urban depot-only charging";"tCO2e/kWh";"CO2 intensity diesel";4,13028e-05;"Diesel bio"
2045;"UK";"BAU";"Sensitivity | Current Policies | Vehicle insurance";"tCO2e/kWh";"CO2 intensity diesel";4,13028e-05;"Diesel bio"
2045;"UK";"BAU";"Sensitivity | Current policies | Removed diesel efficiency gains";"tCO2e/kWh";"CO2 intensity diesel";4,13028e-05;"Diesel bio"
2045;"UK";"BAU";"Sensitivity | Removed policies except for H2 tax reduction";"tCO2e/kWh";"CO2 intensity diesel";4,13028e-05;"Diesel bio"
2045;"UK";"BAU";"Sensitivity | Removed policies except for bio/syn fuel mandates";"tCO2e/kWh";"CO2 intensity diesel";4,13028e-05;"Diesel bio"
2045;"UK";"BAU";"Sensitivity | Removed policies | Removed diesel efficiency gains";"tCO2e/kWh";"CO2 intensity diesel";4,13028e-05;"Diesel bio"
2045;"UK";"PROG";"Current policies";"tCO2e/kWh";"CO2 intensity diesel";4,13028e-05;"Diesel bio"
2045;"UK";"PROG";"Removed policies";"tCO2e/kWh";"CO2 intensity diesel";4,13028e-05;"Diesel bio"
2045;"UK";"PROG";"Sensitivity | Current Policies | Removed CO2 price";"tCO2e/kWh";"CO2 intensity diesel";4,13028e-05;"Diesel bio"
2045;"UK";"PROG";"Sensitivity | Current Policies | Urban depot-only charging";"tCO2e/kWh";"CO2 intensity diesel";4,13028e-05;"Diesel bio"
2045;"UK";"PROG";"Sensitivity | Current policies | Removed diesel efficiency gains";"tCO2e/kWh";"CO2 intensity diesel";4,13028e-05;"Diesel bio"
2045;"UK";"PROG";"Sensitivity | Removed policies except for H2 tax reduction";"tCO2e/kWh";"CO2 intensity diesel";4,13028e-05;"Diesel bio"
2045;"UK";"PROG";"Sensitivity | Removed policies except for bio/syn fuel mandates";"tCO2e/kWh";"CO2 intensity diesel";4,13028e-05;"Diesel bio"
2045;"UK";"PROG";"Sensitivity | Removed policies | Removed diesel efficiency gains";"tCO2e/kWh";"CO2 intensity diesel";4,13028e-05;"Diesel bio"
2050;"DE";"BAU";"Current policies";"tCO2e/kWh";"CO2 intensity diesel";4,07664e-05;"Diesel bio"
2050;"DE";"BAU";"Removed policies";"tCO2e/kWh";"CO2 intensity diesel";4,07664e-05;"Diesel bio"
2050;"DE";"BAU";"Sensitivity | Current Policies | Interest rate";"tCO2e/kWh";"CO2 intensity diesel";4,07664e-05;"Diesel bio"
2050;"DE";"BAU";"Sensitivity | Current Policies | Removed CO2 price";"tCO2e/kWh";"CO2 intensity diesel";4,07664e-05;"Diesel bio"
2050;"DE";"BAU";"Sensitivity | Current Policies | Resale value";"tCO2e/kWh";"CO2 intensity diesel";4,07664e-05;"Diesel bio"
2050;"DE";"BAU";"Sensitivity | Current Policies | Urban depot-only charging";"tCO2e/kWh";"CO2 intensity diesel";4,07664e-05;"Diesel bio"
2050;"DE";"BAU";"Sensitivity | Current Policies | Vehicle insurance";"tCO2e/kWh";"CO2 intensity diesel";4,07664e-05;"Diesel bio"
2050;"DE";"BAU";"Sensitivity | Current policies | Removed diesel efficiency gains";"tCO2e/kWh";"CO2 intensity diesel";4,07664e-05;"Diesel bio"
2050;"DE";"BAU";"Sensitivity | Removed policies except for H2 tax reduction";"tCO2e/kWh";"CO2 intensity diesel";4,07664e-05;"Diesel bio"
2050;"DE";"BAU";"Sensitivity | Removed policies except for bio/syn fuel mandates";"tCO2e/kWh";"CO2 intensity diesel";4,07664e-05;"Diesel bio"
2050;"DE";"BAU";"Sensitivity | Removed policies | Removed diesel efficiency gains";"tCO2e/kWh";"CO2 intensity diesel";4,07664e-05;"Diesel bio"
2050;"DE";"PROG";"Current policies";"tCO2e/kWh";"CO2 intensity diesel";4,07664e-05;"Diesel bio"
2050;"DE";"PROG";"Removed policies";"tCO2e/kWh";"CO2 intensity diesel";4,07664e-05;"Diesel bio"
2050;"DE";"PROG";"Sensitivity | Current Policies | Removed CO2 price";"tCO2e/kWh";"CO2 intensity diesel";4,07664e-05;"Diesel bio"
2050;"DE";"PROG";"Sensitivity | Current Policies | Urban depot-only charging";"tCO2e/kWh";"CO2 intensity diesel";4,07664e-05;"Diesel bio"
2050;"DE";"PROG";"Sensitivity | Current policies | Removed diesel efficiency gains";"tCO2e/kWh";"CO2 intensity diesel";4,07664e-05;"Diesel bio"
2050;"DE";"PROG";"Sensitivity | Removed policies except for H2 tax reduction";"tCO2e/kWh";"CO2 intensity diesel";4,07664e-05;"Diesel bio"
2050;"DE";"PROG";"Sensitivity | Removed policies except for bio/syn fuel mandates";"tCO2e/kWh";"CO2 intensity diesel";4,07664e-05;"Diesel bio"
2050;"DE";"PROG";"Sensitivity | Removed policies | Removed diesel efficiency gains";"tCO2e/kWh";"CO2 intensity diesel";4,07664e-05;"Diesel bio"
2050;"ES";"BAU";"Current policies";"tCO2e/kWh";"CO2 intensity diesel";4,07664e-05;"Diesel bio"
2050;"ES";"BAU";"Removed policies";"tCO2e/kWh";"CO2 intensity diesel";4,07664e-05;"Diesel bio"
2050;"ES";"BAU";"Sensitivity | Current Policies | Interest rate";"tCO2e/kWh";"CO2 intensity diesel";4,07664e-05;"Diesel bio"
2050;"ES";"BAU";"Sensitivity | Current Policies | Removed CO2 price";"tCO2e/kWh";"CO2 intensity diesel";4,07664e-05;"Diesel bio"
2050;"ES";"BAU";"Sensitivity | Current Policies | Resale value";"tCO2e/kWh";"CO2 intensity diesel";4,07664e-05;"Diesel bio"
2050;"ES";"BAU";"Sensitivity | Current Policies | Urban depot-only charging";"tCO2e/kWh";"CO2 intensity diesel";4,07664e-05;"Diesel bio"
2050;"ES";"BAU";"Sensitivity | Current Policies | Vehicle insurance";"tCO2e/kWh";"CO2 intensity diesel";4,07664e-05;"Diesel bio"
2050;"ES";"BAU";"Sensitivity | Current policies | Removed diesel efficiency gains";"tCO2e/kWh";"CO2 intensity diesel";4,07664e-05;"Diesel bio"
2050;"ES";"BAU";"Sensitivity | Removed policies except for H2 tax reduction";"tCO2e/kWh";"CO2 intensity diesel";4,07664e-05;"Diesel bio"
2050;"ES";"BAU";"Sensitivity | Removed policies except for bio/syn fuel mandates";"tCO2e/kWh";"CO2 intensity diesel";4,07664e-05;"Diesel bio"
2050;"ES";"BAU";"Sensitivity | Removed policies | Removed diesel efficiency gains";"tCO2e/kWh";"CO2 intensity diesel";4,07664e-05;"Diesel bio"
2050;"ES";"PROG";"Current policies";"tCO2e/kWh";"CO2 intensity diesel";4,07664e-05;"Diesel bio"
2050;"ES";"PROG";"Removed policies";"tCO2e/kWh";"CO2 intensity diesel";4,07664e-05;"Diesel bio"
2050;"ES";"PROG";"Sensitivity | Current Policies | Removed CO2 price";"tCO2e/kWh";"CO2 intensity diesel";4,07664e-05;"Diesel bio"
2050;"ES";"PROG";"Sensitivity | Current Policies | Urban depot-only charging";"tCO2e/kWh";"CO2 intensity diesel";4,07664e-05;"Diesel bio"
2050;"ES";"PROG";"Sensitivity | Current policies | Removed diesel efficiency gains";"tCO2e/kWh";"CO2 intensity diesel";4,07664e-05;"Diesel bio"
2050;"ES";"PROG";"Sensitivity | Removed policies except for H2 tax reduction";"tCO2e/kWh";"CO2 intensity diesel";4,07664e-05;"Diesel bio"
2050;"ES";"PROG";"Sensitivity | Removed policies except for bio/syn fuel mandates";"tCO2e/kWh";"CO2 intensity diesel";4,07664e-05;"Diesel bio"
2050;"ES";"PROG";"Sensitivity | Removed policies | Removed diesel efficiency gains";"tCO2e/kWh";"CO2 intensity diesel";4,07664e-05;"Diesel bio"
2050;"FR";"BAU";"Current policies";"tCO2e/kWh";"CO2 intensity diesel";4,07664e-05;"Diesel bio"
2050;"FR";"BAU";"Removed policies";"tCO2e/kWh";"CO2 intensity diesel";4,07664e-05;"Diesel bio"
2050;"FR";"BAU";"Sensitivity | Current Policies | Interest rate";"tCO2e/kWh";"CO2 intensity diesel";4,07664e-05;"Diesel bio"
2050;"FR";"BAU";"Sensitivity | Current Policies | Removed CO2 price";"tCO2e/kWh";"CO2 intensity diesel";4,07664e-05;"Diesel bio"
2050;"FR";"BAU";"Sensitivity | Current Policies | Resale value";"tCO2e/kWh";"CO2 intensity diesel";4,07664e-05;"Diesel bio"
2050;"FR";"BAU";"Sensitivity | Current Policies | Urban depot-only charging";"tCO2e/kWh";"CO2 intensity diesel";4,07664e-05;"Diesel bio"
2050;"FR";"BAU";"Sensitivity | Current Policies | Vehicle insurance";"tCO2e/kWh";"CO2 intensity diesel";4,07664e-05;"Diesel bio"
2050;"FR";"BAU";"Sensitivity | Current policies | Removed diesel efficiency gains";"tCO2e/kWh";"CO2 intensity diesel";4,07664e-05;"Diesel bio"
2050;"FR";"BAU";"Sensitivity | Removed policies except for H2 tax reduction";"tCO2e/kWh";"CO2 intensity diesel";4,07664e-05;"Diesel bio"
2050;"FR";"BAU";"Sensitivity | Removed policies except for bio/syn fuel mandates";"tCO2e/kWh";"CO2 intensity diesel";4,07664e-05;"Diesel bio"
2050;"FR";"BAU";"Sensitivity | Removed policies | Removed diesel efficiency gains";"tCO2e/kWh";"CO2 intensity diesel";4,07664e-05;"Diesel bio"
2050;"FR";"PROG";"Current policies";"tCO2e/kWh";"CO2 intensity diesel";4,07664e-05;"Diesel bio"
2050;"FR";"PROG";"Removed policies";"tCO2e/kWh";"CO2 intensity diesel";4,07664e-05;"Diesel bio"
2050;"FR";"PROG";"Sensitivity | Current Policies | Removed CO2 price";"tCO2e/kWh";"CO2 intensity diesel";4,07664e-05;"Diesel bio"
2050;"FR";"PROG";"Sensitivity | Current Policies | Urban depot-only charging";"tCO2e/kWh";"CO2 intensity diesel";4,07664e-05;"Diesel bio"
2050;"FR";"PROG";"Sensitivity | Current policies | Removed diesel efficiency gains";"tCO2e/kWh";"CO2 intensity diesel";4,07664e-05;"Diesel bio"
2050;"FR";"PROG";"Sensitivity | Removed policies except for H2 tax reduction";"tCO2e/kWh";"CO2 intensity diesel";4,07664e-05;"Diesel bio"
2050;"FR";"PROG";"Sensitivity | Removed policies except for bio/syn fuel mandates";"tCO2e/kWh";"CO2 intensity diesel";4,07664e-05;"Diesel bio"
2050;"FR";"PROG";"Sensitivity | Removed policies | Removed diesel efficiency gains";"tCO2e/kWh";"CO2 intensity diesel";4,07664e-05;"Diesel bio"
2050;"IT";"BAU";"Current policies";"tCO2e/kWh";"CO2 intensity diesel";4,07664e-05;"Diesel bio"
2050;"IT";"BAU";"Removed policies";"tCO2e/kWh";"CO2 intensity diesel";4,07664e-05;"Diesel bio"
2050;"IT";"BAU";"Sensitivity | Current Policies | Interest rate";"tCO2e/kWh";"CO2 intensity diesel";4,07664e-05;"Diesel bio"
2050;"IT";"BAU";"Sensitivity | Current Policies | Removed CO2 price";"tCO2e/kWh";"CO2 intensity diesel";4,07664e-05;"Diesel bio"
2050;"IT";"BAU";"Sensitivity | Current Policies | Resale value";"tCO2e/kWh";"CO2 intensity diesel";4,07664e-05;"Diesel bio"
2050;"IT";"BAU";"Sensitivity | Current Policies | Urban depot-only charging";"tCO2e/kWh";"CO2 intensity diesel";4,07664e-05;"Diesel bio"
2050;"IT";"BAU";"Sensitivity | Current Policies | Vehicle insurance";"tCO2e/kWh";"CO2 intensity diesel";4,07664e-05;"Diesel bio"
2050;"IT";"BAU";"Sensitivity | Current policies | Removed diesel efficiency gains";"tCO2e/kWh";"CO2 intensity diesel";4,07664e-05;"Diesel bio"
2050;"IT";"BAU";"Sensitivity | Removed policies except for H2 tax reduction";"tCO2e/kWh";"CO2 intensity diesel";4,07664e-05;"Diesel bio"
2050;"IT";"BAU";"Sensitivity | Removed policies except for bio/syn fuel mandates";"tCO2e/kWh";"CO2 intensity diesel";4,07664e-05;"Diesel bio"
2050;"IT";"BAU";"Sensitivity | Removed policies | Removed diesel efficiency gains";"tCO2e/kWh";"CO2 intensity diesel";4,07664e-05;"Diesel bio"
2050;"IT";"PROG";"Current policies";"tCO2e/kWh";"CO2 intensity diesel";4,07664e-05;"Diesel bio"
2050;"IT";"PROG";"Removed policies";"tCO2e/kWh";"CO2 intensity diesel";4,07664e-05;"Diesel bio"
2050;"IT";"PROG";"Sensitivity | Current Policies | Removed CO2 price";"tCO2e/kWh";"CO2 intensity diesel";4,07664e-05;"Diesel bio"
2050;"IT";"PROG";"Sensitivity | Current Policies | Urban depot-only charging";"tCO2e/kWh";"CO2 intensity diesel";4,07664e-05;"Diesel bio"
2050;"IT";"PROG";"Sensitivity | Current policies | Removed diesel efficiency gains";"tCO2e/kWh";"CO2 intensity diesel";4,07664e-05;"Diesel bio"
2050;"IT";"PROG";"Sensitivity | Removed policies except for H2 tax reduction";"tCO2e/kWh";"CO2 intensity diesel";4,07664e-05;"Diesel bio"
2050;"IT";"PROG";"Sensitivity | Removed policies except for bio/syn fuel mandates";"tCO2e/kWh";"CO2 intensity diesel";4,07664e-05;"Diesel bio"
2050;"IT";"PROG";"Sensitivity | Removed policies | Removed diesel efficiency gains";"tCO2e/kWh";"CO2 intensity diesel";4,07664e-05;"Diesel bio"
2050;"NL";"BAU";"Current policies";"tCO2e/kWh";"CO2 intensity diesel";4,07664e-05;"Diesel bio"
2050;"NL";"BAU";"Removed policies";"tCO2e/kWh";"CO2 intensity diesel";4,07664e-05;"Diesel bio"
2050;"NL";"BAU";"Sensitivity | Current Policies | Interest rate";"tCO2e/kWh";"CO2 intensity diesel";4,07664e-05;"Diesel bio"
2050;"NL";"BAU";"Sensitivity | Current Policies | Removed CO2 price";"tCO2e/kWh";"CO2 intensity diesel";4,07664e-05;"Diesel bio"
2050;"NL";"BAU";"Sensitivity | Current Policies | Resale value";"tCO2e/kWh";"CO2 intensity diesel";4,07664e-05;"Diesel bio"
2050;"NL";"BAU";"Sensitivity | Current Policies | Urban depot-only charging";"tCO2e/kWh";"CO2 intensity diesel";4,07664e-05;"Diesel bio"
2050;"NL";"BAU";"Sensitivity | Current Policies | Vehicle insurance";"tCO2e/kWh";"CO2 intensity diesel";4,07664e-05;"Diesel bio"
2050;"NL";"BAU";"Sensitivity | Current policies | Removed diesel efficiency gains";"tCO2e/kWh";"CO2 intensity diesel";4,07664e-05;"Diesel bio"
2050;"NL";"BAU";"Sensitivity | Removed policies except for H2 tax reduction";"tCO2e/kWh";"CO2 intensity diesel";4,07664e-05;"Diesel bio"
2050;"NL";"BAU";"Sensitivity | Removed policies except for bio/syn fuel mandates";"tCO2e/kWh";"CO2 intensity diesel";4,07664e-05;"Diesel bio"
2050;"NL";"BAU";"Sensitivity | Removed policies | Removed diesel efficiency gains";"tCO2e/kWh";"CO2 intensity diesel";4,07664e-05;"Diesel bio"
2050;"NL";"PROG";"Current policies";"tCO2e/kWh";"CO2 intensity diesel";4,07664e-05;"Diesel bio"
2050;"NL";"PROG";"Removed policies";"tCO2e/kWh";"CO2 intensity diesel";4,07664e-05;"Diesel bio"
2050;"NL";"PROG";"Sensitivity | Current Policies | Removed CO2 price";"tCO2e/kWh";"CO2 intensity diesel";4,07664e-05;"Diesel bio"
2050;"NL";"PROG";"Sensitivity | Current Policies | Urban depot-only charging";"tCO2e/kWh";"CO2 intensity diesel";4,07664e-05;"Diesel bio"
2050;"NL";"PROG";"Sensitivity | Current policies | Removed diesel efficiency gains";"tCO2e/kWh";"CO2 intensity diesel";4,07664e-05;"Diesel bio"
2050;"NL";"PROG";"Sensitivity | Removed policies except for H2 tax reduction";"tCO2e/kWh";"CO2 intensity diesel";4,07664e-05;"Diesel bio"
2050;"NL";"PROG";"Sensitivity | Removed policies except for bio/syn fuel mandates";"tCO2e/kWh";"CO2 intensity diesel";4,07664e-05;"Diesel bio"
2050;"NL";"PROG";"Sensitivity | Removed policies | Removed diesel efficiency gains";"tCO2e/kWh";"CO2 intensity diesel";4,07664e-05;"Diesel bio"
2050;"PL";"BAU";"Current policies";"tCO2e/kWh";"CO2 intensity diesel";4,07664e-05;"Diesel bio"
2050;"PL";"BAU";"Removed policies";"tCO2e/kWh";"CO2 intensity diesel";4,07664e-05;"Diesel bio"
2050;"PL";"BAU";"Sensitivity | Current Policies | Interest rate";"tCO2e/kWh";"CO2 intensity diesel";4,07664e-05;"Diesel bio"
2050;"PL";"BAU";"Sensitivity | Current Policies | Removed CO2 price";"tCO2e/kWh";"CO2 intensity diesel";4,07664e-05;"Diesel bio"
2050;"PL";"BAU";"Sensitivity | Current Policies | Resale value";"tCO2e/kWh";"CO2 intensity diesel";4,07664e-05;"Diesel bio"
2050;"PL";"BAU";"Sensitivity | Current Policies | Urban depot-only charging";"tCO2e/kWh";"CO2 intensity diesel";4,07664e-05;"Diesel bio"
2050;"PL";"BAU";"Sensitivity | Current Policies | Vehicle insurance";"tCO2e/kWh";"CO2 intensity diesel";4,07664e-05;"Diesel bio"
2050;"PL";"BAU";"Sensitivity | Current policies | Removed diesel efficiency gains";"tCO2e/kWh";"CO2 intensity diesel";4,07664e-05;"Diesel bio"
2050;"PL";"BAU";"Sensitivity | Removed policies except for H2 tax reduction";"tCO2e/kWh";"CO2 intensity diesel";4,07664e-05;"Diesel bio"
2050;"PL";"BAU";"Sensitivity | Removed policies except for bio/syn fuel mandates";"tCO2e/kWh";"CO2 intensity diesel";4,07664e-05;"Diesel bio"
2050;"PL";"BAU";"Sensitivity | Removed policies | Removed diesel efficiency gains";"tCO2e/kWh";"CO2 intensity diesel";4,07664e-05;"Diesel bio"
2050;"PL";"PROG";"Current policies";"tCO2e/kWh";"CO2 intensity diesel";4,07664e-05;"Diesel bio"
2050;"PL";"PROG";"Removed policies";"tCO2e/kWh";"CO2 intensity diesel";4,07664e-05;"Diesel bio"
2050;"PL";"PROG";"Sensitivity | Current Policies | Removed CO2 price";"tCO2e/kWh";"CO2 intensity diesel";4,07664e-05;"Diesel bio"
2050;"PL";"PROG";"Sensitivity | Current Policies | Urban depot-only charging";"tCO2e/kWh";"CO2 intensity diesel";4,07664e-05;"Diesel bio"
2050;"PL";"PROG";"Sensitivity | Current policies | Removed diesel efficiency gains";"tCO2e/kWh";"CO2 intensity diesel";4,07664e-05;"Diesel bio"
2050;"PL";"PROG";"Sensitivity | Removed policies except for H2 tax reduction";"tCO2e/kWh";"CO2 intensity diesel";4,07664e-05;"Diesel bio"
2050;"PL";"PROG";"Sensitivity | Removed policies except for bio/syn fuel mandates";"tCO2e/kWh";"CO2 intensity diesel";4,07664e-05;"Diesel bio"
2050;"PL";"PROG";"Sensitivity | Removed policies | Removed diesel efficiency gains";"tCO2e/kWh";"CO2 intensity diesel";4,07664e-05;"Diesel bio"
2050;"UK";"BAU";"Current policies";"tCO2e/kWh";"CO2 intensity diesel";4,07664e-05;"Diesel bio"
2050;"UK";"BAU";"Removed policies";"tCO2e/kWh";"CO2 intensity diesel";4,07664e-05;"Diesel bio"
2050;"UK";"BAU";"Sensitivity | Current Policies | Interest rate";"tCO2e/kWh";"CO2 intensity diesel";4,07664e-05;"Diesel bio"
2050;"UK";"BAU";"Sensitivity | Current Policies | Removed CO2 price";"tCO2e/kWh";"CO2 intensity diesel";4,07664e-05;"Diesel bio"
2050;"UK";"BAU";"Sensitivity | Current Policies | Resale value";"tCO2e/kWh";"CO2 intensity diesel";4,07664e-05;"Diesel bio"
2050;"UK";"BAU";"Sensitivity | Current Policies | Urban depot-only charging";"tCO2e/kWh";"CO2 intensity diesel";4,07664e-05;"Diesel bio"
2050;"UK";"BAU";"Sensitivity | Current Policies | Vehicle insurance";"tCO2e/kWh";"CO2 intensity diesel";4,07664e-05;"Diesel bio"
2050;"UK";"BAU";"Sensitivity | Current policies | Removed diesel efficiency gains";"tCO2e/kWh";"CO2 intensity diesel";4,07664e-05;"Diesel bio"
2050;"UK";"BAU";"Sensitivity | Removed policies except for H2 tax reduction";"tCO2e/kWh";"CO2 intensity diesel";4,07664e-05;"Diesel bio"
2050;"UK";"BAU";"Sensitivity | Removed policies except for bio/syn fuel mandates";"tCO2e/kWh";"CO2 intensity diesel";4,07664e-05;"Diesel bio"
2050;"UK";"BAU";"Sensitivity | Removed policies | Removed diesel efficiency gains";"tCO2e/kWh";"CO2 intensity diesel";4,07664e-05;"Diesel bio"
2050;"UK";"PROG";"Current policies";"tCO2e/kWh";"CO2 intensity diesel";4,07664e-05;"Diesel bio"
2050;"UK";"PROG";"Removed policies";"tCO2e/kWh";"CO2 intensity diesel";4,07664e-05;"Diesel bio"
2050;"UK";"PROG";"Sensitivity | Current Policies | Removed CO2 price";"tCO2e/kWh";"CO2 intensity diesel";4,07664e-05;"Diesel bio"
2050;"UK";"PROG";"Sensitivity | Current Policies | Urban depot-only charging";"tCO2e/kWh";"CO2 intensity diesel";4,07664e-05;"Diesel bio"
2050;"UK";"PROG";"Sensitivity | Current policies | Removed diesel efficiency gains";"tCO2e/kWh";"CO2 intensity diesel";4,07664e-05;"Diesel bio"
2050;"UK";"PROG";"Sensitivity | Removed policies except for H2 tax reduction";"tCO2e/kWh";"CO2 intensity diesel";4,07664e-05;"Diesel bio"
2050;"UK";"PROG";"Sensitivity | Removed policies except for bio/syn fuel mandates";"tCO2e/kWh";"CO2 intensity diesel";4,07664e-05;"Diesel bio"
2050;"UK";"PROG";"Sensitivity | Removed policies | Removed diesel efficiency gains";"tCO2e/kWh";"CO2 intensity diesel";4,07664e-05;"Diesel bio"
2030;"DE";"BAU";"Current policies";"tCO2e/kWh";"CO2 intensity diesel";0;"Diesel syn"
2030;"DE";"BAU";"Removed policies";"tCO2e/kWh";"CO2 intensity diesel";0;"Diesel syn"
2030;"DE";"BAU";"Sensitivity | Current Policies | Interest rate";"tCO2e/kWh";"CO2 intensity diesel";0;"Diesel syn"
2030;"DE";"BAU";"Sensitivity | Current Policies | Removed CO2 price";"tCO2e/kWh";"CO2 intensity diesel";0;"Diesel syn"
2030;"DE";"BAU";"Sensitivity | Current Policies | Resale value";"tCO2e/kWh";"CO2 intensity diesel";0;"Diesel syn"
2030;"DE";"BAU";"Sensitivity | Current Policies | Urban depot-only charging";"tCO2e/kWh";"CO2 intensity diesel";0;"Diesel syn"
2030;"DE";"BAU";"Sensitivity | Current Policies | Vehicle insurance";"tCO2e/kWh";"CO2 intensity diesel";0;"Diesel syn"
2030;"DE";"BAU";"Sensitivity | Current policies | Removed diesel efficiency gains";"tCO2e/kWh";"CO2 intensity diesel";0;"Diesel syn"
2030;"DE";"BAU";"Sensitivity | Removed policies except for H2 tax reduction";"tCO2e/kWh";"CO2 intensity diesel";0;"Diesel syn"
2030;"DE";"BAU";"Sensitivity | Removed policies except for bio/syn fuel mandates";"tCO2e/kWh";"CO2 intensity diesel";0;"Diesel syn"
2030;"DE";"BAU";"Sensitivity | Removed policies | Removed diesel efficiency gains";"tCO2e/kWh";"CO2 intensity diesel";0;"Diesel syn"
2030;"DE";"PROG";"Current policies";"tCO2e/kWh";"CO2 intensity diesel";0;"Diesel syn"
2030;"DE";"PROG";"Removed policies";"tCO2e/kWh";"CO2 intensity diesel";0;"Diesel syn"
2030;"DE";"PROG";"Sensitivity | Current Policies | Removed CO2 price";"tCO2e/kWh";"CO2 intensity diesel";0;"Diesel syn"
2030;"DE";"PROG";"Sensitivity | Current Policies | Urban depot-only charging";"tCO2e/kWh";"CO2 intensity diesel";0;"Diesel syn"
2030;"DE";"PROG";"Sensitivity | Current policies | Removed diesel efficiency gains";"tCO2e/kWh";"CO2 intensity diesel";0;"Diesel syn"
2030;"DE";"PROG";"Sensitivity | Removed policies except for H2 tax reduction";"tCO2e/kWh";"CO2 intensity diesel";0;"Diesel syn"
2030;"DE";"PROG";"Sensitivity | Removed policies except for bio/syn fuel mandates";"tCO2e/kWh";"CO2 intensity diesel";0;"Diesel syn"
2030;"DE";"PROG";"Sensitivity | Removed policies | Removed diesel efficiency gains";"tCO2e/kWh";"CO2 intensity diesel";0;"Diesel syn"
2030;"ES";"BAU";"Current policies";"tCO2e/kWh";"CO2 intensity diesel";0;"Diesel syn"
2030;"ES";"BAU";"Removed policies";"tCO2e/kWh";"CO2 intensity diesel";0;"Diesel syn"
2030;"ES";"BAU";"Sensitivity | Current Policies | Interest rate";"tCO2e/kWh";"CO2 intensity diesel";0;"Diesel syn"
2030;"ES";"BAU";"Sensitivity | Current Policies | Removed CO2 price";"tCO2e/kWh";"CO2 intensity diesel";0;"Diesel syn"
2030;"ES";"BAU";"Sensitivity | Current Policies | Resale value";"tCO2e/kWh";"CO2 intensity diesel";0;"Diesel syn"
2030;"ES";"BAU";"Sensitivity | Current Policies | Urban depot-only charging";"tCO2e/kWh";"CO2 intensity diesel";0;"Diesel syn"
2030;"ES";"BAU";"Sensitivity | Current Policies | Vehicle insurance";"tCO2e/kWh";"CO2 intensity diesel";0;"Diesel syn"
2030;"ES";"BAU";"Sensitivity | Current policies | Removed diesel efficiency gains";"tCO2e/kWh";"CO2 intensity diesel";0;"Diesel syn"
2030;"ES";"BAU";"Sensitivity | Removed policies except for H2 tax reduction";"tCO2e/kWh";"CO2 intensity diesel";0;"Diesel syn"
2030;"ES";"BAU";"Sensitivity | Removed policies except for bio/syn fuel mandates";"tCO2e/kWh";"CO2 intensity diesel";0;"Diesel syn"
2030;"ES";"BAU";"Sensitivity | Removed policies | Removed diesel efficiency gains";"tCO2e/kWh";"CO2 intensity diesel";0;"Diesel syn"
2030;"ES";"PROG";"Current policies";"tCO2e/kWh";"CO2 intensity diesel";0;"Diesel syn"
2030;"ES";"PROG";"Removed policies";"tCO2e/kWh";"CO2 intensity diesel";0;"Diesel syn"
2030;"ES";"PROG";"Sensitivity | Current Policies | Removed CO2 price";"tCO2e/kWh";"CO2 intensity diesel";0;"Diesel syn"
2030;"ES";"PROG";"Sensitivity | Current Policies | Urban depot-only charging";"tCO2e/kWh";"CO2 intensity diesel";0;"Diesel syn"
2030;"ES";"PROG";"Sensitivity | Current policies | Removed diesel efficiency gains";"tCO2e/kWh";"CO2 intensity diesel";0;"Diesel syn"
2030;"ES";"PROG";"Sensitivity | Removed policies except for H2 tax reduction";"tCO2e/kWh";"CO2 intensity diesel";0;"Diesel syn"
2030;"ES";"PROG";"Sensitivity | Removed policies except for bio/syn fuel mandates";"tCO2e/kWh";"CO2 intensity diesel";0;"Diesel syn"
2030;"ES";"PROG";"Sensitivity | Removed policies | Removed diesel efficiency gains";"tCO2e/kWh";"CO2 intensity diesel";0;"Diesel syn"
2030;"FR";"BAU";"Current policies";"tCO2e/kWh";"CO2 intensity diesel";0;"Diesel syn"
2030;"FR";"BAU";"Removed policies";"tCO2e/kWh";"CO2 intensity diesel";0;"Diesel syn"
2030;"FR";"BAU";"Sensitivity | Current Policies | Interest rate";"tCO2e/kWh";"CO2 intensity diesel";0;"Diesel syn"
2030;"FR";"BAU";"Sensitivity | Current Policies | Removed CO2 price";"tCO2e/kWh";"CO2 intensity diesel";0;"Diesel syn"
2030;"FR";"BAU";"Sensitivity | Current Policies | Resale value";"tCO2e/kWh";"CO2 intensity diesel";0;"Diesel syn"
2030;"FR";"BAU";"Sensitivity | Current Policies | Urban depot-only charging";"tCO2e/kWh";"CO2 intensity diesel";0;"Diesel syn"
2030;"FR";"BAU";"Sensitivity | Current Policies | Vehicle insurance";"tCO2e/kWh";"CO2 intensity diesel";0;"Diesel syn"
2030;"FR";"BAU";"Sensitivity | Current policies | Removed diesel efficiency gains";"tCO2e/kWh";"CO2 intensity diesel";0;"Diesel syn"
2030;"FR";"BAU";"Sensitivity | Removed policies except for H2 tax reduction";"tCO2e/kWh";"CO2 intensity diesel";0;"Diesel syn"
2030;"FR";"BAU";"Sensitivity | Removed policies except for bio/syn fuel mandates";"tCO2e/kWh";"CO2 intensity diesel";0;"Diesel syn"
2030;"FR";"BAU";"Sensitivity | Removed policies | Removed diesel efficiency gains";"tCO2e/kWh";"CO2 intensity diesel";0;"Diesel syn"
2030;"FR";"PROG";"Current policies";"tCO2e/kWh";"CO2 intensity diesel";0;"Diesel syn"
2030;"FR";"PROG";"Removed policies";"tCO2e/kWh";"CO2 intensity diesel";0;"Diesel syn"
2030;"FR";"PROG";"Sensitivity | Current Policies | Removed CO2 price";"tCO2e/kWh";"CO2 intensity diesel";0;"Diesel syn"
2030;"FR";"PROG";"Sensitivity | Current Policies | Urban depot-only charging";"tCO2e/kWh";"CO2 intensity diesel";0;"Diesel syn"
2030;"FR";"PROG";"Sensitivity | Current policies | Removed diesel efficiency gains";"tCO2e/kWh";"CO2 intensity diesel";0;"Diesel syn"
2030;"FR";"PROG";"Sensitivity | Removed policies except for H2 tax reduction";"tCO2e/kWh";"CO2 intensity diesel";0;"Diesel syn"
2030;"FR";"PROG";"Sensitivity | Removed policies except for bio/syn fuel mandates";"tCO2e/kWh";"CO2 intensity diesel";0;"Diesel syn"
2030;"FR";"PROG";"Sensitivity | Removed policies | Removed diesel efficiency gains";"tCO2e/kWh";"CO2 intensity diesel";0;"Diesel syn"
2030;"IT";"BAU";"Current policies";"tCO2e/kWh";"CO2 intensity diesel";0;"Diesel syn"
2030;"IT";"BAU";"Removed policies";"tCO2e/kWh";"CO2 intensity diesel";0;"Diesel syn"
2030;"IT";"BAU";"Sensitivity | Current Policies | Interest rate";"tCO2e/kWh";"CO2 intensity diesel";0;"Diesel syn"
2030;"IT";"BAU";"Sensitivity | Current Policies | Removed CO2 price";"tCO2e/kWh";"CO2 intensity diesel";0;"Diesel syn"
2030;"IT";"BAU";"Sensitivity | Current Policies | Resale value";"tCO2e/kWh";"CO2 intensity diesel";0;"Diesel syn"
2030;"IT";"BAU";"Sensitivity | Current Policies | Urban depot-only charging";"tCO2e/kWh";"CO2 intensity diesel";0;"Diesel syn"
2030;"IT";"BAU";"Sensitivity | Current Policies | Vehicle insurance";"tCO2e/kWh";"CO2 intensity diesel";0;"Diesel syn"
2030;"IT";"BAU";"Sensitivity | Current policies | Removed diesel efficiency gains";"tCO2e/kWh";"CO2 intensity diesel";0;"Diesel syn"
2030;"IT";"BAU";"Sensitivity | Removed policies except for H2 tax reduction";"tCO2e/kWh";"CO2 intensity diesel";0;"Diesel syn"
2030;"IT";"BAU";"Sensitivity | Removed policies except for bio/syn fuel mandates";"tCO2e/kWh";"CO2 intensity diesel";0;"Diesel syn"
2030;"IT";"BAU";"Sensitivity | Removed policies | Removed diesel efficiency gains";"tCO2e/kWh";"CO2 intensity diesel";0;"Diesel syn"
2030;"IT";"PROG";"Current policies";"tCO2e/kWh";"CO2 intensity diesel";0;"Diesel syn"
2030;"IT";"PROG";"Removed policies";"tCO2e/kWh";"CO2 intensity diesel";0;"Diesel syn"
2030;"IT";"PROG";"Sensitivity | Current Policies | Removed CO2 price";"tCO2e/kWh";"CO2 intensity diesel";0;"Diesel syn"
2030;"IT";"PROG";"Sensitivity | Current Policies | Urban depot-only charging";"tCO2e/kWh";"CO2 intensity diesel";0;"Diesel syn"
2030;"IT";"PROG";"Sensitivity | Current policies | Removed diesel efficiency gains";"tCO2e/kWh";"CO2 intensity diesel";0;"Diesel syn"
2030;"IT";"PROG";"Sensitivity | Removed policies except for H2 tax reduction";"tCO2e/kWh";"CO2 intensity diesel";0;"Diesel syn"
2030;"IT";"PROG";"Sensitivity | Removed policies except for bio/syn fuel mandates";"tCO2e/kWh";"CO2 intensity diesel";0;"Diesel syn"
2030;"IT";"PROG";"Sensitivity | Removed policies | Removed diesel efficiency gains";"tCO2e/kWh";"CO2 intensity diesel";0;"Diesel syn"
2030;"NL";"BAU";"Current policies";"tCO2e/kWh";"CO2 intensity diesel";0;"Diesel syn"
2030;"NL";"BAU";"Removed policies";"tCO2e/kWh";"CO2 intensity diesel";0;"Diesel syn"
2030;"NL";"BAU";"Sensitivity | Current Policies | Interest rate";"tCO2e/kWh";"CO2 intensity diesel";0;"Diesel syn"
2030;"NL";"BAU";"Sensitivity | Current Policies | Removed CO2 price";"tCO2e/kWh";"CO2 intensity diesel";0;"Diesel syn"
2030;"NL";"BAU";"Sensitivity | Current Policies | Resale value";"tCO2e/kWh";"CO2 intensity diesel";0;"Diesel syn"
2030;"NL";"BAU";"Sensitivity | Current Policies | Urban depot-only charging";"tCO2e/kWh";"CO2 intensity diesel";0;"Diesel syn"
2030;"NL";"BAU";"Sensitivity | Current Policies | Vehicle insurance";"tCO2e/kWh";"CO2 intensity diesel";0;"Diesel syn"
2030;"NL";"BAU";"Sensitivity | Current policies | Removed diesel efficiency gains";"tCO2e/kWh";"CO2 intensity diesel";0;"Diesel syn"
2030;"NL";"BAU";"Sensitivity | Removed policies except for H2 tax reduction";"tCO2e/kWh";"CO2 intensity diesel";0;"Diesel syn"
2030;"NL";"BAU";"Sensitivity | Removed policies except for bio/syn fuel mandates";"tCO2e/kWh";"CO2 intensity diesel";0;"Diesel syn"
2030;"NL";"BAU";"Sensitivity | Removed policies | Removed diesel efficiency gains";"tCO2e/kWh";"CO2 intensity diesel";0;"Diesel syn"
2030;"NL";"PROG";"Current policies";"tCO2e/kWh";"CO2 intensity diesel";0;"Diesel syn"
2030;"NL";"PROG";"Removed policies";"tCO2e/kWh";"CO2 intensity diesel";0;"Diesel syn"
2030;"NL";"PROG";"Sensitivity | Current Policies | Removed CO2 price";"tCO2e/kWh";"CO2 intensity diesel";0;"Diesel syn"
2030;"NL";"PROG";"Sensitivity | Current Policies | Urban depot-only charging";"tCO2e/kWh";"CO2 intensity diesel";0;"Diesel syn"
2030;"NL";"PROG";"Sensitivity | Current policies | Removed diesel efficiency gains";"tCO2e/kWh";"CO2 intensity diesel";0;"Diesel syn"
2030;"NL";"PROG";"Sensitivity | Removed policies except for H2 tax reduction";"tCO2e/kWh";"CO2 intensity diesel";0;"Diesel syn"
2030;"NL";"PROG";"Sensitivity | Removed policies except for bio/syn fuel mandates";"tCO2e/kWh";"CO2 intensity diesel";0;"Diesel syn"
2030;"NL";"PROG";"Sensitivity | Removed policies | Removed diesel efficiency gains";"tCO2e/kWh";"CO2 intensity diesel";0;"Diesel syn"
2030;"PL";"BAU";"Current policies";"tCO2e/kWh";"CO2 intensity diesel";0;"Diesel syn"
2030;"PL";"BAU";"Removed policies";"tCO2e/kWh";"CO2 intensity diesel";0;"Diesel syn"
2030;"PL";"BAU";"Sensitivity | Current Policies | Interest rate";"tCO2e/kWh";"CO2 intensity diesel";0;"Diesel syn"
2030;"PL";"BAU";"Sensitivity | Current Policies | Removed CO2 price";"tCO2e/kWh";"CO2 intensity diesel";0;"Diesel syn"
2030;"PL";"BAU";"Sensitivity | Current Policies | Resale value";"tCO2e/kWh";"CO2 intensity diesel";0;"Diesel syn"
2030;"PL";"BAU";"Sensitivity | Current Policies | Urban depot-only charging";"tCO2e/kWh";"CO2 intensity diesel";0;"Diesel syn"
2030;"PL";"BAU";"Sensitivity | Current Policies | Vehicle insurance";"tCO2e/kWh";"CO2 intensity diesel";0;"Diesel syn"
2030;"PL";"BAU";"Sensitivity | Current policies | Removed diesel efficiency gains";"tCO2e/kWh";"CO2 intensity diesel";0;"Diesel syn"
2030;"PL";"BAU";"Sensitivity | Removed policies except for H2 tax reduction";"tCO2e/kWh";"CO2 intensity diesel";0;"Diesel syn"
2030;"PL";"BAU";"Sensitivity | Removed policies except for bio/syn fuel mandates";"tCO2e/kWh";"CO2 intensity diesel";0;"Diesel syn"
2030;"PL";"BAU";"Sensitivity | Removed policies | Removed diesel efficiency gains";"tCO2e/kWh";"CO2 intensity diesel";0;"Diesel syn"
2030;"PL";"PROG";"Current policies";"tCO2e/kWh";"CO2 intensity diesel";0;"Diesel syn"
2030;"PL";"PROG";"Removed policies";"tCO2e/kWh";"CO2 intensity diesel";0;"Diesel syn"
2030;"PL";"PROG";"Sensitivity | Current Policies | Removed CO2 price";"tCO2e/kWh";"CO2 intensity diesel";0;"Diesel syn"
2030;"PL";"PROG";"Sensitivity | Current Policies | Urban depot-only charging";"tCO2e/kWh";"CO2 intensity diesel";0;"Diesel syn"
2030;"PL";"PROG";"Sensitivity | Current policies | Removed diesel efficiency gains";"tCO2e/kWh";"CO2 intensity diesel";0;"Diesel syn"
2030;"PL";"PROG";"Sensitivity | Removed policies except for H2 tax reduction";"tCO2e/kWh";"CO2 intensity diesel";0;"Diesel syn"
2030;"PL";"PROG";"Sensitivity | Removed policies except for bio/syn fuel mandates";"tCO2e/kWh";"CO2 intensity diesel";0;"Diesel syn"
2030;"PL";"PROG";"Sensitivity | Removed policies | Removed diesel efficiency gains";"tCO2e/kWh";"CO2 intensity diesel";0;"Diesel syn"
2030;"UK";"BAU";"Current policies";"tCO2e/kWh";"CO2 intensity diesel";0;"Diesel syn"
2030;"UK";"BAU";"Removed policies";"tCO2e/kWh";"CO2 intensity diesel";0;"Diesel syn"
2030;"UK";"BAU";"Sensitivity | Current Policies | Interest rate";"tCO2e/kWh";"CO2 intensity diesel";0;"Diesel syn"
2030;"UK";"BAU";"Sensitivity | Current Policies | Removed CO2 price";"tCO2e/kWh";"CO2 intensity diesel";0;"Diesel syn"
2030;"UK";"BAU";"Sensitivity | Current Policies | Resale value";"tCO2e/kWh";"CO2 intensity diesel";0;"Diesel syn"
2030;"UK";"BAU";"Sensitivity | Current Policies | Urban depot-only charging";"tCO2e/kWh";"CO2 intensity diesel";0;"Diesel syn"
2030;"UK";"BAU";"Sensitivity | Current Policies | Vehicle insurance";"tCO2e/kWh";"CO2 intensity diesel";0;"Diesel syn"
2030;"UK";"BAU";"Sensitivity | Current policies | Removed diesel efficiency gains";"tCO2e/kWh";"CO2 intensity diesel";0;"Diesel syn"
2030;"UK";"BAU";"Sensitivity | Removed policies except for H2 tax reduction";"tCO2e/kWh";"CO2 intensity diesel";0;"Diesel syn"
2030;"UK";"BAU";"Sensitivity | Removed policies except for bio/syn fuel mandates";"tCO2e/kWh";"CO2 intensity diesel";0;"Diesel syn"
2030;"UK";"BAU";"Sensitivity | Removed policies | Removed diesel efficiency gains";"tCO2e/kWh";"CO2 intensity diesel";0;"Diesel syn"
2030;"UK";"PROG";"Current policies";"tCO2e/kWh";"CO2 intensity diesel";0;"Diesel syn"
2030;"UK";"PROG";"Removed policies";"tCO2e/kWh";"CO2 intensity diesel";0;"Diesel syn"
2030;"UK";"PROG";"Sensitivity | Current Policies | Removed CO2 price";"tCO2e/kWh";"CO2 intensity diesel";0;"Diesel syn"
2030;"UK";"PROG";"Sensitivity | Current Policies | Urban depot-only charging";"tCO2e/kWh";"CO2 intensity diesel";0;"Diesel syn"
2030;"UK";"PROG";"Sensitivity | Current policies | Removed diesel efficiency gains";"tCO2e/kWh";"CO2 intensity diesel";0;"Diesel syn"
2030;"UK";"PROG";"Sensitivity | Removed policies except for H2 tax reduction";"tCO2e/kWh";"CO2 intensity diesel";0;"Diesel syn"
2030;"UK";"PROG";"Sensitivity | Removed policies except for bio/syn fuel mandates";"tCO2e/kWh";"CO2 intensity diesel";0;"Diesel syn"
2030;"UK";"PROG";"Sensitivity | Removed policies | Removed diesel efficiency gains";"tCO2e/kWh";"CO2 intensity diesel";0;"Diesel syn"
2035;"DE";"BAU";"Current policies";"tCO2e/kWh";"CO2 intensity diesel";0;"Diesel syn"
2035;"DE";"BAU";"Removed policies";"tCO2e/kWh";"CO2 intensity diesel";0;"Diesel syn"
2035;"DE";"BAU";"Sensitivity | Current Policies | Interest rate";"tCO2e/kWh";"CO2 intensity diesel";0;"Diesel syn"
2035;"DE";"BAU";"Sensitivity | Current Policies | Removed CO2 price";"tCO2e/kWh";"CO2 intensity diesel";0;"Diesel syn"
2035;"DE";"BAU";"Sensitivity | Current Policies | Resale value";"tCO2e/kWh";"CO2 intensity diesel";0;"Diesel syn"
2035;"DE";"BAU";"Sensitivity | Current Policies | Urban depot-only charging";"tCO2e/kWh";"CO2 intensity diesel";0;"Diesel syn"
2035;"DE";"BAU";"Sensitivity | Current Policies | Vehicle insurance";"tCO2e/kWh";"CO2 intensity diesel";0;"Diesel syn"
2035;"DE";"BAU";"Sensitivity | Current policies | Removed diesel efficiency gains";"tCO2e/kWh";"CO2 intensity diesel";0;"Diesel syn"
2035;"DE";"BAU";"Sensitivity | Removed policies except for H2 tax reduction";"tCO2e/kWh";"CO2 intensity diesel";0;"Diesel syn"
2035;"DE";"BAU";"Sensitivity | Removed policies except for bio/syn fuel mandates";"tCO2e/kWh";"CO2 intensity diesel";0;"Diesel syn"
2035;"DE";"BAU";"Sensitivity | Removed policies | Removed diesel efficiency gains";"tCO2e/kWh";"CO2 intensity diesel";0;"Diesel syn"
2035;"DE";"PROG";"Current policies";"tCO2e/kWh";"CO2 intensity diesel";0;"Diesel syn"
2035;"DE";"PROG";"Removed policies";"tCO2e/kWh";"CO2 intensity diesel";0;"Diesel syn"
2035;"DE";"PROG";"Sensitivity | Current Policies | Removed CO2 price";"tCO2e/kWh";"CO2 intensity diesel";0;"Diesel syn"
2035;"DE";"PROG";"Sensitivity | Current Policies | Urban depot-only charging";"tCO2e/kWh";"CO2 intensity diesel";0;"Diesel syn"
2035;"DE";"PROG";"Sensitivity | Current policies | Removed diesel efficiency gains";"tCO2e/kWh";"CO2 intensity diesel";0;"Diesel syn"
2035;"DE";"PROG";"Sensitivity | Removed policies except for H2 tax reduction";"tCO2e/kWh";"CO2 intensity diesel";0;"Diesel syn"
2035;"DE";"PROG";"Sensitivity | Removed policies except for bio/syn fuel mandates";"tCO2e/kWh";"CO2 intensity diesel";0;"Diesel syn"
2035;"DE";"PROG";"Sensitivity | Removed policies | Removed diesel efficiency gains";"tCO2e/kWh";"CO2 intensity diesel";0;"Diesel syn"
2035;"ES";"BAU";"Current policies";"tCO2e/kWh";"CO2 intensity diesel";0;"Diesel syn"
2035;"ES";"BAU";"Removed policies";"tCO2e/kWh";"CO2 intensity diesel";0;"Diesel syn"
2035;"ES";"BAU";"Sensitivity | Current Policies | Interest rate";"tCO2e/kWh";"CO2 intensity diesel";0;"Diesel syn"
2035;"ES";"BAU";"Sensitivity | Current Policies | Removed CO2 price";"tCO2e/kWh";"CO2 intensity diesel";0;"Diesel syn"
2035;"ES";"BAU";"Sensitivity | Current Policies | Resale value";"tCO2e/kWh";"CO2 intensity diesel";0;"Diesel syn"
2035;"ES";"BAU";"Sensitivity | Current Policies | Urban depot-only charging";"tCO2e/kWh";"CO2 intensity diesel";0;"Diesel syn"
2035;"ES";"BAU";"Sensitivity | Current Policies | Vehicle insurance";"tCO2e/kWh";"CO2 intensity diesel";0;"Diesel syn"
2035;"ES";"BAU";"Sensitivity | Current policies | Removed diesel efficiency gains";"tCO2e/kWh";"CO2 intensity diesel";0;"Diesel syn"
2035;"ES";"BAU";"Sensitivity | Removed policies except for H2 tax reduction";"tCO2e/kWh";"CO2 intensity diesel";0;"Diesel syn"
2035;"ES";"BAU";"Sensitivity | Removed policies except for bio/syn fuel mandates";"tCO2e/kWh";"CO2 intensity diesel";0;"Diesel syn"
2035;"ES";"BAU";"Sensitivity | Removed policies | Removed diesel efficiency gains";"tCO2e/kWh";"CO2 intensity diesel";0;"Diesel syn"
2035;"ES";"PROG";"Current policies";"tCO2e/kWh";"CO2 intensity diesel";0;"Diesel syn"
2035;"ES";"PROG";"Removed policies";"tCO2e/kWh";"CO2 intensity diesel";0;"Diesel syn"
2035;"ES";"PROG";"Sensitivity | Current Policies | Removed CO2 price";"tCO2e/kWh";"CO2 intensity diesel";0;"Diesel syn"
2035;"ES";"PROG";"Sensitivity | Current Policies | Urban depot-only charging";"tCO2e/kWh";"CO2 intensity diesel";0;"Diesel syn"
2035;"ES";"PROG";"Sensitivity | Current policies | Removed diesel efficiency gains";"tCO2e/kWh";"CO2 intensity diesel";0;"Diesel syn"
2035;"ES";"PROG";"Sensitivity | Removed policies except for H2 tax reduction";"tCO2e/kWh";"CO2 intensity diesel";0;"Diesel syn"
2035;"ES";"PROG";"Sensitivity | Removed policies except for bio/syn fuel mandates";"tCO2e/kWh";"CO2 intensity diesel";0;"Diesel syn"
2035;"ES";"PROG";"Sensitivity | Removed policies | Removed diesel efficiency gains";"tCO2e/kWh";"CO2 intensity diesel";0;"Diesel syn"
2035;"FR";"BAU";"Current policies";"tCO2e/kWh";"CO2 intensity diesel";0;"Diesel syn"
2035;"FR";"BAU";"Removed policies";"tCO2e/kWh";"CO2 intensity diesel";0;"Diesel syn"
2035;"FR";"BAU";"Sensitivity | Current Policies | Interest rate";"tCO2e/kWh";"CO2 intensity diesel";0;"Diesel syn"
2035;"FR";"BAU";"Sensitivity | Current Policies | Removed CO2 price";"tCO2e/kWh";"CO2 intensity diesel";0;"Diesel syn"
2035;"FR";"BAU";"Sensitivity | Current Policies | Resale value";"tCO2e/kWh";"CO2 intensity diesel";0;"Diesel syn"
2035;"FR";"BAU";"Sensitivity | Current Policies | Urban depot-only charging";"tCO2e/kWh";"CO2 intensity diesel";0;"Diesel syn"
2035;"FR";"BAU";"Sensitivity | Current Policies | Vehicle insurance";"tCO2e/kWh";"CO2 intensity diesel";0;"Diesel syn"
2035;"FR";"BAU";"Sensitivity | Current policies | Removed diesel efficiency gains";"tCO2e/kWh";"CO2 intensity diesel";0;"Diesel syn"
2035;"FR";"BAU";"Sensitivity | Removed policies except for H2 tax reduction";"tCO2e/kWh";"CO2 intensity diesel";0;"Diesel syn"
2035;"FR";"BAU";"Sensitivity | Removed policies except for bio/syn fuel mandates";"tCO2e/kWh";"CO2 intensity diesel";0;"Diesel syn"
2035;"FR";"BAU";"Sensitivity | Removed policies | Removed diesel efficiency gains";"tCO2e/kWh";"CO2 intensity diesel";0;"Diesel syn"
2035;"FR";"PROG";"Current policies";"tCO2e/kWh";"CO2 intensity diesel";0;"Diesel syn"
2035;"FR";"PROG";"Removed policies";"tCO2e/kWh";"CO2 intensity diesel";0;"Diesel syn"
2035;"FR";"PROG";"Sensitivity | Current Policies | Removed CO2 price";"tCO2e/kWh";"CO2 intensity diesel";0;"Diesel syn"
2035;"FR";"PROG";"Sensitivity | Current Policies | Urban depot-only charging";"tCO2e/kWh";"CO2 intensity diesel";0;"Diesel syn"
2035;"FR";"PROG";"Sensitivity | Current policies | Removed diesel efficiency gains";"tCO2e/kWh";"CO2 intensity diesel";0;"Diesel syn"
2035;"FR";"PROG";"Sensitivity | Removed policies except for H2 tax reduction";"tCO2e/kWh";"CO2 intensity diesel";0;"Diesel syn"
2035;"FR";"PROG";"Sensitivity | Removed policies except for bio/syn fuel mandates";"tCO2e/kWh";"CO2 intensity diesel";0;"Diesel syn"
2035;"FR";"PROG";"Sensitivity | Removed policies | Removed diesel efficiency gains";"tCO2e/kWh";"CO2 intensity diesel";0;"Diesel syn"
2035;"IT";"BAU";"Current policies";"tCO2e/kWh";"CO2 intensity diesel";0;"Diesel syn"
2035;"IT";"BAU";"Removed policies";"tCO2e/kWh";"CO2 intensity diesel";0;"Diesel syn"
2035;"IT";"BAU";"Sensitivity | Current Policies | Interest rate";"tCO2e/kWh";"CO2 intensity diesel";0;"Diesel syn"
2035;"IT";"BAU";"Sensitivity | Current Policies | Removed CO2 price";"tCO2e/kWh";"CO2 intensity diesel";0;"Diesel syn"
2035;"IT";"BAU";"Sensitivity | Current Policies | Resale value";"tCO2e/kWh";"CO2 intensity diesel";0;"Diesel syn"
2035;"IT";"BAU";"Sensitivity | Current Policies | Urban depot-only charging";"tCO2e/kWh";"CO2 intensity diesel";0;"Diesel syn"
2035;"IT";"BAU";"Sensitivity | Current Policies | Vehicle insurance";"tCO2e/kWh";"CO2 intensity diesel";0;"Diesel syn"
2035;"IT";"BAU";"Sensitivity | Current policies | Removed diesel efficiency gains";"tCO2e/kWh";"CO2 intensity diesel";0;"Diesel syn"
2035;"IT";"BAU";"Sensitivity | Removed policies except for H2 tax reduction";"tCO2e/kWh";"CO2 intensity diesel";0;"Diesel syn"
2035;"IT";"BAU";"Sensitivity | Removed policies except for bio/syn fuel mandates";"tCO2e/kWh";"CO2 intensity diesel";0;"Diesel syn"
2035;"IT";"BAU";"Sensitivity | Removed policies | Removed diesel efficiency gains";"tCO2e/kWh";"CO2 intensity diesel";0;"Diesel syn"
2035;"IT";"PROG";"Current policies";"tCO2e/kWh";"CO2 intensity diesel";0;"Diesel syn"
2035;"IT";"PROG";"Removed policies";"tCO2e/kWh";"CO2 intensity diesel";0;"Diesel syn"
2035;"IT";"PROG";"Sensitivity | Current Policies | Removed CO2 price";"tCO2e/kWh";"CO2 intensity diesel";0;"Diesel syn"
2035;"IT";"PROG";"Sensitivity | Current Policies | Urban depot-only charging";"tCO2e/kWh";"CO2 intensity diesel";0;"Diesel syn"
2035;"IT";"PROG";"Sensitivity | Current policies | Removed diesel efficiency gains";"tCO2e/kWh";"CO2 intensity diesel";0;"Diesel syn"
2035;"IT";"PROG";"Sensitivity | Removed policies except for H2 tax reduction";"tCO2e/kWh";"CO2 intensity diesel";0;"Diesel syn"
2035;"IT";"PROG";"Sensitivity | Removed policies except for bio/syn fuel mandates";"tCO2e/kWh";"CO2 intensity diesel";0;"Diesel syn"
2035;"IT";"PROG";"Sensitivity | Removed policies | Removed diesel efficiency gains";"tCO2e/kWh";"CO2 intensity diesel";0;"Diesel syn"
2035;"NL";"BAU";"Current policies";"tCO2e/kWh";"CO2 intensity diesel";0;"Diesel syn"
2035;"NL";"BAU";"Removed policies";"tCO2e/kWh";"CO2 intensity diesel";0;"Diesel syn"
2035;"NL";"BAU";"Sensitivity | Current Policies | Interest rate";"tCO2e/kWh";"CO2 intensity diesel";0;"Diesel syn"
2035;"NL";"BAU";"Sensitivity | Current Policies | Removed CO2 price";"tCO2e/kWh";"CO2 intensity diesel";0;"Diesel syn"
2035;"NL";"BAU";"Sensitivity | Current Policies | Resale value";"tCO2e/kWh";"CO2 intensity diesel";0;"Diesel syn"
2035;"NL";"BAU";"Sensitivity | Current Policies | Urban depot-only charging";"tCO2e/kWh";"CO2 intensity diesel";0;"Diesel syn"
2035;"NL";"BAU";"Sensitivity | Current Policies | Vehicle insurance";"tCO2e/kWh";"CO2 intensity diesel";0;"Diesel syn"
2035;"NL";"BAU";"Sensitivity | Current policies | Removed diesel efficiency gains";"tCO2e/kWh";"CO2 intensity diesel";0;"Diesel syn"
2035;"NL";"BAU";"Sensitivity | Removed policies except for H2 tax reduction";"tCO2e/kWh";"CO2 intensity diesel";0;"Diesel syn"
2035;"NL";"BAU";"Sensitivity | Removed policies except for bio/syn fuel mandates";"tCO2e/kWh";"CO2 intensity diesel";0;"Diesel syn"
2035;"NL";"BAU";"Sensitivity | Removed policies | Removed diesel efficiency gains";"tCO2e/kWh";"CO2 intensity diesel";0;"Diesel syn"
2035;"NL";"PROG";"Current policies";"tCO2e/kWh";"CO2 intensity diesel";0;"Diesel syn"
2035;"NL";"PROG";"Removed policies";"tCO2e/kWh";"CO2 intensity diesel";0;"Diesel syn"
2035;"NL";"PROG";"Sensitivity | Current Policies | Removed CO2 price";"tCO2e/kWh";"CO2 intensity diesel";0;"Diesel syn"
2035;"NL";"PROG";"Sensitivity | Current Policies | Urban depot-only charging";"tCO2e/kWh";"CO2 intensity diesel";0;"Diesel syn"
2035;"NL";"PROG";"Sensitivity | Current policies | Removed diesel efficiency gains";"tCO2e/kWh";"CO2 intensity diesel";0;"Diesel syn"
2035;"NL";"PROG";"Sensitivity | Removed policies except for H2 tax reduction";"tCO2e/kWh";"CO2 intensity diesel";0;"Diesel syn"
2035;"NL";"PROG";"Sensitivity | Removed policies except for bio/syn fuel mandates";"tCO2e/kWh";"CO2 intensity diesel";0;"Diesel syn"
2035;"NL";"PROG";"Sensitivity | Removed policies | Removed diesel efficiency gains";"tCO2e/kWh";"CO2 intensity diesel";0;"Diesel syn"
2035;"PL";"BAU";"Current policies";"tCO2e/kWh";"CO2 intensity diesel";0;"Diesel syn"
2035;"PL";"BAU";"Removed policies";"tCO2e/kWh";"CO2 intensity diesel";0;"Diesel syn"
2035;"PL";"BAU";"Sensitivity | Current Policies | Interest rate";"tCO2e/kWh";"CO2 intensity diesel";0;"Diesel syn"
2035;"PL";"BAU";"Sensitivity | Current Policies | Removed CO2 price";"tCO2e/kWh";"CO2 intensity diesel";0;"Diesel syn"
2035;"PL";"BAU";"Sensitivity | Current Policies | Resale value";"tCO2e/kWh";"CO2 intensity diesel";0;"Diesel syn"
2035;"PL";"BAU";"Sensitivity | Current Policies | Urban depot-only charging";"tCO2e/kWh";"CO2 intensity diesel";0;"Diesel syn"
2035;"PL";"BAU";"Sensitivity | Current Policies | Vehicle insurance";"tCO2e/kWh";"CO2 intensity diesel";0;"Diesel syn"
2035;"PL";"BAU";"Sensitivity | Current policies | Removed diesel efficiency gains";"tCO2e/kWh";"CO2 intensity diesel";0;"Diesel syn"
2035;"PL";"BAU";"Sensitivity | Removed policies except for H2 tax reduction";"tCO2e/kWh";"CO2 intensity diesel";0;"Diesel syn"
2035;"PL";"BAU";"Sensitivity | Removed policies except for bio/syn fuel mandates";"tCO2e/kWh";"CO2 intensity diesel";0;"Diesel syn"
2035;"PL";"BAU";"Sensitivity | Removed policies | Removed diesel efficiency gains";"tCO2e/kWh";"CO2 intensity diesel";0;"Diesel syn"
2035;"PL";"PROG";"Current policies";"tCO2e/kWh";"CO2 intensity diesel";0;"Diesel syn"
2035;"PL";"PROG";"Removed policies";"tCO2e/kWh";"CO2 intensity diesel";0;"Diesel syn"
2035;"PL";"PROG";"Sensitivity | Current Policies | Removed CO2 price";"tCO2e/kWh";"CO2 intensity diesel";0;"Diesel syn"
2035;"PL";"PROG";"Sensitivity | Current Policies | Urban depot-only charging";"tCO2e/kWh";"CO2 intensity diesel";0;"Diesel syn"
2035;"PL";"PROG";"Sensitivity | Current policies | Removed diesel efficiency gains";"tCO2e/kWh";"CO2 intensity diesel";0;"Diesel syn"
2035;"PL";"PROG";"Sensitivity | Removed policies except for H2 tax reduction";"tCO2e/kWh";"CO2 intensity diesel";0;"Diesel syn"
2035;"PL";"PROG";"Sensitivity | Removed policies except for bio/syn fuel mandates";"tCO2e/kWh";"CO2 intensity diesel";0;"Diesel syn"
2035;"PL";"PROG";"Sensitivity | Removed policies | Removed diesel efficiency gains";"tCO2e/kWh";"CO2 intensity diesel";0;"Diesel syn"
2035;"UK";"BAU";"Current policies";"tCO2e/kWh";"CO2 intensity diesel";0;"Diesel syn"
2035;"UK";"BAU";"Removed policies";"tCO2e/kWh";"CO2 intensity diesel";0;"Diesel syn"
2035;"UK";"BAU";"Sensitivity | Current Policies | Interest rate";"tCO2e/kWh";"CO2 intensity diesel";0;"Diesel syn"
2035;"UK";"BAU";"Sensitivity | Current Policies | Removed CO2 price";"tCO2e/kWh";"CO2 intensity diesel";0;"Diesel syn"
2035;"UK";"BAU";"Sensitivity | Current Policies | Resale value";"tCO2e/kWh";"CO2 intensity diesel";0;"Diesel syn"
2035;"UK";"BAU";"Sensitivity | Current Policies | Urban depot-only charging";"tCO2e/kWh";"CO2 intensity diesel";0;"Diesel syn"
2035;"UK";"BAU";"Sensitivity | Current Policies | Vehicle insurance";"tCO2e/kWh";"CO2 intensity diesel";0;"Diesel syn"
2035;"UK";"BAU";"Sensitivity | Current policies | Removed diesel efficiency gains";"tCO2e/kWh";"CO2 intensity diesel";0;"Diesel syn"
2035;"UK";"BAU";"Sensitivity | Removed policies except for H2 tax reduction";"tCO2e/kWh";"CO2 intensity diesel";0;"Diesel syn"
2035;"UK";"BAU";"Sensitivity | Removed policies except for bio/syn fuel mandates";"tCO2e/kWh";"CO2 intensity diesel";0;"Diesel syn"
2035;"UK";"BAU";"Sensitivity | Removed policies | Removed diesel efficiency gains";"tCO2e/kWh";"CO2 intensity diesel";0;"Diesel syn"
2035;"UK";"PROG";"Current policies";"tCO2e/kWh";"CO2 intensity diesel";0;"Diesel syn"
2035;"UK";"PROG";"Removed policies";"tCO2e/kWh";"CO2 intensity diesel";0;"Diesel syn"
2035;"UK";"PROG";"Sensitivity | Current Policies | Removed CO2 price";"tCO2e/kWh";"CO2 intensity diesel";0;"Diesel syn"
2035;"UK";"PROG";"Sensitivity | Current Policies | Urban depot-only charging";"tCO2e/kWh";"CO2 intensity diesel";0;"Diesel syn"
2035;"UK";"PROG";"Sensitivity | Current policies | Removed diesel efficiency gains";"tCO2e/kWh";"CO2 intensity diesel";0;"Diesel syn"
2035;"UK";"PROG";"Sensitivity | Removed policies except for H2 tax reduction";"tCO2e/kWh";"CO2 intensity diesel";0;"Diesel syn"
2035;"UK";"PROG";"Sensitivity | Removed policies except for bio/syn fuel mandates";"tCO2e/kWh";"CO2 intensity diesel";0;"Diesel syn"
2035;"UK";"PROG";"Sensitivity | Removed policies | Removed diesel efficiency gains";"tCO2e/kWh";"CO2 intensity diesel";0;"Diesel syn"
2040;"DE";"BAU";"Current policies";"tCO2e/kWh";"CO2 intensity diesel";0;"Diesel syn"
2040;"DE";"BAU";"Removed policies";"tCO2e/kWh";"CO2 intensity diesel";0;"Diesel syn"
2040;"DE";"BAU";"Sensitivity | Current Policies | Interest rate";"tCO2e/kWh";"CO2 intensity diesel";0;"Diesel syn"
2040;"DE";"BAU";"Sensitivity | Current Policies | Removed CO2 price";"tCO2e/kWh";"CO2 intensity diesel";0;"Diesel syn"
2040;"DE";"BAU";"Sensitivity | Current Policies | Resale value";"tCO2e/kWh";"CO2 intensity diesel";0;"Diesel syn"
2040;"DE";"BAU";"Sensitivity | Current Policies | Urban depot-only charging";"tCO2e/kWh";"CO2 intensity diesel";0;"Diesel syn"
2040;"DE";"BAU";"Sensitivity | Current Policies | Vehicle insurance";"tCO2e/kWh";"CO2 intensity diesel";0;"Diesel syn"
2040;"DE";"BAU";"Sensitivity | Current policies | Removed diesel efficiency gains";"tCO2e/kWh";"CO2 intensity diesel";0;"Diesel syn"
2040;"DE";"BAU";"Sensitivity | Removed policies except for H2 tax reduction";"tCO2e/kWh";"CO2 intensity diesel";0;"Diesel syn"
2040;"DE";"BAU";"Sensitivity | Removed policies except for bio/syn fuel mandates";"tCO2e/kWh";"CO2 intensity diesel";0;"Diesel syn"
2040;"DE";"BAU";"Sensitivity | Removed policies | Removed diesel efficiency gains";"tCO2e/kWh";"CO2 intensity diesel";0;"Diesel syn"
2040;"DE";"PROG";"Current policies";"tCO2e/kWh";"CO2 intensity diesel";0;"Diesel syn"
2040;"DE";"PROG";"Removed policies";"tCO2e/kWh";"CO2 intensity diesel";0;"Diesel syn"
2040;"DE";"PROG";"Sensitivity | Current Policies | Removed CO2 price";"tCO2e/kWh";"CO2 intensity diesel";0;"Diesel syn"
2040;"DE";"PROG";"Sensitivity | Current Policies | Urban depot-only charging";"tCO2e/kWh";"CO2 intensity diesel";0;"Diesel syn"
2040;"DE";"PROG";"Sensitivity | Current policies | Removed diesel efficiency gains";"tCO2e/kWh";"CO2 intensity diesel";0;"Diesel syn"
2040;"DE";"PROG";"Sensitivity | Removed policies except for H2 tax reduction";"tCO2e/kWh";"CO2 intensity diesel";0;"Diesel syn"
2040;"DE";"PROG";"Sensitivity | Removed policies except for bio/syn fuel mandates";"tCO2e/kWh";"CO2 intensity diesel";0;"Diesel syn"
2040;"DE";"PROG";"Sensitivity | Removed policies | Removed diesel efficiency gains";"tCO2e/kWh";"CO2 intensity diesel";0;"Diesel syn"
2040;"ES";"BAU";"Current policies";"tCO2e/kWh";"CO2 intensity diesel";0;"Diesel syn"
2040;"ES";"BAU";"Removed policies";"tCO2e/kWh";"CO2 intensity diesel";0;"Diesel syn"
2040;"ES";"BAU";"Sensitivity | Current Policies | Interest rate";"tCO2e/kWh";"CO2 intensity diesel";0;"Diesel syn"
2040;"ES";"BAU";"Sensitivity | Current Policies | Removed CO2 price";"tCO2e/kWh";"CO2 intensity diesel";0;"Diesel syn"
2040;"ES";"BAU";"Sensitivity | Current Policies | Resale value";"tCO2e/kWh";"CO2 intensity diesel";0;"Diesel syn"
2040;"ES";"BAU";"Sensitivity | Current Policies | Urban depot-only charging";"tCO2e/kWh";"CO2 intensity diesel";0;"Diesel syn"
2040;"ES";"BAU";"Sensitivity | Current Policies | Vehicle insurance";"tCO2e/kWh";"CO2 intensity diesel";0;"Diesel syn"
2040;"ES";"BAU";"Sensitivity | Current policies | Removed diesel efficiency gains";"tCO2e/kWh";"CO2 intensity diesel";0;"Diesel syn"
2040;"ES";"BAU";"Sensitivity | Removed policies except for H2 tax reduction";"tCO2e/kWh";"CO2 intensity diesel";0;"Diesel syn"
2040;"ES";"BAU";"Sensitivity | Removed policies except for bio/syn fuel mandates";"tCO2e/kWh";"CO2 intensity diesel";0;"Diesel syn"
2040;"ES";"BAU";"Sensitivity | Removed policies | Removed diesel efficiency gains";"tCO2e/kWh";"CO2 intensity diesel";0;"Diesel syn"
2040;"ES";"PROG";"Current policies";"tCO2e/kWh";"CO2 intensity diesel";0;"Diesel syn"
2040;"ES";"PROG";"Removed policies";"tCO2e/kWh";"CO2 intensity diesel";0;"Diesel syn"
2040;"ES";"PROG";"Sensitivity | Current Policies | Removed CO2 price";"tCO2e/kWh";"CO2 intensity diesel";0;"Diesel syn"
2040;"ES";"PROG";"Sensitivity | Current Policies | Urban depot-only charging";"tCO2e/kWh";"CO2 intensity diesel";0;"Diesel syn"
2040;"ES";"PROG";"Sensitivity | Current policies | Removed diesel efficiency gains";"tCO2e/kWh";"CO2 intensity diesel";0;"Diesel syn"
2040;"ES";"PROG";"Sensitivity | Removed policies except for H2 tax reduction";"tCO2e/kWh";"CO2 intensity diesel";0;"Diesel syn"
2040;"ES";"PROG";"Sensitivity | Removed policies except for bio/syn fuel mandates";"tCO2e/kWh";"CO2 intensity diesel";0;"Diesel syn"
2040;"ES";"PROG";"Sensitivity | Removed policies | Removed diesel efficiency gains";"tCO2e/kWh";"CO2 intensity diesel";0;"Diesel syn"
2040;"FR";"BAU";"Current policies";"tCO2e/kWh";"CO2 intensity diesel";0;"Diesel syn"
2040;"FR";"BAU";"Removed policies";"tCO2e/kWh";"CO2 intensity diesel";0;"Diesel syn"
2040;"FR";"BAU";"Sensitivity | Current Policies | Interest rate";"tCO2e/kWh";"CO2 intensity diesel";0;"Diesel syn"
2040;"FR";"BAU";"Sensitivity | Current Policies | Removed CO2 price";"tCO2e/kWh";"CO2 intensity diesel";0;"Diesel syn"
2040;"FR";"BAU";"Sensitivity | Current Policies | Resale value";"tCO2e/kWh";"CO2 intensity diesel";0;"Diesel syn"
2040;"FR";"BAU";"Sensitivity | Current Policies | Urban depot-only charging";"tCO2e/kWh";"CO2 intensity diesel";0;"Diesel syn"
2040;"FR";"BAU";"Sensitivity | Current Policies | Vehicle insurance";"tCO2e/kWh";"CO2 intensity diesel";0;"Diesel syn"
2040;"FR";"BAU";"Sensitivity | Current policies | Removed diesel efficiency gains";"tCO2e/kWh";"CO2 intensity diesel";0;"Diesel syn"
2040;"FR";"BAU";"Sensitivity | Removed policies except for H2 tax reduction";"tCO2e/kWh";"CO2 intensity diesel";0;"Diesel syn"
2040;"FR";"BAU";"Sensitivity | Removed policies except for bio/syn fuel mandates";"tCO2e/kWh";"CO2 intensity diesel";0;"Diesel syn"
2040;"FR";"BAU";"Sensitivity | Removed policies | Removed diesel efficiency gains";"tCO2e/kWh";"CO2 intensity diesel";0;"Diesel syn"
2040;"FR";"PROG";"Current policies";"tCO2e/kWh";"CO2 intensity diesel";0;"Diesel syn"
2040;"FR";"PROG";"Removed policies";"tCO2e/kWh";"CO2 intensity diesel";0;"Diesel syn"
2040;"FR";"PROG";"Sensitivity | Current Policies | Removed CO2 price";"tCO2e/kWh";"CO2 intensity diesel";0;"Diesel syn"
2040;"FR";"PROG";"Sensitivity | Current Policies | Urban depot-only charging";"tCO2e/kWh";"CO2 intensity diesel";0;"Diesel syn"
2040;"FR";"PROG";"Sensitivity | Current policies | Removed diesel efficiency gains";"tCO2e/kWh";"CO2 intensity diesel";0;"Diesel syn"
2040;"FR";"PROG";"Sensitivity | Removed policies except for H2 tax reduction";"tCO2e/kWh";"CO2 intensity diesel";0;"Diesel syn"
2040;"FR";"PROG";"Sensitivity | Removed policies except for bio/syn fuel mandates";"tCO2e/kWh";"CO2 intensity diesel";0;"Diesel syn"
2040;"FR";"PROG";"Sensitivity | Removed policies | Removed diesel efficiency gains";"tCO2e/kWh";"CO2 intensity diesel";0;"Diesel syn"
2040;"IT";"BAU";"Current policies";"tCO2e/kWh";"CO2 intensity diesel";0;"Diesel syn"
2040;"IT";"BAU";"Removed policies";"tCO2e/kWh";"CO2 intensity diesel";0;"Diesel syn"
2040;"IT";"BAU";"Sensitivity | Current Policies | Interest rate";"tCO2e/kWh";"CO2 intensity diesel";0;"Diesel syn"
2040;"IT";"BAU";"Sensitivity | Current Policies | Removed CO2 price";"tCO2e/kWh";"CO2 intensity diesel";0;"Diesel syn"
2040;"IT";"BAU";"Sensitivity | Current Policies | Resale value";"tCO2e/kWh";"CO2 intensity diesel";0;"Diesel syn"
2040;"IT";"BAU";"Sensitivity | Current Policies | Urban depot-only charging";"tCO2e/kWh";"CO2 intensity diesel";0;"Diesel syn"
2040;"IT";"BAU";"Sensitivity | Current Policies | Vehicle insurance";"tCO2e/kWh";"CO2 intensity diesel";0;"Diesel syn"
2040;"IT";"BAU";"Sensitivity | Current policies | Removed diesel efficiency gains";"tCO2e/kWh";"CO2 intensity diesel";0;"Diesel syn"
2040;"IT";"BAU";"Sensitivity | Removed policies except for H2 tax reduction";"tCO2e/kWh";"CO2 intensity diesel";0;"Diesel syn"
2040;"IT";"BAU";"Sensitivity | Removed policies except for bio/syn fuel mandates";"tCO2e/kWh";"CO2 intensity diesel";0;"Diesel syn"
2040;"IT";"BAU";"Sensitivity | Removed policies | Removed diesel efficiency gains";"tCO2e/kWh";"CO2 intensity diesel";0;"Diesel syn"
2040;"IT";"PROG";"Current policies";"tCO2e/kWh";"CO2 intensity diesel";0;"Diesel syn"
2040;"IT";"PROG";"Removed policies";"tCO2e/kWh";"CO2 intensity diesel";0;"Diesel syn"
2040;"IT";"PROG";"Sensitivity | Current Policies | Removed CO2 price";"tCO2e/kWh";"CO2 intensity diesel";0;"Diesel syn"
2040;"IT";"PROG";"Sensitivity | Current Policies | Urban depot-only charging";"tCO2e/kWh";"CO2 intensity diesel";0;"Diesel syn"
2040;"IT";"PROG";"Sensitivity | Current policies | Removed diesel efficiency gains";"tCO2e/kWh";"CO2 intensity diesel";0;"Diesel syn"
2040;"IT";"PROG";"Sensitivity | Removed policies except for H2 tax reduction";"tCO2e/kWh";"CO2 intensity diesel";0;"Diesel syn"
2040;"IT";"PROG";"Sensitivity | Removed policies except for bio/syn fuel mandates";"tCO2e/kWh";"CO2 intensity diesel";0;"Diesel syn"
2040;"IT";"PROG";"Sensitivity | Removed policies | Removed diesel efficiency gains";"tCO2e/kWh";"CO2 intensity diesel";0;"Diesel syn"
2040;"NL";"BAU";"Current policies";"tCO2e/kWh";"CO2 intensity diesel";0;"Diesel syn"
2040;"NL";"BAU";"Removed policies";"tCO2e/kWh";"CO2 intensity diesel";0;"Diesel syn"
2040;"NL";"BAU";"Sensitivity | Current Policies | Interest rate";"tCO2e/kWh";"CO2 intensity diesel";0;"Diesel syn"
2040;"NL";"BAU";"Sensitivity | Current Policies | Removed CO2 price";"tCO2e/kWh";"CO2 intensity diesel";0;"Diesel syn"
2040;"NL";"BAU";"Sensitivity | Current Policies | Resale value";"tCO2e/kWh";"CO2 intensity diesel";0;"Diesel syn"
2040;"NL";"BAU";"Sensitivity | Current Policies | Urban depot-only charging";"tCO2e/kWh";"CO2 intensity diesel";0;"Diesel syn"
2040;"NL";"BAU";"Sensitivity | Current Policies | Vehicle insurance";"tCO2e/kWh";"CO2 intensity diesel";0;"Diesel syn"
2040;"NL";"BAU";"Sensitivity | Current policies | Removed diesel efficiency gains";"tCO2e/kWh";"CO2 intensity diesel";0;"Diesel syn"
2040;"NL";"BAU";"Sensitivity | Removed policies except for H2 tax reduction";"tCO2e/kWh";"CO2 intensity diesel";0;"Diesel syn"
2040;"NL";"BAU";"Sensitivity | Removed policies except for bio/syn fuel mandates";"tCO2e/kWh";"CO2 intensity diesel";0;"Diesel syn"
2040;"NL";"BAU";"Sensitivity | Removed policies | Removed diesel efficiency gains";"tCO2e/kWh";"CO2 intensity diesel";0;"Diesel syn"
2040;"NL";"PROG";"Current policies";"tCO2e/kWh";"CO2 intensity diesel";0;"Diesel syn"
2040;"NL";"PROG";"Removed policies";"tCO2e/kWh";"CO2 intensity diesel";0;"Diesel syn"
2040;"NL";"PROG";"Sensitivity | Current Policies | Removed CO2 price";"tCO2e/kWh";"CO2 intensity diesel";0;"Diesel syn"
2040;"NL";"PROG";"Sensitivity | Current Policies | Urban depot-only charging";"tCO2e/kWh";"CO2 intensity diesel";0;"Diesel syn"
2040;"NL";"PROG";"Sensitivity | Current policies | Removed diesel efficiency gains";"tCO2e/kWh";"CO2 intensity diesel";0;"Diesel syn"
2040;"NL";"PROG";"Sensitivity | Removed policies except for H2 tax reduction";"tCO2e/kWh";"CO2 intensity diesel";0;"Diesel syn"
2040;"NL";"PROG";"Sensitivity | Removed policies except for bio/syn fuel mandates";"tCO2e/kWh";"CO2 intensity diesel";0;"Diesel syn"
2040;"NL";"PROG";"Sensitivity | Removed policies | Removed diesel efficiency gains";"tCO2e/kWh";"CO2 intensity diesel";0;"Diesel syn"
2040;"PL";"BAU";"Current policies";"tCO2e/kWh";"CO2 intensity diesel";0;"Diesel syn"
2040;"PL";"BAU";"Removed policies";"tCO2e/kWh";"CO2 intensity diesel";0;"Diesel syn"
2040;"PL";"BAU";"Sensitivity | Current Policies | Interest rate";"tCO2e/kWh";"CO2 intensity diesel";0;"Diesel syn"
2040;"PL";"BAU";"Sensitivity | Current Policies | Removed CO2 price";"tCO2e/kWh";"CO2 intensity diesel";0;"Diesel syn"
2040;"PL";"BAU";"Sensitivity | Current Policies | Resale value";"tCO2e/kWh";"CO2 intensity diesel";0;"Diesel syn"
2040;"PL";"BAU";"Sensitivity | Current Policies | Urban depot-only charging";"tCO2e/kWh";"CO2 intensity diesel";0;"Diesel syn"
2040;"PL";"BAU";"Sensitivity | Current Policies | Vehicle insurance";"tCO2e/kWh";"CO2 intensity diesel";0;"Diesel syn"
2040;"PL";"BAU";"Sensitivity | Current policies | Removed diesel efficiency gains";"tCO2e/kWh";"CO2 intensity diesel";0;"Diesel syn"
2040;"PL";"BAU";"Sensitivity | Removed policies except for H2 tax reduction";"tCO2e/kWh";"CO2 intensity diesel";0;"Diesel syn"
2040;"PL";"BAU";"Sensitivity | Removed policies except for bio/syn fuel mandates";"tCO2e/kWh";"CO2 intensity diesel";0;"Diesel syn"
2040;"PL";"BAU";"Sensitivity | Removed policies | Removed diesel efficiency gains";"tCO2e/kWh";"CO2 intensity diesel";0;"Diesel syn"
2040;"PL";"PROG";"Current policies";"tCO2e/kWh";"CO2 intensity diesel";0;"Diesel syn"
2040;"PL";"PROG";"Removed policies";"tCO2e/kWh";"CO2 intensity diesel";0;"Diesel syn"
2040;"PL";"PROG";"Sensitivity | Current Policies | Removed CO2 price";"tCO2e/kWh";"CO2 intensity diesel";0;"Diesel syn"
2040;"PL";"PROG";"Sensitivity | Current Policies | Urban depot-only charging";"tCO2e/kWh";"CO2 intensity diesel";0;"Diesel syn"
2040;"PL";"PROG";"Sensitivity | Current policies | Removed diesel efficiency gains";"tCO2e/kWh";"CO2 intensity diesel";0;"Diesel syn"
2040;"PL";"PROG";"Sensitivity | Removed policies except for H2 tax reduction";"tCO2e/kWh";"CO2 intensity diesel";0;"Diesel syn"
2040;"PL";"PROG";"Sensitivity | Removed policies except for bio/syn fuel mandates";"tCO2e/kWh";"CO2 intensity diesel";0;"Diesel syn"
2040;"PL";"PROG";"Sensitivity | Removed policies | Removed diesel efficiency gains";"tCO2e/kWh";"CO2 intensity diesel";0;"Diesel syn"
2040;"UK";"BAU";"Current policies";"tCO2e/kWh";"CO2 intensity diesel";0;"Diesel syn"
2040;"UK";"BAU";"Removed policies";"tCO2e/kWh";"CO2 intensity diesel";0;"Diesel syn"
2040;"UK";"BAU";"Sensitivity | Current Policies | Interest rate";"tCO2e/kWh";"CO2 intensity diesel";0;"Diesel syn"
2040;"UK";"BAU";"Sensitivity | Current Policies | Removed CO2 price";"tCO2e/kWh";"CO2 intensity diesel";0;"Diesel syn"
2040;"UK";"BAU";"Sensitivity | Current Policies | Resale value";"tCO2e/kWh";"CO2 intensity diesel";0;"Diesel syn"
2040;"UK";"BAU";"Sensitivity | Current Policies | Urban depot-only charging";"tCO2e/kWh";"CO2 intensity diesel";0;"Diesel syn"
2040;"UK";"BAU";"Sensitivity | Current Policies | Vehicle insurance";"tCO2e/kWh";"CO2 intensity diesel";0;"Diesel syn"
2040;"UK";"BAU";"Sensitivity | Current policies | Removed diesel efficiency gains";"tCO2e/kWh";"CO2 intensity diesel";0;"Diesel syn"
2040;"UK";"BAU";"Sensitivity | Removed policies except for H2 tax reduction";"tCO2e/kWh";"CO2 intensity diesel";0;"Diesel syn"
2040;"UK";"BAU";"Sensitivity | Removed policies except for bio/syn fuel mandates";"tCO2e/kWh";"CO2 intensity diesel";0;"Diesel syn"
2040;"UK";"BAU";"Sensitivity | Removed policies | Removed diesel efficiency gains";"tCO2e/kWh";"CO2 intensity diesel";0;"Diesel syn"
2040;"UK";"PROG";"Current policies";"tCO2e/kWh";"CO2 intensity diesel";0;"Diesel syn"
2040;"UK";"PROG";"Removed policies";"tCO2e/kWh";"CO2 intensity diesel";0;"Diesel syn"
2040;"UK";"PROG";"Sensitivity | Current Policies | Removed CO2 price";"tCO2e/kWh";"CO2 intensity diesel";0;"Diesel syn"
2040;"UK";"PROG";"Sensitivity | Current Policies | Urban depot-only charging";"tCO2e/kWh";"CO2 intensity diesel";0;"Diesel syn"
2040;"UK";"PROG";"Sensitivity | Current policies | Removed diesel efficiency gains";"tCO2e/kWh";"CO2 intensity diesel";0;"Diesel syn"
2040;"UK";"PROG";"Sensitivity | Removed policies except for H2 tax reduction";"tCO2e/kWh";"CO2 intensity diesel";0;"Diesel syn"
2040;"UK";"PROG";"Sensitivity | Removed policies except for bio/syn fuel mandates";"tCO2e/kWh";"CO2 intensity diesel";0;"Diesel syn"
2040;"UK";"PROG";"Sensitivity | Removed policies | Removed diesel efficiency gains";"tCO2e/kWh";"CO2 intensity diesel";0;"Diesel syn"
2045;"DE";"BAU";"Current policies";"tCO2e/kWh";"CO2 intensity diesel";0;"Diesel syn"
2045;"DE";"BAU";"Removed policies";"tCO2e/kWh";"CO2 intensity diesel";0;"Diesel syn"
2045;"DE";"BAU";"Sensitivity | Current Policies | Interest rate";"tCO2e/kWh";"CO2 intensity diesel";0;"Diesel syn"
2045;"DE";"BAU";"Sensitivity | Current Policies | Removed CO2 price";"tCO2e/kWh";"CO2 intensity diesel";0;"Diesel syn"
2045;"DE";"BAU";"Sensitivity | Current Policies | Resale value";"tCO2e/kWh";"CO2 intensity diesel";0;"Diesel syn"
2045;"DE";"BAU";"Sensitivity | Current Policies | Urban depot-only charging";"tCO2e/kWh";"CO2 intensity diesel";0;"Diesel syn"
2045;"DE";"BAU";"Sensitivity | Current Policies | Vehicle insurance";"tCO2e/kWh";"CO2 intensity diesel";0;"Diesel syn"
2045;"DE";"BAU";"Sensitivity | Current policies | Removed diesel efficiency gains";"tCO2e/kWh";"CO2 intensity diesel";0;"Diesel syn"
2045;"DE";"BAU";"Sensitivity | Removed policies except for H2 tax reduction";"tCO2e/kWh";"CO2 intensity diesel";0;"Diesel syn"
2045;"DE";"BAU";"Sensitivity | Removed policies except for bio/syn fuel mandates";"tCO2e/kWh";"CO2 intensity diesel";0;"Diesel syn"
2045;"DE";"BAU";"Sensitivity | Removed policies | Removed diesel efficiency gains";"tCO2e/kWh";"CO2 intensity diesel";0;"Diesel syn"
2045;"DE";"PROG";"Current policies";"tCO2e/kWh";"CO2 intensity diesel";0;"Diesel syn"
2045;"DE";"PROG";"Removed policies";"tCO2e/kWh";"CO2 intensity diesel";0;"Diesel syn"
2045;"DE";"PROG";"Sensitivity | Current Policies | Removed CO2 price";"tCO2e/kWh";"CO2 intensity diesel";0;"Diesel syn"
2045;"DE";"PROG";"Sensitivity | Current Policies | Urban depot-only charging";"tCO2e/kWh";"CO2 intensity diesel";0;"Diesel syn"
2045;"DE";"PROG";"Sensitivity | Current policies | Removed diesel efficiency gains";"tCO2e/kWh";"CO2 intensity diesel";0;"Diesel syn"
2045;"DE";"PROG";"Sensitivity | Removed policies except for H2 tax reduction";"tCO2e/kWh";"CO2 intensity diesel";0;"Diesel syn"
2045;"DE";"PROG";"Sensitivity | Removed policies except for bio/syn fuel mandates";"tCO2e/kWh";"CO2 intensity diesel";0;"Diesel syn"
2045;"DE";"PROG";"Sensitivity | Removed policies | Removed diesel efficiency gains";"tCO2e/kWh";"CO2 intensity diesel";0;"Diesel syn"
2045;"ES";"BAU";"Current policies";"tCO2e/kWh";"CO2 intensity diesel";0;"Diesel syn"
2045;"ES";"BAU";"Removed policies";"tCO2e/kWh";"CO2 intensity diesel";0;"Diesel syn"
2045;"ES";"BAU";"Sensitivity | Current Policies | Interest rate";"tCO2e/kWh";"CO2 intensity diesel";0;"Diesel syn"
2045;"ES";"BAU";"Sensitivity | Current Policies | Removed CO2 price";"tCO2e/kWh";"CO2 intensity diesel";0;"Diesel syn"
2045;"ES";"BAU";"Sensitivity | Current Policies | Resale value";"tCO2e/kWh";"CO2 intensity diesel";0;"Diesel syn"
2045;"ES";"BAU";"Sensitivity | Current Policies | Urban depot-only charging";"tCO2e/kWh";"CO2 intensity diesel";0;"Diesel syn"
2045;"ES";"BAU";"Sensitivity | Current Policies | Vehicle insurance";"tCO2e/kWh";"CO2 intensity diesel";0;"Diesel syn"
2045;"ES";"BAU";"Sensitivity | Current policies | Removed diesel efficiency gains";"tCO2e/kWh";"CO2 intensity diesel";0;"Diesel syn"
2045;"ES";"BAU";"Sensitivity | Removed policies except for H2 tax reduction";"tCO2e/kWh";"CO2 intensity diesel";0;"Diesel syn"
2045;"ES";"BAU";"Sensitivity | Removed policies except for bio/syn fuel mandates";"tCO2e/kWh";"CO2 intensity diesel";0;"Diesel syn"
2045;"ES";"BAU";"Sensitivity | Removed policies | Removed diesel efficiency gains";"tCO2e/kWh";"CO2 intensity diesel";0;"Diesel syn"
2045;"ES";"PROG";"Current policies";"tCO2e/kWh";"CO2 intensity diesel";0;"Diesel syn"
2045;"ES";"PROG";"Removed policies";"tCO2e/kWh";"CO2 intensity diesel";0;"Diesel syn"
2045;"ES";"PROG";"Sensitivity | Current Policies | Removed CO2 price";"tCO2e/kWh";"CO2 intensity diesel";0;"Diesel syn"
2045;"ES";"PROG";"Sensitivity | Current Policies | Urban depot-only charging";"tCO2e/kWh";"CO2 intensity diesel";0;"Diesel syn"
2045;"ES";"PROG";"Sensitivity | Current policies | Removed diesel efficiency gains";"tCO2e/kWh";"CO2 intensity diesel";0;"Diesel syn"
2045;"ES";"PROG";"Sensitivity | Removed policies except for H2 tax reduction";"tCO2e/kWh";"CO2 intensity diesel";0;"Diesel syn"
2045;"ES";"PROG";"Sensitivity | Removed policies except for bio/syn fuel mandates";"tCO2e/kWh";"CO2 intensity diesel";0;"Diesel syn"
2045;"ES";"PROG";"Sensitivity | Removed policies | Removed diesel efficiency gains";"tCO2e/kWh";"CO2 intensity diesel";0;"Diesel syn"
2045;"FR";"BAU";"Current policies";"tCO2e/kWh";"CO2 intensity diesel";0;"Diesel syn"
2045;"FR";"BAU";"Removed policies";"tCO2e/kWh";"CO2 intensity diesel";0;"Diesel syn"
2045;"FR";"BAU";"Sensitivity | Current Policies | Interest rate";"tCO2e/kWh";"CO2 intensity diesel";0;"Diesel syn"
2045;"FR";"BAU";"Sensitivity | Current Policies | Removed CO2 price";"tCO2e/kWh";"CO2 intensity diesel";0;"Diesel syn"
2045;"FR";"BAU";"Sensitivity | Current Policies | Resale value";"tCO2e/kWh";"CO2 intensity diesel";0;"Diesel syn"
2045;"FR";"BAU";"Sensitivity | Current Policies | Urban depot-only charging";"tCO2e/kWh";"CO2 intensity diesel";0;"Diesel syn"
2045;"FR";"BAU";"Sensitivity | Current Policies | Vehicle insurance";"tCO2e/kWh";"CO2 intensity diesel";0;"Diesel syn"
2045;"FR";"BAU";"Sensitivity | Current policies | Removed diesel efficiency gains";"tCO2e/kWh";"CO2 intensity diesel";0;"Diesel syn"
2045;"FR";"BAU";"Sensitivity | Removed policies except for H2 tax reduction";"tCO2e/kWh";"CO2 intensity diesel";0;"Diesel syn"
2045;"FR";"BAU";"Sensitivity | Removed policies except for bio/syn fuel mandates";"tCO2e/kWh";"CO2 intensity diesel";0;"Diesel syn"
2045;"FR";"BAU";"Sensitivity | Removed policies | Removed diesel efficiency gains";"tCO2e/kWh";"CO2 intensity diesel";0;"Diesel syn"
2045;"FR";"PROG";"Current policies";"tCO2e/kWh";"CO2 intensity diesel";0;"Diesel syn"
2045;"FR";"PROG";"Removed policies";"tCO2e/kWh";"CO2 intensity diesel";0;"Diesel syn"
2045;"FR";"PROG";"Sensitivity | Current Policies | Removed CO2 price";"tCO2e/kWh";"CO2 intensity diesel";0;"Diesel syn"
2045;"FR";"PROG";"Sensitivity | Current Policies | Urban depot-only charging";"tCO2e/kWh";"CO2 intensity diesel";0;"Diesel syn"
2045;"FR";"PROG";"Sensitivity | Current policies | Removed diesel efficiency gains";"tCO2e/kWh";"CO2 intensity diesel";0;"Diesel syn"
2045;"FR";"PROG";"Sensitivity | Removed policies except for H2 tax reduction";"tCO2e/kWh";"CO2 intensity diesel";0;"Diesel syn"
2045;"FR";"PROG";"Sensitivity | Removed policies except for bio/syn fuel mandates";"tCO2e/kWh";"CO2 intensity diesel";0;"Diesel syn"
2045;"FR";"PROG";"Sensitivity | Removed policies | Removed diesel efficiency gains";"tCO2e/kWh";"CO2 intensity diesel";0;"Diesel syn"
2045;"IT";"BAU";"Current policies";"tCO2e/kWh";"CO2 intensity diesel";0;"Diesel syn"
2045;"IT";"BAU";"Removed policies";"tCO2e/kWh";"CO2 intensity diesel";0;"Diesel syn"
2045;"IT";"BAU";"Sensitivity | Current Policies | Interest rate";"tCO2e/kWh";"CO2 intensity diesel";0;"Diesel syn"
2045;"IT";"BAU";"Sensitivity | Current Policies | Removed CO2 price";"tCO2e/kWh";"CO2 intensity diesel";0;"Diesel syn"
2045;"IT";"BAU";"Sensitivity | Current Policies | Resale value";"tCO2e/kWh";"CO2 intensity diesel";0;"Diesel syn"
2045;"IT";"BAU";"Sensitivity | Current Policies | Urban depot-only charging";"tCO2e/kWh";"CO2 intensity diesel";0;"Diesel syn"
2045;"IT";"BAU";"Sensitivity | Current Policies | Vehicle insurance";"tCO2e/kWh";"CO2 intensity diesel";0;"Diesel syn"
2045;"IT";"BAU";"Sensitivity | Current policies | Removed diesel efficiency gains";"tCO2e/kWh";"CO2 intensity diesel";0;"Diesel syn"
2045;"IT";"BAU";"Sensitivity | Removed policies except for H2 tax reduction";"tCO2e/kWh";"CO2 intensity diesel";0;"Diesel syn"
2045;"IT";"BAU";"Sensitivity | Removed policies except for bio/syn fuel mandates";"tCO2e/kWh";"CO2 intensity diesel";0;"Diesel syn"
2045;"IT";"BAU";"Sensitivity | Removed policies | Removed diesel efficiency gains";"tCO2e/kWh";"CO2 intensity diesel";0;"Diesel syn"
2045;"IT";"PROG";"Current policies";"tCO2e/kWh";"CO2 intensity diesel";0;"Diesel syn"
2045;"IT";"PROG";"Removed policies";"tCO2e/kWh";"CO2 intensity diesel";0;"Diesel syn"
2045;"IT";"PROG";"Sensitivity | Current Policies | Removed CO2 price";"tCO2e/kWh";"CO2 intensity diesel";0;"Diesel syn"
2045;"IT";"PROG";"Sensitivity | Current Policies | Urban depot-only charging";"tCO2e/kWh";"CO2 intensity diesel";0;"Diesel syn"
2045;"IT";"PROG";"Sensitivity | Current policies | Removed diesel efficiency gains";"tCO2e/kWh";"CO2 intensity diesel";0;"Diesel syn"
2045;"IT";"PROG";"Sensitivity | Removed policies except for H2 tax reduction";"tCO2e/kWh";"CO2 intensity diesel";0;"Diesel syn"
2045;"IT";"PROG";"Sensitivity | Removed policies except for bio/syn fuel mandates";"tCO2e/kWh";"CO2 intensity diesel";0;"Diesel syn"
2045;"IT";"PROG";"Sensitivity | Removed policies | Removed diesel efficiency gains";"tCO2e/kWh";"CO2 intensity diesel";0;"Diesel syn"
2045;"NL";"BAU";"Current policies";"tCO2e/kWh";"CO2 intensity diesel";0;"Diesel syn"
2045;"NL";"BAU";"Removed policies";"tCO2e/kWh";"CO2 intensity diesel";0;"Diesel syn"
2045;"NL";"BAU";"Sensitivity | Current Policies | Interest rate";"tCO2e/kWh";"CO2 intensity diesel";0;"Diesel syn"
2045;"NL";"BAU";"Sensitivity | Current Policies | Removed CO2 price";"tCO2e/kWh";"CO2 intensity diesel";0;"Diesel syn"
2045;"NL";"BAU";"Sensitivity | Current Policies | Resale value";"tCO2e/kWh";"CO2 intensity diesel";0;"Diesel syn"
2045;"NL";"BAU";"Sensitivity | Current Policies | Urban depot-only charging";"tCO2e/kWh";"CO2 intensity diesel";0;"Diesel syn"
2045;"NL";"BAU";"Sensitivity | Current Policies | Vehicle insurance";"tCO2e/kWh";"CO2 intensity diesel";0;"Diesel syn"
2045;"NL";"BAU";"Sensitivity | Current policies | Removed diesel efficiency gains";"tCO2e/kWh";"CO2 intensity diesel";0;"Diesel syn"
2045;"NL";"BAU";"Sensitivity | Removed policies except for H2 tax reduction";"tCO2e/kWh";"CO2 intensity diesel";0;"Diesel syn"
2045;"NL";"BAU";"Sensitivity | Removed policies except for bio/syn fuel mandates";"tCO2e/kWh";"CO2 intensity diesel";0;"Diesel syn"
2045;"NL";"BAU";"Sensitivity | Removed policies | Removed diesel efficiency gains";"tCO2e/kWh";"CO2 intensity diesel";0;"Diesel syn"
2045;"NL";"PROG";"Current policies";"tCO2e/kWh";"CO2 intensity diesel";0;"Diesel syn"
2045;"NL";"PROG";"Removed policies";"tCO2e/kWh";"CO2 intensity diesel";0;"Diesel syn"
2045;"NL";"PROG";"Sensitivity | Current Policies | Removed CO2 price";"tCO2e/kWh";"CO2 intensity diesel";0;"Diesel syn"
2045;"NL";"PROG";"Sensitivity | Current Policies | Urban depot-only charging";"tCO2e/kWh";"CO2 intensity diesel";0;"Diesel syn"
2045;"NL";"PROG";"Sensitivity | Current policies | Removed diesel efficiency gains";"tCO2e/kWh";"CO2 intensity diesel";0;"Diesel syn"
2045;"NL";"PROG";"Sensitivity | Removed policies except for H2 tax reduction";"tCO2e/kWh";"CO2 intensity diesel";0;"Diesel syn"
2045;"NL";"PROG";"Sensitivity | Removed policies except for bio/syn fuel mandates";"tCO2e/kWh";"CO2 intensity diesel";0;"Diesel syn"
2045;"NL";"PROG";"Sensitivity | Removed policies | Removed diesel efficiency gains";"tCO2e/kWh";"CO2 intensity diesel";0;"Diesel syn"
2045;"PL";"BAU";"Current policies";"tCO2e/kWh";"CO2 intensity diesel";0;"Diesel syn"
2045;"PL";"BAU";"Removed policies";"tCO2e/kWh";"CO2 intensity diesel";0;"Diesel syn"
2045;"PL";"BAU";"Sensitivity | Current Policies | Interest rate";"tCO2e/kWh";"CO2 intensity diesel";0;"Diesel syn"
2045;"PL";"BAU";"Sensitivity | Current Policies | Removed CO2 price";"tCO2e/kWh";"CO2 intensity diesel";0;"Diesel syn"
2045;"PL";"BAU";"Sensitivity | Current Policies | Resale value";"tCO2e/kWh";"CO2 intensity diesel";0;"Diesel syn"
2045;"PL";"BAU";"Sensitivity | Current Policies | Urban depot-only charging";"tCO2e/kWh";"CO2 intensity diesel";0;"Diesel syn"
2045;"PL";"BAU";"Sensitivity | Current Policies | Vehicle insurance";"tCO2e/kWh";"CO2 intensity diesel";0;"Diesel syn"
2045;"PL";"BAU";"Sensitivity | Current policies | Removed diesel efficiency gains";"tCO2e/kWh";"CO2 intensity diesel";0;"Diesel syn"
2045;"PL";"BAU";"Sensitivity | Removed policies except for H2 tax reduction";"tCO2e/kWh";"CO2 intensity diesel";0;"Diesel syn"
2045;"PL";"BAU";"Sensitivity | Removed policies except for bio/syn fuel mandates";"tCO2e/kWh";"CO2 intensity diesel";0;"Diesel syn"
2045;"PL";"BAU";"Sensitivity | Removed policies | Removed diesel efficiency gains";"tCO2e/kWh";"CO2 intensity diesel";0;"Diesel syn"
2045;"PL";"PROG";"Current policies";"tCO2e/kWh";"CO2 intensity diesel";0;"Diesel syn"
2045;"PL";"PROG";"Removed policies";"tCO2e/kWh";"CO2 intensity diesel";0;"Diesel syn"
2045;"PL";"PROG";"Sensitivity | Current Policies | Removed CO2 price";"tCO2e/kWh";"CO2 intensity diesel";0;"Diesel syn"
2045;"PL";"PROG";"Sensitivity | Current Policies | Urban depot-only charging";"tCO2e/kWh";"CO2 intensity diesel";0;"Diesel syn"
2045;"PL";"PROG";"Sensitivity | Current policies | Removed diesel efficiency gains";"tCO2e/kWh";"CO2 intensity diesel";0;"Diesel syn"
2045;"PL";"PROG";"Sensitivity | Removed policies except for H2 tax reduction";"tCO2e/kWh";"CO2 intensity diesel";0;"Diesel syn"
2045;"PL";"PROG";"Sensitivity | Removed policies except for bio/syn fuel mandates";"tCO2e/kWh";"CO2 intensity diesel";0;"Diesel syn"
2045;"PL";"PROG";"Sensitivity | Removed policies | Removed diesel efficiency gains";"tCO2e/kWh";"CO2 intensity diesel";0;"Diesel syn"
2045;"UK";"BAU";"Current policies";"tCO2e/kWh";"CO2 intensity diesel";0;"Diesel syn"
2045;"UK";"BAU";"Removed policies";"tCO2e/kWh";"CO2 intensity diesel";0;"Diesel syn"
2045;"UK";"BAU";"Sensitivity | Current Policies | Interest rate";"tCO2e/kWh";"CO2 intensity diesel";0;"Diesel syn"
2045;"UK";"BAU";"Sensitivity | Current Policies | Removed CO2 price";"tCO2e/kWh";"CO2 intensity diesel";0;"Diesel syn"
2045;"UK";"BAU";"Sensitivity | Current Policies | Resale value";"tCO2e/kWh";"CO2 intensity diesel";0;"Diesel syn"
2045;"UK";"BAU";"Sensitivity | Current Policies | Urban depot-only charging";"tCO2e/kWh";"CO2 intensity diesel";0;"Diesel syn"
2045;"UK";"BAU";"Sensitivity | Current Policies | Vehicle insurance";"tCO2e/kWh";"CO2 intensity diesel";0;"Diesel syn"
2045;"UK";"BAU";"Sensitivity | Current policies | Removed diesel efficiency gains";"tCO2e/kWh";"CO2 intensity diesel";0;"Diesel syn"
2045;"UK";"BAU";"Sensitivity | Removed policies except for H2 tax reduction";"tCO2e/kWh";"CO2 intensity diesel";0;"Diesel syn"
2045;"UK";"BAU";"Sensitivity | Removed policies except for bio/syn fuel mandates";"tCO2e/kWh";"CO2 intensity diesel";0;"Diesel syn"
2045;"UK";"BAU";"Sensitivity | Removed policies | Removed diesel efficiency gains";"tCO2e/kWh";"CO2 intensity diesel";0;"Diesel syn"
2045;"UK";"PROG";"Current policies";"tCO2e/kWh";"CO2 intensity diesel";0;"Diesel syn"
2045;"UK";"PROG";"Removed policies";"tCO2e/kWh";"CO2 intensity diesel";0;"Diesel syn"
2045;"UK";"PROG";"Sensitivity | Current Policies | Removed CO2 price";"tCO2e/kWh";"CO2 intensity diesel";0;"Diesel syn"
2045;"UK";"PROG";"Sensitivity | Current Policies | Urban depot-only charging";"tCO2e/kWh";"CO2 intensity diesel";0;"Diesel syn"
2045;"UK";"PROG";"Sensitivity | Current policies | Removed diesel efficiency gains";"tCO2e/kWh";"CO2 intensity diesel";0;"Diesel syn"
2045;"UK";"PROG";"Sensitivity | Removed policies except for H2 tax reduction";"tCO2e/kWh";"CO2 intensity diesel";0;"Diesel syn"
2045;"UK";"PROG";"Sensitivity | Removed policies except for bio/syn fuel mandates";"tCO2e/kWh";"CO2 intensity diesel";0;"Diesel syn"
2045;"UK";"PROG";"Sensitivity | Removed policies | Removed diesel efficiency gains";"tCO2e/kWh";"CO2 intensity diesel";0;"Diesel syn"
2050;"DE";"BAU";"Current policies";"tCO2e/kWh";"CO2 intensity diesel";0;"Diesel syn"
2050;"DE";"BAU";"Removed policies";"tCO2e/kWh";"CO2 intensity diesel";0;"Diesel syn"
2050;"DE";"BAU";"Sensitivity | Current Policies | Interest rate";"tCO2e/kWh";"CO2 intensity diesel";0;"Diesel syn"
2050;"DE";"BAU";"Sensitivity | Current Policies | Removed CO2 price";"tCO2e/kWh";"CO2 intensity diesel";0;"Diesel syn"
2050;"DE";"BAU";"Sensitivity | Current Policies | Resale value";"tCO2e/kWh";"CO2 intensity diesel";0;"Diesel syn"
2050;"DE";"BAU";"Sensitivity | Current Policies | Urban depot-only charging";"tCO2e/kWh";"CO2 intensity diesel";0;"Diesel syn"
2050;"DE";"BAU";"Sensitivity | Current Policies | Vehicle insurance";"tCO2e/kWh";"CO2 intensity diesel";0;"Diesel syn"
2050;"DE";"BAU";"Sensitivity | Current policies | Removed diesel efficiency gains";"tCO2e/kWh";"CO2 intensity diesel";0;"Diesel syn"
2050;"DE";"BAU";"Sensitivity | Removed policies except for H2 tax reduction";"tCO2e/kWh";"CO2 intensity diesel";0;"Diesel syn"
2050;"DE";"BAU";"Sensitivity | Removed policies except for bio/syn fuel mandates";"tCO2e/kWh";"CO2 intensity diesel";0;"Diesel syn"
2050;"DE";"BAU";"Sensitivity | Removed policies | Removed diesel efficiency gains";"tCO2e/kWh";"CO2 intensity diesel";0;"Diesel syn"
2050;"DE";"PROG";"Current policies";"tCO2e/kWh";"CO2 intensity diesel";0;"Diesel syn"
2050;"DE";"PROG";"Removed policies";"tCO2e/kWh";"CO2 intensity diesel";0;"Diesel syn"
2050;"DE";"PROG";"Sensitivity | Current Policies | Removed CO2 price";"tCO2e/kWh";"CO2 intensity diesel";0;"Diesel syn"
2050;"DE";"PROG";"Sensitivity | Current Policies | Urban depot-only charging";"tCO2e/kWh";"CO2 intensity diesel";0;"Diesel syn"
2050;"DE";"PROG";"Sensitivity | Current policies | Removed diesel efficiency gains";"tCO2e/kWh";"CO2 intensity diesel";0;"Diesel syn"
2050;"DE";"PROG";"Sensitivity | Removed policies except for H2 tax reduction";"tCO2e/kWh";"CO2 intensity diesel";0;"Diesel syn"
2050;"DE";"PROG";"Sensitivity | Removed policies except for bio/syn fuel mandates";"tCO2e/kWh";"CO2 intensity diesel";0;"Diesel syn"
2050;"DE";"PROG";"Sensitivity | Removed policies | Removed diesel efficiency gains";"tCO2e/kWh";"CO2 intensity diesel";0;"Diesel syn"
2050;"ES";"BAU";"Current policies";"tCO2e/kWh";"CO2 intensity diesel";0;"Diesel syn"
2050;"ES";"BAU";"Removed policies";"tCO2e/kWh";"CO2 intensity diesel";0;"Diesel syn"
2050;"ES";"BAU";"Sensitivity | Current Policies | Interest rate";"tCO2e/kWh";"CO2 intensity diesel";0;"Diesel syn"
2050;"ES";"BAU";"Sensitivity | Current Policies | Removed CO2 price";"tCO2e/kWh";"CO2 intensity diesel";0;"Diesel syn"
2050;"ES";"BAU";"Sensitivity | Current Policies | Resale value";"tCO2e/kWh";"CO2 intensity diesel";0;"Diesel syn"
2050;"ES";"BAU";"Sensitivity | Current Policies | Urban depot-only charging";"tCO2e/kWh";"CO2 intensity diesel";0;"Diesel syn"
2050;"ES";"BAU";"Sensitivity | Current Policies | Vehicle insurance";"tCO2e/kWh";"CO2 intensity diesel";0;"Diesel syn"
2050;"ES";"BAU";"Sensitivity | Current policies | Removed diesel efficiency gains";"tCO2e/kWh";"CO2 intensity diesel";0;"Diesel syn"
2050;"ES";"BAU";"Sensitivity | Removed policies except for H2 tax reduction";"tCO2e/kWh";"CO2 intensity diesel";0;"Diesel syn"
2050;"ES";"BAU";"Sensitivity | Removed policies except for bio/syn fuel mandates";"tCO2e/kWh";"CO2 intensity diesel";0;"Diesel syn"
2050;"ES";"BAU";"Sensitivity | Removed policies | Removed diesel efficiency gains";"tCO2e/kWh";"CO2 intensity diesel";0;"Diesel syn"
2050;"ES";"PROG";"Current policies";"tCO2e/kWh";"CO2 intensity diesel";0;"Diesel syn"
2050;"ES";"PROG";"Removed policies";"tCO2e/kWh";"CO2 intensity diesel";0;"Diesel syn"
2050;"ES";"PROG";"Sensitivity | Current Policies | Removed CO2 price";"tCO2e/kWh";"CO2 intensity diesel";0;"Diesel syn"
2050;"ES";"PROG";"Sensitivity | Current Policies | Urban depot-only charging";"tCO2e/kWh";"CO2 intensity diesel";0;"Diesel syn"
2050;"ES";"PROG";"Sensitivity | Current policies | Removed diesel efficiency gains";"tCO2e/kWh";"CO2 intensity diesel";0;"Diesel syn"
2050;"ES";"PROG";"Sensitivity | Removed policies except for H2 tax reduction";"tCO2e/kWh";"CO2 intensity diesel";0;"Diesel syn"
2050;"ES";"PROG";"Sensitivity | Removed policies except for bio/syn fuel mandates";"tCO2e/kWh";"CO2 intensity diesel";0;"Diesel syn"
2050;"ES";"PROG";"Sensitivity | Removed policies | Removed diesel efficiency gains";"tCO2e/kWh";"CO2 intensity diesel";0;"Diesel syn"
2050;"FR";"BAU";"Current policies";"tCO2e/kWh";"CO2 intensity diesel";0;"Diesel syn"
2050;"FR";"BAU";"Removed policies";"tCO2e/kWh";"CO2 intensity diesel";0;"Diesel syn"
2050;"FR";"BAU";"Sensitivity | Current Policies | Interest rate";"tCO2e/kWh";"CO2 intensity diesel";0;"Diesel syn"
2050;"FR";"BAU";"Sensitivity | Current Policies | Removed CO2 price";"tCO2e/kWh";"CO2 intensity diesel";0;"Diesel syn"
2050;"FR";"BAU";"Sensitivity | Current Policies | Resale value";"tCO2e/kWh";"CO2 intensity diesel";0;"Diesel syn"
2050;"FR";"BAU";"Sensitivity | Current Policies | Urban depot-only charging";"tCO2e/kWh";"CO2 intensity diesel";0;"Diesel syn"
2050;"FR";"BAU";"Sensitivity | Current Policies | Vehicle insurance";"tCO2e/kWh";"CO2 intensity diesel";0;"Diesel syn"
2050;"FR";"BAU";"Sensitivity | Current policies | Removed diesel efficiency gains";"tCO2e/kWh";"CO2 intensity diesel";0;"Diesel syn"
2050;"FR";"BAU";"Sensitivity | Removed policies except for H2 tax reduction";"tCO2e/kWh";"CO2 intensity diesel";0;"Diesel syn"
2050;"FR";"BAU";"Sensitivity | Removed policies except for bio/syn fuel mandates";"tCO2e/kWh";"CO2 intensity diesel";0;"Diesel syn"
2050;"FR";"BAU";"Sensitivity | Removed policies | Removed diesel efficiency gains";"tCO2e/kWh";"CO2 intensity diesel";0;"Diesel syn"
2050;"FR";"PROG";"Current policies";"tCO2e/kWh";"CO2 intensity diesel";0;"Diesel syn"
2050;"FR";"PROG";"Removed policies";"tCO2e/kWh";"CO2 intensity diesel";0;"Diesel syn"
2050;"FR";"PROG";"Sensitivity | Current Policies | Removed CO2 price";"tCO2e/kWh";"CO2 intensity diesel";0;"Diesel syn"
2050;"FR";"PROG";"Sensitivity | Current Policies | Urban depot-only charging";"tCO2e/kWh";"CO2 intensity diesel";0;"Diesel syn"
2050;"FR";"PROG";"Sensitivity | Current policies | Removed diesel efficiency gains";"tCO2e/kWh";"CO2 intensity diesel";0;"Diesel syn"
2050;"FR";"PROG";"Sensitivity | Removed policies except for H2 tax reduction";"tCO2e/kWh";"CO2 intensity diesel";0;"Diesel syn"
2050;"FR";"PROG";"Sensitivity | Removed policies except for bio/syn fuel mandates";"tCO2e/kWh";"CO2 intensity diesel";0;"Diesel syn"
2050;"FR";"PROG";"Sensitivity | Removed policies | Removed diesel efficiency gains";"tCO2e/kWh";"CO2 intensity diesel";0;"Diesel syn"
2050;"IT";"BAU";"Current policies";"tCO2e/kWh";"CO2 intensity diesel";0;"Diesel syn"
2050;"IT";"BAU";"Removed policies";"tCO2e/kWh";"CO2 intensity diesel";0;"Diesel syn"
2050;"IT";"BAU";"Sensitivity | Current Policies | Interest rate";"tCO2e/kWh";"CO2 intensity diesel";0;"Diesel syn"
2050;"IT";"BAU";"Sensitivity | Current Policies | Removed CO2 price";"tCO2e/kWh";"CO2 intensity diesel";0;"Diesel syn"
2050;"IT";"BAU";"Sensitivity | Current Policies | Resale value";"tCO2e/kWh";"CO2 intensity diesel";0;"Diesel syn"
2050;"IT";"BAU";"Sensitivity | Current Policies | Urban depot-only charging";"tCO2e/kWh";"CO2 intensity diesel";0;"Diesel syn"
2050;"IT";"BAU";"Sensitivity | Current Policies | Vehicle insurance";"tCO2e/kWh";"CO2 intensity diesel";0;"Diesel syn"
2050;"IT";"BAU";"Sensitivity | Current policies | Removed diesel efficiency gains";"tCO2e/kWh";"CO2 intensity diesel";0;"Diesel syn"
2050;"IT";"BAU";"Sensitivity | Removed policies except for H2 tax reduction";"tCO2e/kWh";"CO2 intensity diesel";0;"Diesel syn"
2050;"IT";"BAU";"Sensitivity | Removed policies except for bio/syn fuel mandates";"tCO2e/kWh";"CO2 intensity diesel";0;"Diesel syn"
2050;"IT";"BAU";"Sensitivity | Removed policies | Removed diesel efficiency gains";"tCO2e/kWh";"CO2 intensity diesel";0;"Diesel syn"
2050;"IT";"PROG";"Current policies";"tCO2e/kWh";"CO2 intensity diesel";0;"Diesel syn"
2050;"IT";"PROG";"Removed policies";"tCO2e/kWh";"CO2 intensity diesel";0;"Diesel syn"
2050;"IT";"PROG";"Sensitivity | Current Policies | Removed CO2 price";"tCO2e/kWh";"CO2 intensity diesel";0;"Diesel syn"
2050;"IT";"PROG";"Sensitivity | Current Policies | Urban depot-only charging";"tCO2e/kWh";"CO2 intensity diesel";0;"Diesel syn"
2050;"IT";"PROG";"Sensitivity | Current policies | Removed diesel efficiency gains";"tCO2e/kWh";"CO2 intensity diesel";0;"Diesel syn"
2050;"IT";"PROG";"Sensitivity | Removed policies except for H2 tax reduction";"tCO2e/kWh";"CO2 intensity diesel";0;"Diesel syn"
2050;"IT";"PROG";"Sensitivity | Removed policies except for bio/syn fuel mandates";"tCO2e/kWh";"CO2 intensity diesel";0;"Diesel syn"
2050;"IT";"PROG";"Sensitivity | Removed policies | Removed diesel efficiency gains";"tCO2e/kWh";"CO2 intensity diesel";0;"Diesel syn"
2050;"NL";"BAU";"Current policies";"tCO2e/kWh";"CO2 intensity diesel";0;"Diesel syn"
2050;"NL";"BAU";"Removed policies";"tCO2e/kWh";"CO2 intensity diesel";0;"Diesel syn"
2050;"NL";"BAU";"Sensitivity | Current Policies | Interest rate";"tCO2e/kWh";"CO2 intensity diesel";0;"Diesel syn"
2050;"NL";"BAU";"Sensitivity | Current Policies | Removed CO2 price";"tCO2e/kWh";"CO2 intensity diesel";0;"Diesel syn"
2050;"NL";"BAU";"Sensitivity | Current Policies | Resale value";"tCO2e/kWh";"CO2 intensity diesel";0;"Diesel syn"
2050;"NL";"BAU";"Sensitivity | Current Policies | Urban depot-only charging";"tCO2e/kWh";"CO2 intensity diesel";0;"Diesel syn"
2050;"NL";"BAU";"Sensitivity | Current Policies | Vehicle insurance";"tCO2e/kWh";"CO2 intensity diesel";0;"Diesel syn"
2050;"NL";"BAU";"Sensitivity | Current policies | Removed diesel efficiency gains";"tCO2e/kWh";"CO2 intensity diesel";0;"Diesel syn"
2050;"NL";"BAU";"Sensitivity | Removed policies except for H2 tax reduction";"tCO2e/kWh";"CO2 intensity diesel";0;"Diesel syn"
2050;"NL";"BAU";"Sensitivity | Removed policies except for bio/syn fuel mandates";"tCO2e/kWh";"CO2 intensity diesel";0;"Diesel syn"
2050;"NL";"BAU";"Sensitivity | Removed policies | Removed diesel efficiency gains";"tCO2e/kWh";"CO2 intensity diesel";0;"Diesel syn"
2050;"NL";"PROG";"Current policies";"tCO2e/kWh";"CO2 intensity diesel";0;"Diesel syn"
2050;"NL";"PROG";"Removed policies";"tCO2e/kWh";"CO2 intensity diesel";0;"Diesel syn"
2050;"NL";"PROG";"Sensitivity | Current Policies | Removed CO2 price";"tCO2e/kWh";"CO2 intensity diesel";0;"Diesel syn"
2050;"NL";"PROG";"Sensitivity | Current Policies | Urban depot-only charging";"tCO2e/kWh";"CO2 intensity diesel";0;"Diesel syn"
2050;"NL";"PROG";"Sensitivity | Current policies | Removed diesel efficiency gains";"tCO2e/kWh";"CO2 intensity diesel";0;"Diesel syn"
2050;"NL";"PROG";"Sensitivity | Removed policies except for H2 tax reduction";"tCO2e/kWh";"CO2 intensity diesel";0;"Diesel syn"
2050;"NL";"PROG";"Sensitivity | Removed policies except for bio/syn fuel mandates";"tCO2e/kWh";"CO2 intensity diesel";0;"Diesel syn"
2050;"NL";"PROG";"Sensitivity | Removed policies | Removed diesel efficiency gains";"tCO2e/kWh";"CO2 intensity diesel";0;"Diesel syn"
2050;"PL";"BAU";"Current policies";"tCO2e/kWh";"CO2 intensity diesel";0;"Diesel syn"
2050;"PL";"BAU";"Removed policies";"tCO2e/kWh";"CO2 intensity diesel";0;"Diesel syn"
2050;"PL";"BAU";"Sensitivity | Current Policies | Interest rate";"tCO2e/kWh";"CO2 intensity diesel";0;"Diesel syn"
2050;"PL";"BAU";"Sensitivity | Current Policies | Removed CO2 price";"tCO2e/kWh";"CO2 intensity diesel";0;"Diesel syn"
2050;"PL";"BAU";"Sensitivity | Current Policies | Resale value";"tCO2e/kWh";"CO2 intensity diesel";0;"Diesel syn"
2050;"PL";"BAU";"Sensitivity | Current Policies | Urban depot-only charging";"tCO2e/kWh";"CO2 intensity diesel";0;"Diesel syn"
2050;"PL";"BAU";"Sensitivity | Current Policies | Vehicle insurance";"tCO2e/kWh";"CO2 intensity diesel";0;"Diesel syn"
2050;"PL";"BAU";"Sensitivity | Current policies | Removed diesel efficiency gains";"tCO2e/kWh";"CO2 intensity diesel";0;"Diesel syn"
2050;"PL";"BAU";"Sensitivity | Removed policies except for H2 tax reduction";"tCO2e/kWh";"CO2 intensity diesel";0;"Diesel syn"
2050;"PL";"BAU";"Sensitivity | Removed policies except for bio/syn fuel mandates";"tCO2e/kWh";"CO2 intensity diesel";0;"Diesel syn"
2050;"PL";"BAU";"Sensitivity | Removed policies | Removed diesel efficiency gains";"tCO2e/kWh";"CO2 intensity diesel";0;"Diesel syn"
2050;"PL";"PROG";"Current policies";"tCO2e/kWh";"CO2 intensity diesel";0;"Diesel syn"
2050;"PL";"PROG";"Removed policies";"tCO2e/kWh";"CO2 intensity diesel";0;"Diesel syn"
2050;"PL";"PROG";"Sensitivity | Current Policies | Removed CO2 price";"tCO2e/kWh";"CO2 intensity diesel";0;"Diesel syn"
2050;"PL";"PROG";"Sensitivity | Current Policies | Urban depot-only charging";"tCO2e/kWh";"CO2 intensity diesel";0;"Diesel syn"
2050;"PL";"PROG";"Sensitivity | Current policies | Removed diesel efficiency gains";"tCO2e/kWh";"CO2 intensity diesel";0;"Diesel syn"
2050;"PL";"PROG";"Sensitivity | Removed policies except for H2 tax reduction";"tCO2e/kWh";"CO2 intensity diesel";0;"Diesel syn"
2050;"PL";"PROG";"Sensitivity | Removed policies except for bio/syn fuel mandates";"tCO2e/kWh";"CO2 intensity diesel";0;"Diesel syn"
2050;"PL";"PROG";"Sensitivity | Removed policies | Removed diesel efficiency gains";"tCO2e/kWh";"CO2 intensity diesel";0;"Diesel syn"
2050;"UK";"BAU";"Current policies";"tCO2e/kWh";"CO2 intensity diesel";0;"Diesel syn"
2050;"UK";"BAU";"Removed policies";"tCO2e/kWh";"CO2 intensity diesel";0;"Diesel syn"
2050;"UK";"BAU";"Sensitivity | Current Policies | Interest rate";"tCO2e/kWh";"CO2 intensity diesel";0;"Diesel syn"
2050;"UK";"BAU";"Sensitivity | Current Policies | Removed CO2 price";"tCO2e/kWh";"CO2 intensity diesel";0;"Diesel syn"
2050;"UK";"BAU";"Sensitivity | Current Policies | Resale value";"tCO2e/kWh";"CO2 intensity diesel";0;"Diesel syn"
2050;"UK";"BAU";"Sensitivity | Current Policies | Urban depot-only charging";"tCO2e/kWh";"CO2 intensity diesel";0;"Diesel syn"
2050;"UK";"BAU";"Sensitivity | Current Policies | Vehicle insurance";"tCO2e/kWh";"CO2 intensity diesel";0;"Diesel syn"
2050;"UK";"BAU";"Sensitivity | Current policies | Removed diesel efficiency gains";"tCO2e/kWh";"CO2 intensity diesel";0;"Diesel syn"
2050;"UK";"BAU";"Sensitivity | Removed policies except for H2 tax reduction";"tCO2e/kWh";"CO2 intensity diesel";0;"Diesel syn"
2050;"UK";"BAU";"Sensitivity | Removed policies except for bio/syn fuel mandates";"tCO2e/kWh";"CO2 intensity diesel";0;"Diesel syn"
2050;"UK";"BAU";"Sensitivity | Removed policies | Removed diesel efficiency gains";"tCO2e/kWh";"CO2 intensity diesel";0;"Diesel syn"
2050;"UK";"PROG";"Current policies";"tCO2e/kWh";"CO2 intensity diesel";0;"Diesel syn"
2050;"UK";"PROG";"Removed policies";"tCO2e/kWh";"CO2 intensity diesel";0;"Diesel syn"
2050;"UK";"PROG";"Sensitivity | Current Policies | Removed CO2 price";"tCO2e/kWh";"CO2 intensity diesel";0;"Diesel syn"
2050;"UK";"PROG";"Sensitivity | Current Policies | Urban depot-only charging";"tCO2e/kWh";"CO2 intensity diesel";0;"Diesel syn"
2050;"UK";"PROG";"Sensitivity | Current policies | Removed diesel efficiency gains";"tCO2e/kWh";"CO2 intensity diesel";0;"Diesel syn"
2050;"UK";"PROG";"Sensitivity | Removed policies except for H2 tax reduction";"tCO2e/kWh";"CO2 intensity diesel";0;"Diesel syn"
2050;"UK";"PROG";"Sensitivity | Removed policies except for bio/syn fuel mandates";"tCO2e/kWh";"CO2 intensity diesel";0;"Diesel syn"
2050;"UK";"PROG";"Sensitivity | Removed policies | Removed diesel efficiency gains";"tCO2e/kWh";"CO2 intensity diesel";0;"Diesel syn"
2030;"DE";"BAU";"Current policies";"tCO2e/kWh";"CO2 intensity diesel";0,000236884968;"Diesel mix"
2030;"DE";"BAU";"Removed policies";"tCO2e/kWh";"CO2 intensity diesel";0,0002498583384;"Diesel mix"
2030;"DE";"BAU";"Sensitivity | Current Policies | Interest rate";"tCO2e/kWh";"CO2 intensity diesel";0,000236884968;"Diesel mix"
2030;"DE";"BAU";"Sensitivity | Current Policies | Removed CO2 price";"tCO2e/kWh";"CO2 intensity diesel";0,000236884968;"Diesel mix"
2030;"DE";"BAU";"Sensitivity | Current Policies | Resale value";"tCO2e/kWh";"CO2 intensity diesel";0,000236884968;"Diesel mix"
2030;"DE";"BAU";"Sensitivity | Current Policies | Urban depot-only charging";"tCO2e/kWh";"CO2 intensity diesel";0,000236884968;"Diesel mix"
2030;"DE";"BAU";"Sensitivity | Current Policies | Vehicle insurance";"tCO2e/kWh";"CO2 intensity diesel";0,000236884968;"Diesel mix"
2030;"DE";"BAU";"Sensitivity | Current policies | Removed diesel efficiency gains";"tCO2e/kWh";"CO2 intensity diesel";0,000236884968;"Diesel mix"
2030;"DE";"BAU";"Sensitivity | Removed policies except for H2 tax reduction";"tCO2e/kWh";"CO2 intensity diesel";0,0002498583384;"Diesel mix"
2030;"DE";"BAU";"Sensitivity | Removed policies except for bio/syn fuel mandates";"tCO2e/kWh";"CO2 intensity diesel";0,000236884968;"Diesel mix"
2030;"DE";"BAU";"Sensitivity | Removed policies | Removed diesel efficiency gains";"tCO2e/kWh";"CO2 intensity diesel";0,0002498583384;"Diesel mix"
2030;"DE";"PROG";"Current policies";"tCO2e/kWh";"CO2 intensity diesel";0,000225255816;"Diesel mix"
2030;"DE";"PROG";"Removed policies";"tCO2e/kWh";"CO2 intensity diesel";0,0002427006168;"Diesel mix"
2030;"DE";"PROG";"Sensitivity | Current Policies | Removed CO2 price";"tCO2e/kWh";"CO2 intensity diesel";0,000225255816;"Diesel mix"
2030;"DE";"PROG";"Sensitivity | Current Policies | Urban depot-only charging";"tCO2e/kWh";"CO2 intensity diesel";0,000225255816;"Diesel mix"
2030;"DE";"PROG";"Sensitivity | Current policies | Removed diesel efficiency gains";"tCO2e/kWh";"CO2 intensity diesel";0,000225255816;"Diesel mix"
2030;"DE";"PROG";"Sensitivity | Removed policies except for H2 tax reduction";"tCO2e/kWh";"CO2 intensity diesel";0,0002427006168;"Diesel mix"
2030;"DE";"PROG";"Sensitivity | Removed policies except for bio/syn fuel mandates";"tCO2e/kWh";"CO2 intensity diesel";0,000225255816;"Diesel mix"
2030;"DE";"PROG";"Sensitivity | Removed policies | Removed diesel efficiency gains";"tCO2e/kWh";"CO2 intensity diesel";0,0002427006168;"Diesel mix"
2030;"ES";"BAU";"Current policies";"tCO2e/kWh";"CO2 intensity diesel";0,000236884968;"Diesel mix"
2030;"ES";"BAU";"Removed policies";"tCO2e/kWh";"CO2 intensity diesel";0,0002498583384;"Diesel mix"
2030;"ES";"BAU";"Sensitivity | Current Policies | Interest rate";"tCO2e/kWh";"CO2 intensity diesel";0,000236884968;"Diesel mix"
2030;"ES";"BAU";"Sensitivity | Current Policies | Removed CO2 price";"tCO2e/kWh";"CO2 intensity diesel";0,000236884968;"Diesel mix"
2030;"ES";"BAU";"Sensitivity | Current Policies | Resale value";"tCO2e/kWh";"CO2 intensity diesel";0,000236884968;"Diesel mix"
2030;"ES";"BAU";"Sensitivity | Current Policies | Urban depot-only charging";"tCO2e/kWh";"CO2 intensity diesel";0,000236884968;"Diesel mix"
2030;"ES";"BAU";"Sensitivity | Current Policies | Vehicle insurance";"tCO2e/kWh";"CO2 intensity diesel";0,000236884968;"Diesel mix"
2030;"ES";"BAU";"Sensitivity | Current policies | Removed diesel efficiency gains";"tCO2e/kWh";"CO2 intensity diesel";0,000236884968;"Diesel mix"
2030;"ES";"BAU";"Sensitivity | Removed policies except for H2 tax reduction";"tCO2e/kWh";"CO2 intensity diesel";0,0002498583384;"Diesel mix"
2030;"ES";"BAU";"Sensitivity | Removed policies except for bio/syn fuel mandates";"tCO2e/kWh";"CO2 intensity diesel";0,000236884968;"Diesel mix"
2030;"ES";"BAU";"Sensitivity | Removed policies | Removed diesel efficiency gains";"tCO2e/kWh";"CO2 intensity diesel";0,0002498583384;"Diesel mix"
2030;"ES";"PROG";"Current policies";"tCO2e/kWh";"CO2 intensity diesel";0,000225255816;"Diesel mix"
2030;"ES";"PROG";"Removed policies";"tCO2e/kWh";"CO2 intensity diesel";0,0002427006168;"Diesel mix"
2030;"ES";"PROG";"Sensitivity | Current Policies | Removed CO2 price";"tCO2e/kWh";"CO2 intensity diesel";0,000225255816;"Diesel mix"
2030;"ES";"PROG";"Sensitivity | Current Policies | Urban depot-only charging";"tCO2e/kWh";"CO2 intensity diesel";0,000225255816;"Diesel mix"
2030;"ES";"PROG";"Sensitivity | Current policies | Removed diesel efficiency gains";"tCO2e/kWh";"CO2 intensity diesel";0,000225255816;"Diesel mix"
2030;"ES";"PROG";"Sensitivity | Removed policies except for H2 tax reduction";"tCO2e/kWh";"CO2 intensity diesel";0,0002427006168;"Diesel mix"
2030;"ES";"PROG";"Sensitivity | Removed policies except for bio/syn fuel mandates";"tCO2e/kWh";"CO2 intensity diesel";0,000225255816;"Diesel mix"
2030;"ES";"PROG";"Sensitivity | Removed policies | Removed diesel efficiency gains";"tCO2e/kWh";"CO2 intensity diesel";0,0002427006168;"Diesel mix"
2030;"FR";"BAU";"Current policies";"tCO2e/kWh";"CO2 intensity diesel";0,000236884968;"Diesel mix"
2030;"FR";"BAU";"Removed policies";"tCO2e/kWh";"CO2 intensity diesel";0,0002498583384;"Diesel mix"
2030;"FR";"BAU";"Sensitivity | Current Policies | Interest rate";"tCO2e/kWh";"CO2 intensity diesel";0,000236884968;"Diesel mix"
2030;"FR";"BAU";"Sensitivity | Current Policies | Removed CO2 price";"tCO2e/kWh";"CO2 intensity diesel";0,000236884968;"Diesel mix"
2030;"FR";"BAU";"Sensitivity | Current Policies | Resale value";"tCO2e/kWh";"CO2 intensity diesel";0,000236884968;"Diesel mix"
2030;"FR";"BAU";"Sensitivity | Current Policies | Urban depot-only charging";"tCO2e/kWh";"CO2 intensity diesel";0,000236884968;"Diesel mix"
2030;"FR";"BAU";"Sensitivity | Current Policies | Vehicle insurance";"tCO2e/kWh";"CO2 intensity diesel";0,000236884968;"Diesel mix"
2030;"FR";"BAU";"Sensitivity | Current policies | Removed diesel efficiency gains";"tCO2e/kWh";"CO2 intensity diesel";0,000236884968;"Diesel mix"
2030;"FR";"BAU";"Sensitivity | Removed policies except for H2 tax reduction";"tCO2e/kWh";"CO2 intensity diesel";0,0002498583384;"Diesel mix"
2030;"FR";"BAU";"Sensitivity | Removed policies except for bio/syn fuel mandates";"tCO2e/kWh";"CO2 intensity diesel";0,000236884968;"Diesel mix"
2030;"FR";"BAU";"Sensitivity | Removed policies | Removed diesel efficiency gains";"tCO2e/kWh";"CO2 intensity diesel";0,0002498583384;"Diesel mix"
2030;"FR";"PROG";"Current policies";"tCO2e/kWh";"CO2 intensity diesel";0,000225255816;"Diesel mix"
2030;"FR";"PROG";"Removed policies";"tCO2e/kWh";"CO2 intensity diesel";0,0002427006168;"Diesel mix"
2030;"FR";"PROG";"Sensitivity | Current Policies | Removed CO2 price";"tCO2e/kWh";"CO2 intensity diesel";0,000225255816;"Diesel mix"
2030;"FR";"PROG";"Sensitivity | Current Policies | Urban depot-only charging";"tCO2e/kWh";"CO2 intensity diesel";0,000225255816;"Diesel mix"
2030;"FR";"PROG";"Sensitivity | Current policies | Removed diesel efficiency gains";"tCO2e/kWh";"CO2 intensity diesel";0,000225255816;"Diesel mix"
2030;"FR";"PROG";"Sensitivity | Removed policies except for H2 tax reduction";"tCO2e/kWh";"CO2 intensity diesel";0,0002427006168;"Diesel mix"
2030;"FR";"PROG";"Sensitivity | Removed policies except for bio/syn fuel mandates";"tCO2e/kWh";"CO2 intensity diesel";0,000225255816;"Diesel mix"
2030;"FR";"PROG";"Sensitivity | Removed policies | Removed diesel efficiency gains";"tCO2e/kWh";"CO2 intensity diesel";0,0002427006168;"Diesel mix"
2030;"IT";"BAU";"Current policies";"tCO2e/kWh";"CO2 intensity diesel";0,000236884968;"Diesel mix"
2030;"IT";"BAU";"Removed policies";"tCO2e/kWh";"CO2 intensity diesel";0,0002498583384;"Diesel mix"
2030;"IT";"BAU";"Sensitivity | Current Policies | Interest rate";"tCO2e/kWh";"CO2 intensity diesel";0,000236884968;"Diesel mix"
2030;"IT";"BAU";"Sensitivity | Current Policies | Removed CO2 price";"tCO2e/kWh";"CO2 intensity diesel";0,000236884968;"Diesel mix"
2030;"IT";"BAU";"Sensitivity | Current Policies | Resale value";"tCO2e/kWh";"CO2 intensity diesel";0,000236884968;"Diesel mix"
2030;"IT";"BAU";"Sensitivity | Current Policies | Urban depot-only charging";"tCO2e/kWh";"CO2 intensity diesel";0,000236884968;"Diesel mix"
2030;"IT";"BAU";"Sensitivity | Current Policies | Vehicle insurance";"tCO2e/kWh";"CO2 intensity diesel";0,000236884968;"Diesel mix"
2030;"IT";"BAU";"Sensitivity | Current policies | Removed diesel efficiency gains";"tCO2e/kWh";"CO2 intensity diesel";0,000236884968;"Diesel mix"
2030;"IT";"BAU";"Sensitivity | Removed policies except for H2 tax reduction";"tCO2e/kWh";"CO2 intensity diesel";0,0002498583384;"Diesel mix"
2030;"IT";"BAU";"Sensitivity | Removed policies except for bio/syn fuel mandates";"tCO2e/kWh";"CO2 intensity diesel";0,000236884968;"Diesel mix"
2030;"IT";"BAU";"Sensitivity | Removed policies | Removed diesel efficiency gains";"tCO2e/kWh";"CO2 intensity diesel";0,0002498583384;"Diesel mix"
2030;"IT";"PROG";"Current policies";"tCO2e/kWh";"CO2 intensity diesel";0,000225255816;"Diesel mix"
2030;"IT";"PROG";"Removed policies";"tCO2e/kWh";"CO2 intensity diesel";0,0002427006168;"Diesel mix"
2030;"IT";"PROG";"Sensitivity | Current Policies | Removed CO2 price";"tCO2e/kWh";"CO2 intensity diesel";0,000225255816;"Diesel mix"
2030;"IT";"PROG";"Sensitivity | Current Policies | Urban depot-only charging";"tCO2e/kWh";"CO2 intensity diesel";0,000225255816;"Diesel mix"
2030;"IT";"PROG";"Sensitivity | Current policies | Removed diesel efficiency gains";"tCO2e/kWh";"CO2 intensity diesel";0,000225255816;"Diesel mix"
2030;"IT";"PROG";"Sensitivity | Removed policies except for H2 tax reduction";"tCO2e/kWh";"CO2 intensity diesel";0,0002427006168;"Diesel mix"
2030;"IT";"PROG";"Sensitivity | Removed policies except for bio/syn fuel mandates";"tCO2e/kWh";"CO2 intensity diesel";0,000225255816;"Diesel mix"
2030;"IT";"PROG";"Sensitivity | Removed policies | Removed diesel efficiency gains";"tCO2e/kWh";"CO2 intensity diesel";0,0002427006168;"Diesel mix"
2030;"NL";"BAU";"Current policies";"tCO2e/kWh";"CO2 intensity diesel";0,000236884968;"Diesel mix"
2030;"NL";"BAU";"Removed policies";"tCO2e/kWh";"CO2 intensity diesel";0,0002498583384;"Diesel mix"
2030;"NL";"BAU";"Sensitivity | Current Policies | Interest rate";"tCO2e/kWh";"CO2 intensity diesel";0,000236884968;"Diesel mix"
2030;"NL";"BAU";"Sensitivity | Current Policies | Removed CO2 price";"tCO2e/kWh";"CO2 intensity diesel";0,000236884968;"Diesel mix"
2030;"NL";"BAU";"Sensitivity | Current Policies | Resale value";"tCO2e/kWh";"CO2 intensity diesel";0,000236884968;"Diesel mix"
2030;"NL";"BAU";"Sensitivity | Current Policies | Urban depot-only charging";"tCO2e/kWh";"CO2 intensity diesel";0,000236884968;"Diesel mix"
2030;"NL";"BAU";"Sensitivity | Current Policies | Vehicle insurance";"tCO2e/kWh";"CO2 intensity diesel";0,000236884968;"Diesel mix"
2030;"NL";"BAU";"Sensitivity | Current policies | Removed diesel efficiency gains";"tCO2e/kWh";"CO2 intensity diesel";0,000236884968;"Diesel mix"
2030;"NL";"BAU";"Sensitivity | Removed policies except for H2 tax reduction";"tCO2e/kWh";"CO2 intensity diesel";0,0002498583384;"Diesel mix"
2030;"NL";"BAU";"Sensitivity | Removed policies except for bio/syn fuel mandates";"tCO2e/kWh";"CO2 intensity diesel";0,000236884968;"Diesel mix"
2030;"NL";"BAU";"Sensitivity | Removed policies | Removed diesel efficiency gains";"tCO2e/kWh";"CO2 intensity diesel";0,0002498583384;"Diesel mix"
2030;"NL";"PROG";"Current policies";"tCO2e/kWh";"CO2 intensity diesel";0,000225255816;"Diesel mix"
2030;"NL";"PROG";"Removed policies";"tCO2e/kWh";"CO2 intensity diesel";0,0002427006168;"Diesel mix"
2030;"NL";"PROG";"Sensitivity | Current Policies | Removed CO2 price";"tCO2e/kWh";"CO2 intensity diesel";0,000225255816;"Diesel mix"
2030;"NL";"PROG";"Sensitivity | Current Policies | Urban depot-only charging";"tCO2e/kWh";"CO2 intensity diesel";0,000225255816;"Diesel mix"
2030;"NL";"PROG";"Sensitivity | Current policies | Removed diesel efficiency gains";"tCO2e/kWh";"CO2 intensity diesel";0,000225255816;"Diesel mix"
2030;"NL";"PROG";"Sensitivity | Removed policies except for H2 tax reduction";"tCO2e/kWh";"CO2 intensity diesel";0,0002427006168;"Diesel mix"
2030;"NL";"PROG";"Sensitivity | Removed policies except for bio/syn fuel mandates";"tCO2e/kWh";"CO2 intensity diesel";0,000225255816;"Diesel mix"
2030;"NL";"PROG";"Sensitivity | Removed policies | Removed diesel efficiency gains";"tCO2e/kWh";"CO2 intensity diesel";0,0002427006168;"Diesel mix"
2030;"PL";"BAU";"Current policies";"tCO2e/kWh";"CO2 intensity diesel";0,000236884968;"Diesel mix"
2030;"PL";"BAU";"Removed policies";"tCO2e/kWh";"CO2 intensity diesel";0,0002498583384;"Diesel mix"
2030;"PL";"BAU";"Sensitivity | Current Policies | Interest rate";"tCO2e/kWh";"CO2 intensity diesel";0,000236884968;"Diesel mix"
2030;"PL";"BAU";"Sensitivity | Current Policies | Removed CO2 price";"tCO2e/kWh";"CO2 intensity diesel";0,000236884968;"Diesel mix"
2030;"PL";"BAU";"Sensitivity | Current Policies | Resale value";"tCO2e/kWh";"CO2 intensity diesel";0,000236884968;"Diesel mix"
2030;"PL";"BAU";"Sensitivity | Current Policies | Urban depot-only charging";"tCO2e/kWh";"CO2 intensity diesel";0,000236884968;"Diesel mix"
2030;"PL";"BAU";"Sensitivity | Current Policies | Vehicle insurance";"tCO2e/kWh";"CO2 intensity diesel";0,000236884968;"Diesel mix"
2030;"PL";"BAU";"Sensitivity | Current policies | Removed diesel efficiency gains";"tCO2e/kWh";"CO2 intensity diesel";0,000236884968;"Diesel mix"
2030;"PL";"BAU";"Sensitivity | Removed policies except for H2 tax reduction";"tCO2e/kWh";"CO2 intensity diesel";0,0002498583384;"Diesel mix"
2030;"PL";"BAU";"Sensitivity | Removed policies except for bio/syn fuel mandates";"tCO2e/kWh";"CO2 intensity diesel";0,000236884968;"Diesel mix"
2030;"PL";"BAU";"Sensitivity | Removed policies | Removed diesel efficiency gains";"tCO2e/kWh";"CO2 intensity diesel";0,0002498583384;"Diesel mix"
2030;"PL";"PROG";"Current policies";"tCO2e/kWh";"CO2 intensity diesel";0,000225255816;"Diesel mix"
2030;"PL";"PROG";"Removed policies";"tCO2e/kWh";"CO2 intensity diesel";0,0002427006168;"Diesel mix"
2030;"PL";"PROG";"Sensitivity | Current Policies | Removed CO2 price";"tCO2e/kWh";"CO2 intensity diesel";0,000225255816;"Diesel mix"
2030;"PL";"PROG";"Sensitivity | Current Policies | Urban depot-only charging";"tCO2e/kWh";"CO2 intensity diesel";0,000225255816;"Diesel mix"
2030;"PL";"PROG";"Sensitivity | Current policies | Removed diesel efficiency gains";"tCO2e/kWh";"CO2 intensity diesel";0,000225255816;"Diesel mix"
2030;"PL";"PROG";"Sensitivity | Removed policies except for H2 tax reduction";"tCO2e/kWh";"CO2 intensity diesel";0,0002427006168;"Diesel mix"
2030;"PL";"PROG";"Sensitivity | Removed policies except for bio/syn fuel mandates";"tCO2e/kWh";"CO2 intensity diesel";0,000225255816;"Diesel mix"
2030;"PL";"PROG";"Sensitivity | Removed policies | Removed diesel efficiency gains";"tCO2e/kWh";"CO2 intensity diesel";0,0002427006168;"Diesel mix"
2030;"UK";"BAU";"Current policies";"tCO2e/kWh";"CO2 intensity diesel";0,000236884968;"Diesel mix"
2030;"UK";"BAU";"Removed policies";"tCO2e/kWh";"CO2 intensity diesel";0,0002498583384;"Diesel mix"
2030;"UK";"BAU";"Sensitivity | Current Policies | Interest rate";"tCO2e/kWh";"CO2 intensity diesel";0,000236884968;"Diesel mix"
2030;"UK";"BAU";"Sensitivity | Current Policies | Removed CO2 price";"tCO2e/kWh";"CO2 intensity diesel";0,000236884968;"Diesel mix"
2030;"UK";"BAU";"Sensitivity | Current Policies | Resale value";"tCO2e/kWh";"CO2 intensity diesel";0,000236884968;"Diesel mix"
2030;"UK";"BAU";"Sensitivity | Current Policies | Urban depot-only charging";"tCO2e/kWh";"CO2 intensity diesel";0,000236884968;"Diesel mix"
2030;"UK";"BAU";"Sensitivity | Current Policies | Vehicle insurance";"tCO2e/kWh";"CO2 intensity diesel";0,000236884968;"Diesel mix"
2030;"UK";"BAU";"Sensitivity | Current policies | Removed diesel efficiency gains";"tCO2e/kWh";"CO2 intensity diesel";0,000236884968;"Diesel mix"
2030;"UK";"BAU";"Sensitivity | Removed policies except for H2 tax reduction";"tCO2e/kWh";"CO2 intensity diesel";0,0002498583384;"Diesel mix"
2030;"UK";"BAU";"Sensitivity | Removed policies except for bio/syn fuel mandates";"tCO2e/kWh";"CO2 intensity diesel";0,000236884968;"Diesel mix"
2030;"UK";"BAU";"Sensitivity | Removed policies | Removed diesel efficiency gains";"tCO2e/kWh";"CO2 intensity diesel";0,0002498583384;"Diesel mix"
2030;"UK";"PROG";"Current policies";"tCO2e/kWh";"CO2 intensity diesel";0,000225255816;"Diesel mix"
2030;"UK";"PROG";"Removed policies";"tCO2e/kWh";"CO2 intensity diesel";0,0002427006168;"Diesel mix"
2030;"UK";"PROG";"Sensitivity | Current Policies | Removed CO2 price";"tCO2e/kWh";"CO2 intensity diesel";0,000225255816;"Diesel mix"
2030;"UK";"PROG";"Sensitivity | Current Policies | Urban depot-only charging";"tCO2e/kWh";"CO2 intensity diesel";0,000225255816;"Diesel mix"
2030;"UK";"PROG";"Sensitivity | Current policies | Removed diesel efficiency gains";"tCO2e/kWh";"CO2 intensity diesel";0,000225255816;"Diesel mix"
2030;"UK";"PROG";"Sensitivity | Removed policies except for H2 tax reduction";"tCO2e/kWh";"CO2 intensity diesel";0,0002427006168;"Diesel mix"
2030;"UK";"PROG";"Sensitivity | Removed policies except for bio/syn fuel mandates";"tCO2e/kWh";"CO2 intensity diesel";0,000225255816;"Diesel mix"
2030;"UK";"PROG";"Sensitivity | Removed policies | Removed diesel efficiency gains";"tCO2e/kWh";"CO2 intensity diesel";0,0002427006168;"Diesel mix"
2035;"DE";"BAU";"Current policies";"tCO2e/kWh";"CO2 intensity diesel";0,000216445446;"Diesel mix"
2035;"DE";"BAU";"Removed policies";"tCO2e/kWh";"CO2 intensity diesel";0,0002497483764;"Diesel mix"
2035;"DE";"BAU";"Sensitivity | Current Policies | Interest rate";"tCO2e/kWh";"CO2 intensity diesel";0,000216445446;"Diesel mix"
2035;"DE";"BAU";"Sensitivity | Current Policies | Removed CO2 price";"tCO2e/kWh";"CO2 intensity diesel";0,000216445446;"Diesel mix"
2035;"DE";"BAU";"Sensitivity | Current Policies | Resale value";"tCO2e/kWh";"CO2 intensity diesel";0,000216445446;"Diesel mix"
2035;"DE";"BAU";"Sensitivity | Current Policies | Urban depot-only charging";"tCO2e/kWh";"CO2 intensity diesel";0,000216445446;"Diesel mix"
2035;"DE";"BAU";"Sensitivity | Current Policies | Vehicle insurance";"tCO2e/kWh";"CO2 intensity diesel";0,000216445446;"Diesel mix"
2035;"DE";"BAU";"Sensitivity | Current policies | Removed diesel efficiency gains";"tCO2e/kWh";"CO2 intensity diesel";0,000216445446;"Diesel mix"
2035;"DE";"BAU";"Sensitivity | Removed policies except for H2 tax reduction";"tCO2e/kWh";"CO2 intensity diesel";0,0002497483764;"Diesel mix"
2035;"DE";"BAU";"Sensitivity | Removed policies except for bio/syn fuel mandates";"tCO2e/kWh";"CO2 intensity diesel";0,000216445446;"Diesel mix"
2035;"DE";"BAU";"Sensitivity | Removed policies | Removed diesel efficiency gains";"tCO2e/kWh";"CO2 intensity diesel";0,0002497483764;"Diesel mix"
2035;"DE";"PROG";"Current policies";"tCO2e/kWh";"CO2 intensity diesel";0,000182011248;"Diesel mix"
2035;"DE";"PROG";"Removed policies";"tCO2e/kWh";"CO2 intensity diesel";0,0002425477428;"Diesel mix"
2035;"DE";"PROG";"Sensitivity | Current Policies | Removed CO2 price";"tCO2e/kWh";"CO2 intensity diesel";0,000182011248;"Diesel mix"
2035;"DE";"PROG";"Sensitivity | Current Policies | Urban depot-only charging";"tCO2e/kWh";"CO2 intensity diesel";0,000182011248;"Diesel mix"
2035;"DE";"PROG";"Sensitivity | Current policies | Removed diesel efficiency gains";"tCO2e/kWh";"CO2 intensity diesel";0,000182011248;"Diesel mix"
2035;"DE";"PROG";"Sensitivity | Removed policies except for H2 tax reduction";"tCO2e/kWh";"CO2 intensity diesel";0,0002425477428;"Diesel mix"
2035;"DE";"PROG";"Sensitivity | Removed policies except for bio/syn fuel mandates";"tCO2e/kWh";"CO2 intensity diesel";0,000182011248;"Diesel mix"
2035;"DE";"PROG";"Sensitivity | Removed policies | Removed diesel efficiency gains";"tCO2e/kWh";"CO2 intensity diesel";0,0002425477428;"Diesel mix"
2035;"ES";"BAU";"Current policies";"tCO2e/kWh";"CO2 intensity diesel";0,000216445446;"Diesel mix"
2035;"ES";"BAU";"Removed policies";"tCO2e/kWh";"CO2 intensity diesel";0,0002497483764;"Diesel mix"
2035;"ES";"BAU";"Sensitivity | Current Policies | Interest rate";"tCO2e/kWh";"CO2 intensity diesel";0,000216445446;"Diesel mix"
2035;"ES";"BAU";"Sensitivity | Current Policies | Removed CO2 price";"tCO2e/kWh";"CO2 intensity diesel";0,000216445446;"Diesel mix"
2035;"ES";"BAU";"Sensitivity | Current Policies | Resale value";"tCO2e/kWh";"CO2 intensity diesel";0,000216445446;"Diesel mix"
2035;"ES";"BAU";"Sensitivity | Current Policies | Urban depot-only charging";"tCO2e/kWh";"CO2 intensity diesel";0,000216445446;"Diesel mix"
2035;"ES";"BAU";"Sensitivity | Current Policies | Vehicle insurance";"tCO2e/kWh";"CO2 intensity diesel";0,000216445446;"Diesel mix"
2035;"ES";"BAU";"Sensitivity | Current policies | Removed diesel efficiency gains";"tCO2e/kWh";"CO2 intensity diesel";0,000216445446;"Diesel mix"
2035;"ES";"BAU";"Sensitivity | Removed policies except for H2 tax reduction";"tCO2e/kWh";"CO2 intensity diesel";0,0002497483764;"Diesel mix"
2035;"ES";"BAU";"Sensitivity | Removed policies except for bio/syn fuel mandates";"tCO2e/kWh";"CO2 intensity diesel";0,000216445446;"Diesel mix"
2035;"ES";"BAU";"Sensitivity | Removed policies | Removed diesel efficiency gains";"tCO2e/kWh";"CO2 intensity diesel";0,0002497483764;"Diesel mix"
2035;"ES";"PROG";"Current policies";"tCO2e/kWh";"CO2 intensity diesel";0,000182011248;"Diesel mix"
2035;"ES";"PROG";"Removed policies";"tCO2e/kWh";"CO2 intensity diesel";0,0002425477428;"Diesel mix"
2035;"ES";"PROG";"Sensitivity | Current Policies | Removed CO2 price";"tCO2e/kWh";"CO2 intensity diesel";0,000182011248;"Diesel mix"
2035;"ES";"PROG";"Sensitivity | Current Policies | Urban depot-only charging";"tCO2e/kWh";"CO2 intensity diesel";0,000182011248;"Diesel mix"
2035;"ES";"PROG";"Sensitivity | Current policies | Removed diesel efficiency gains";"tCO2e/kWh";"CO2 intensity diesel";0,000182011248;"Diesel mix"
2035;"ES";"PROG";"Sensitivity | Removed policies except for H2 tax reduction";"tCO2e/kWh";"CO2 intensity diesel";0,0002425477428;"Diesel mix"
2035;"ES";"PROG";"Sensitivity | Removed policies except for bio/syn fuel mandates";"tCO2e/kWh";"CO2 intensity diesel";0,000182011248;"Diesel mix"
2035;"ES";"PROG";"Sensitivity | Removed policies | Removed diesel efficiency gains";"tCO2e/kWh";"CO2 intensity diesel";0,0002425477428;"Diesel mix"
2035;"FR";"BAU";"Current policies";"tCO2e/kWh";"CO2 intensity diesel";0,000216445446;"Diesel mix"
2035;"FR";"BAU";"Removed policies";"tCO2e/kWh";"CO2 intensity diesel";0,0002497483764;"Diesel mix"
2035;"FR";"BAU";"Sensitivity | Current Policies | Interest rate";"tCO2e/kWh";"CO2 intensity diesel";0,000216445446;"Diesel mix"
2035;"FR";"BAU";"Sensitivity | Current Policies | Removed CO2 price";"tCO2e/kWh";"CO2 intensity diesel";0,000216445446;"Diesel mix"
2035;"FR";"BAU";"Sensitivity | Current Policies | Resale value";"tCO2e/kWh";"CO2 intensity diesel";0,000216445446;"Diesel mix"
2035;"FR";"BAU";"Sensitivity | Current Policies | Urban depot-only charging";"tCO2e/kWh";"CO2 intensity diesel";0,000216445446;"Diesel mix"
2035;"FR";"BAU";"Sensitivity | Current Policies | Vehicle insurance";"tCO2e/kWh";"CO2 intensity diesel";0,000216445446;"Diesel mix"
2035;"FR";"BAU";"Sensitivity | Current policies | Removed diesel efficiency gains";"tCO2e/kWh";"CO2 intensity diesel";0,000216445446;"Diesel mix"
2035;"FR";"BAU";"Sensitivity | Removed policies except for H2 tax reduction";"tCO2e/kWh";"CO2 intensity diesel";0,0002497483764;"Diesel mix"
2035;"FR";"BAU";"Sensitivity | Removed policies except for bio/syn fuel mandates";"tCO2e/kWh";"CO2 intensity diesel";0,000216445446;"Diesel mix"
2035;"FR";"BAU";"Sensitivity | Removed policies | Removed diesel efficiency gains";"tCO2e/kWh";"CO2 intensity diesel";0,0002497483764;"Diesel mix"
2035;"FR";"PROG";"Current policies";"tCO2e/kWh";"CO2 intensity diesel";0,000182011248;"Diesel mix"
2035;"FR";"PROG";"Removed policies";"tCO2e/kWh";"CO2 intensity diesel";0,0002425477428;"Diesel mix"
2035;"FR";"PROG";"Sensitivity | Current Policies | Removed CO2 price";"tCO2e/kWh";"CO2 intensity diesel";0,000182011248;"Diesel mix"
2035;"FR";"PROG";"Sensitivity | Current Policies | Urban depot-only charging";"tCO2e/kWh";"CO2 intensity diesel";0,000182011248;"Diesel mix"
2035;"FR";"PROG";"Sensitivity | Current policies | Removed diesel efficiency gains";"tCO2e/kWh";"CO2 intensity diesel";0,000182011248;"Diesel mix"
2035;"FR";"PROG";"Sensitivity | Removed policies except for H2 tax reduction";"tCO2e/kWh";"CO2 intensity diesel";0,0002425477428;"Diesel mix"
2035;"FR";"PROG";"Sensitivity | Removed policies except for bio/syn fuel mandates";"tCO2e/kWh";"CO2 intensity diesel";0,000182011248;"Diesel mix"
2035;"FR";"PROG";"Sensitivity | Removed policies | Removed diesel efficiency gains";"tCO2e/kWh";"CO2 intensity diesel";0,0002425477428;"Diesel mix"
2035;"IT";"BAU";"Current policies";"tCO2e/kWh";"CO2 intensity diesel";0,000216445446;"Diesel mix"
2035;"IT";"BAU";"Removed policies";"tCO2e/kWh";"CO2 intensity diesel";0,0002497483764;"Diesel mix"
2035;"IT";"BAU";"Sensitivity | Current Policies | Interest rate";"tCO2e/kWh";"CO2 intensity diesel";0,000216445446;"Diesel mix"
2035;"IT";"BAU";"Sensitivity | Current Policies | Removed CO2 price";"tCO2e/kWh";"CO2 intensity diesel";0,000216445446;"Diesel mix"
2035;"IT";"BAU";"Sensitivity | Current Policies | Resale value";"tCO2e/kWh";"CO2 intensity diesel";0,000216445446;"Diesel mix"
2035;"IT";"BAU";"Sensitivity | Current Policies | Urban depot-only charging";"tCO2e/kWh";"CO2 intensity diesel";0,000216445446;"Diesel mix"
2035;"IT";"BAU";"Sensitivity | Current Policies | Vehicle insurance";"tCO2e/kWh";"CO2 intensity diesel";0,000216445446;"Diesel mix"
2035;"IT";"BAU";"Sensitivity | Current policies | Removed diesel efficiency gains";"tCO2e/kWh";"CO2 intensity diesel";0,000216445446;"Diesel mix"
2035;"IT";"BAU";"Sensitivity | Removed policies except for H2 tax reduction";"tCO2e/kWh";"CO2 intensity diesel";0,0002497483764;"Diesel mix"
2035;"IT";"BAU";"Sensitivity | Removed policies except for bio/syn fuel mandates";"tCO2e/kWh";"CO2 intensity diesel";0,000216445446;"Diesel mix"
2035;"IT";"BAU";"Sensitivity | Removed policies | Removed diesel efficiency gains";"tCO2e/kWh";"CO2 intensity diesel";0,0002497483764;"Diesel mix"
2035;"IT";"PROG";"Current policies";"tCO2e/kWh";"CO2 intensity diesel";0,000182011248;"Diesel mix"
2035;"IT";"PROG";"Removed policies";"tCO2e/kWh";"CO2 intensity diesel";0,0002425477428;"Diesel mix"
2035;"IT";"PROG";"Sensitivity | Current Policies | Removed CO2 price";"tCO2e/kWh";"CO2 intensity diesel";0,000182011248;"Diesel mix"
2035;"IT";"PROG";"Sensitivity | Current Policies | Urban depot-only charging";"tCO2e/kWh";"CO2 intensity diesel";0,000182011248;"Diesel mix"
2035;"IT";"PROG";"Sensitivity | Current policies | Removed diesel efficiency gains";"tCO2e/kWh";"CO2 intensity diesel";0,000182011248;"Diesel mix"
2035;"IT";"PROG";"Sensitivity | Removed policies except for H2 tax reduction";"tCO2e/kWh";"CO2 intensity diesel";0,0002425477428;"Diesel mix"
2035;"IT";"PROG";"Sensitivity | Removed policies except for bio/syn fuel mandates";"tCO2e/kWh";"CO2 intensity diesel";0,000182011248;"Diesel mix"
2035;"IT";"PROG";"Sensitivity | Removed policies | Removed diesel efficiency gains";"tCO2e/kWh";"CO2 intensity diesel";0,0002425477428;"Diesel mix"
2035;"NL";"BAU";"Current policies";"tCO2e/kWh";"CO2 intensity diesel";0,000216445446;"Diesel mix"
2035;"NL";"BAU";"Removed policies";"tCO2e/kWh";"CO2 intensity diesel";0,0002497483764;"Diesel mix"
2035;"NL";"BAU";"Sensitivity | Current Policies | Interest rate";"tCO2e/kWh";"CO2 intensity diesel";0,000216445446;"Diesel mix"
2035;"NL";"BAU";"Sensitivity | Current Policies | Removed CO2 price";"tCO2e/kWh";"CO2 intensity diesel";0,000216445446;"Diesel mix"
2035;"NL";"BAU";"Sensitivity | Current Policies | Resale value";"tCO2e/kWh";"CO2 intensity diesel";0,000216445446;"Diesel mix"
2035;"NL";"BAU";"Sensitivity | Current Policies | Urban depot-only charging";"tCO2e/kWh";"CO2 intensity diesel";0,000216445446;"Diesel mix"
2035;"NL";"BAU";"Sensitivity | Current Policies | Vehicle insurance";"tCO2e/kWh";"CO2 intensity diesel";0,000216445446;"Diesel mix"
2035;"NL";"BAU";"Sensitivity | Current policies | Removed diesel efficiency gains";"tCO2e/kWh";"CO2 intensity diesel";0,000216445446;"Diesel mix"
2035;"NL";"BAU";"Sensitivity | Removed policies except for H2 tax reduction";"tCO2e/kWh";"CO2 intensity diesel";0,0002497483764;"Diesel mix"
2035;"NL";"BAU";"Sensitivity | Removed policies except for bio/syn fuel mandates";"tCO2e/kWh";"CO2 intensity diesel";0,000216445446;"Diesel mix"
2035;"NL";"BAU";"Sensitivity | Removed policies | Removed diesel efficiency gains";"tCO2e/kWh";"CO2 intensity diesel";0,0002497483764;"Diesel mix"
2035;"NL";"PROG";"Current policies";"tCO2e/kWh";"CO2 intensity diesel";0,000182011248;"Diesel mix"
2035;"NL";"PROG";"Removed policies";"tCO2e/kWh";"CO2 intensity diesel";0,0002425477428;"Diesel mix"
2035;"NL";"PROG";"Sensitivity | Current Policies | Removed CO2 price";"tCO2e/kWh";"CO2 intensity diesel";0,000182011248;"Diesel mix"
2035;"NL";"PROG";"Sensitivity | Current Policies | Urban depot-only charging";"tCO2e/kWh";"CO2 intensity diesel";0,000182011248;"Diesel mix"
2035;"NL";"PROG";"Sensitivity | Current policies | Removed diesel efficiency gains";"tCO2e/kWh";"CO2 intensity diesel";0,000182011248;"Diesel mix"
2035;"NL";"PROG";"Sensitivity | Removed policies except for H2 tax reduction";"tCO2e/kWh";"CO2 intensity diesel";0,0002425477428;"Diesel mix"
2035;"NL";"PROG";"Sensitivity | Removed policies except for bio/syn fuel mandates";"tCO2e/kWh";"CO2 intensity diesel";0,000182011248;"Diesel mix"
2035;"NL";"PROG";"Sensitivity | Removed policies | Removed diesel efficiency gains";"tCO2e/kWh";"CO2 intensity diesel";0,0002425477428;"Diesel mix"
2035;"PL";"BAU";"Current policies";"tCO2e/kWh";"CO2 intensity diesel";0,000216445446;"Diesel mix"
2035;"PL";"BAU";"Removed policies";"tCO2e/kWh";"CO2 intensity diesel";0,0002497483764;"Diesel mix"
2035;"PL";"BAU";"Sensitivity | Current Policies | Interest rate";"tCO2e/kWh";"CO2 intensity diesel";0,000216445446;"Diesel mix"
2035;"PL";"BAU";"Sensitivity | Current Policies | Removed CO2 price";"tCO2e/kWh";"CO2 intensity diesel";0,000216445446;"Diesel mix"
2035;"PL";"BAU";"Sensitivity | Current Policies | Resale value";"tCO2e/kWh";"CO2 intensity diesel";0,000216445446;"Diesel mix"
2035;"PL";"BAU";"Sensitivity | Current Policies | Urban depot-only charging";"tCO2e/kWh";"CO2 intensity diesel";0,000216445446;"Diesel mix"
2035;"PL";"BAU";"Sensitivity | Current Policies | Vehicle insurance";"tCO2e/kWh";"CO2 intensity diesel";0,000216445446;"Diesel mix"
2035;"PL";"BAU";"Sensitivity | Current policies | Removed diesel efficiency gains";"tCO2e/kWh";"CO2 intensity diesel";0,000216445446;"Diesel mix"
2035;"PL";"BAU";"Sensitivity | Removed policies except for H2 tax reduction";"tCO2e/kWh";"CO2 intensity diesel";0,0002497483764;"Diesel mix"
2035;"PL";"BAU";"Sensitivity | Removed policies except for bio/syn fuel mandates";"tCO2e/kWh";"CO2 intensity diesel";0,000216445446;"Diesel mix"
2035;"PL";"BAU";"Sensitivity | Removed policies | Removed diesel efficiency gains";"tCO2e/kWh";"CO2 intensity diesel";0,0002497483764;"Diesel mix"
2035;"PL";"PROG";"Current policies";"tCO2e/kWh";"CO2 intensity diesel";0,000182011248;"Diesel mix"
2035;"PL";"PROG";"Removed policies";"tCO2e/kWh";"CO2 intensity diesel";0,0002425477428;"Diesel mix"
2035;"PL";"PROG";"Sensitivity | Current Policies | Removed CO2 price";"tCO2e/kWh";"CO2 intensity diesel";0,000182011248;"Diesel mix"
2035;"PL";"PROG";"Sensitivity | Current Policies | Urban depot-only charging";"tCO2e/kWh";"CO2 intensity diesel";0,000182011248;"Diesel mix"
2035;"PL";"PROG";"Sensitivity | Current policies | Removed diesel efficiency gains";"tCO2e/kWh";"CO2 intensity diesel";0,000182011248;"Diesel mix"
2035;"PL";"PROG";"Sensitivity | Removed policies except for H2 tax reduction";"tCO2e/kWh";"CO2 intensity diesel";0,0002425477428;"Diesel mix"
2035;"PL";"PROG";"Sensitivity | Removed policies except for bio/syn fuel mandates";"tCO2e/kWh";"CO2 intensity diesel";0,000182011248;"Diesel mix"
2035;"PL";"PROG";"Sensitivity | Removed policies | Removed diesel efficiency gains";"tCO2e/kWh";"CO2 intensity diesel";0,0002425477428;"Diesel mix"
2035;"UK";"BAU";"Current policies";"tCO2e/kWh";"CO2 intensity diesel";0,000216445446;"Diesel mix"
2035;"UK";"BAU";"Removed policies";"tCO2e/kWh";"CO2 intensity diesel";0,0002497483764;"Diesel mix"
2035;"UK";"BAU";"Sensitivity | Current Policies | Interest rate";"tCO2e/kWh";"CO2 intensity diesel";0,000216445446;"Diesel mix"
2035;"UK";"BAU";"Sensitivity | Current Policies | Removed CO2 price";"tCO2e/kWh";"CO2 intensity diesel";0,000216445446;"Diesel mix"
2035;"UK";"BAU";"Sensitivity | Current Policies | Resale value";"tCO2e/kWh";"CO2 intensity diesel";0,000216445446;"Diesel mix"
2035;"UK";"BAU";"Sensitivity | Current Policies | Urban depot-only charging";"tCO2e/kWh";"CO2 intensity diesel";0,000216445446;"Diesel mix"
2035;"UK";"BAU";"Sensitivity | Current Policies | Vehicle insurance";"tCO2e/kWh";"CO2 intensity diesel";0,000216445446;"Diesel mix"
2035;"UK";"BAU";"Sensitivity | Current policies | Removed diesel efficiency gains";"tCO2e/kWh";"CO2 intensity diesel";0,000216445446;"Diesel mix"
2035;"UK";"BAU";"Sensitivity | Removed policies except for H2 tax reduction";"tCO2e/kWh";"CO2 intensity diesel";0,0002497483764;"Diesel mix"
2035;"UK";"BAU";"Sensitivity | Removed policies except for bio/syn fuel mandates";"tCO2e/kWh";"CO2 intensity diesel";0,000216445446;"Diesel mix"
2035;"UK";"BAU";"Sensitivity | Removed policies | Removed diesel efficiency gains";"tCO2e/kWh";"CO2 intensity diesel";0,0002497483764;"Diesel mix"
2035;"UK";"PROG";"Current policies";"tCO2e/kWh";"CO2 intensity diesel";0,000182011248;"Diesel mix"
2035;"UK";"PROG";"Removed policies";"tCO2e/kWh";"CO2 intensity diesel";0,0002425477428;"Diesel mix"
2035;"UK";"PROG";"Sensitivity | Current Policies | Removed CO2 price";"tCO2e/kWh";"CO2 intensity diesel";0,000182011248;"Diesel mix"
2035;"UK";"PROG";"Sensitivity | Current Policies | Urban depot-only charging";"tCO2e/kWh";"CO2 intensity diesel";0,000182011248;"Diesel mix"
2035;"UK";"PROG";"Sensitivity | Current policies | Removed diesel efficiency gains";"tCO2e/kWh";"CO2 intensity diesel";0,000182011248;"Diesel mix"
2035;"UK";"PROG";"Sensitivity | Removed policies except for H2 tax reduction";"tCO2e/kWh";"CO2 intensity diesel";0,0002425477428;"Diesel mix"
2035;"UK";"PROG";"Sensitivity | Removed policies except for bio/syn fuel mandates";"tCO2e/kWh";"CO2 intensity diesel";0,000182011248;"Diesel mix"
2035;"UK";"PROG";"Sensitivity | Removed policies | Removed diesel efficiency gains";"tCO2e/kWh";"CO2 intensity diesel";0,0002425477428;"Diesel mix"
2040;"DE";"BAU";"Current policies";"tCO2e/kWh";"CO2 intensity diesel";0,00011257695;"Diesel mix"
2040;"DE";"BAU";"Removed policies";"tCO2e/kWh";"CO2 intensity diesel";0,000249616422;"Diesel mix"
2040;"DE";"BAU";"Sensitivity | Current Policies | Interest rate";"tCO2e/kWh";"CO2 intensity diesel";0,00011257695;"Diesel mix"
2040;"DE";"BAU";"Sensitivity | Current Policies | Removed CO2 price";"tCO2e/kWh";"CO2 intensity diesel";0,00011257695;"Diesel mix"
2040;"DE";"BAU";"Sensitivity | Current Policies | Resale value";"tCO2e/kWh";"CO2 intensity diesel";0,00011257695;"Diesel mix"
2040;"DE";"BAU";"Sensitivity | Current Policies | Urban depot-only charging";"tCO2e/kWh";"CO2 intensity diesel";0,00011257695;"Diesel mix"
2040;"DE";"BAU";"Sensitivity | Current Policies | Vehicle insurance";"tCO2e/kWh";"CO2 intensity diesel";0,00011257695;"Diesel mix"
2040;"DE";"BAU";"Sensitivity | Current policies | Removed diesel efficiency gains";"tCO2e/kWh";"CO2 intensity diesel";0,00011257695;"Diesel mix"
2040;"DE";"BAU";"Sensitivity | Removed policies except for H2 tax reduction";"tCO2e/kWh";"CO2 intensity diesel";0,000249616422;"Diesel mix"
2040;"DE";"BAU";"Sensitivity | Removed policies except for bio/syn fuel mandates";"tCO2e/kWh";"CO2 intensity diesel";0,00011257695;"Diesel mix"
2040;"DE";"BAU";"Sensitivity | Removed policies | Removed diesel efficiency gains";"tCO2e/kWh";"CO2 intensity diesel";0,000249616422;"Diesel mix"
2040;"DE";"PROG";"Current policies";"tCO2e/kWh";"CO2 intensity diesel";7,498872e-05;"Diesel mix"
2040;"DE";"PROG";"Removed policies";"tCO2e/kWh";"CO2 intensity diesel";0,000242364294;"Diesel mix"
2040;"DE";"PROG";"Sensitivity | Current Policies | Removed CO2 price";"tCO2e/kWh";"CO2 intensity diesel";7,498872e-05;"Diesel mix"
2040;"DE";"PROG";"Sensitivity | Current Policies | Urban depot-only charging";"tCO2e/kWh";"CO2 intensity diesel";7,498872e-05;"Diesel mix"
2040;"DE";"PROG";"Sensitivity | Current policies | Removed diesel efficiency gains";"tCO2e/kWh";"CO2 intensity diesel";7,498872e-05;"Diesel mix"
2040;"DE";"PROG";"Sensitivity | Removed policies except for H2 tax reduction";"tCO2e/kWh";"CO2 intensity diesel";0,000242364294;"Diesel mix"
2040;"DE";"PROG";"Sensitivity | Removed policies except for bio/syn fuel mandates";"tCO2e/kWh";"CO2 intensity diesel";7,498872e-05;"Diesel mix"
2040;"DE";"PROG";"Sensitivity | Removed policies | Removed diesel efficiency gains";"tCO2e/kWh";"CO2 intensity diesel";0,000242364294;"Diesel mix"
2040;"ES";"BAU";"Current policies";"tCO2e/kWh";"CO2 intensity diesel";0,00011257695;"Diesel mix"
2040;"ES";"BAU";"Removed policies";"tCO2e/kWh";"CO2 intensity diesel";0,000249616422;"Diesel mix"
2040;"ES";"BAU";"Sensitivity | Current Policies | Interest rate";"tCO2e/kWh";"CO2 intensity diesel";0,00011257695;"Diesel mix"
2040;"ES";"BAU";"Sensitivity | Current Policies | Removed CO2 price";"tCO2e/kWh";"CO2 intensity diesel";0,00011257695;"Diesel mix"
2040;"ES";"BAU";"Sensitivity | Current Policies | Resale value";"tCO2e/kWh";"CO2 intensity diesel";0,00011257695;"Diesel mix"
2040;"ES";"BAU";"Sensitivity | Current Policies | Urban depot-only charging";"tCO2e/kWh";"CO2 intensity diesel";0,00011257695;"Diesel mix"
2040;"ES";"BAU";"Sensitivity | Current Policies | Vehicle insurance";"tCO2e/kWh";"CO2 intensity diesel";0,00011257695;"Diesel mix"
2040;"ES";"BAU";"Sensitivity | Current policies | Removed diesel efficiency gains";"tCO2e/kWh";"CO2 intensity diesel";0,00011257695;"Diesel mix"
2040;"ES";"BAU";"Sensitivity | Removed policies except for H2 tax reduction";"tCO2e/kWh";"CO2 intensity diesel";0,000249616422;"Diesel mix"
2040;"ES";"BAU";"Sensitivity | Removed policies except for bio/syn fuel mandates";"tCO2e/kWh";"CO2 intensity diesel";0,00011257695;"Diesel mix"
2040;"ES";"BAU";"Sensitivity | Removed policies | Removed diesel efficiency gains";"tCO2e/kWh";"CO2 intensity diesel";0,000249616422;"Diesel mix"
2040;"ES";"PROG";"Current policies";"tCO2e/kWh";"CO2 intensity diesel";7,498872e-05;"Diesel mix"
2040;"ES";"PROG";"Removed policies";"tCO2e/kWh";"CO2 intensity diesel";0,000242364294;"Diesel mix"
2040;"ES";"PROG";"Sensitivity | Current Policies | Removed CO2 price";"tCO2e/kWh";"CO2 intensity diesel";7,498872e-05;"Diesel mix"
2040;"ES";"PROG";"Sensitivity | Current Policies | Urban depot-only charging";"tCO2e/kWh";"CO2 intensity diesel";7,498872e-05;"Diesel mix"
2040;"ES";"PROG";"Sensitivity | Current policies | Removed diesel efficiency gains";"tCO2e/kWh";"CO2 intensity diesel";7,498872e-05;"Diesel mix"
2040;"ES";"PROG";"Sensitivity | Removed policies except for H2 tax reduction";"tCO2e/kWh";"CO2 intensity diesel";0,000242364294;"Diesel mix"
2040;"ES";"PROG";"Sensitivity | Removed policies except for bio/syn fuel mandates";"tCO2e/kWh";"CO2 intensity diesel";7,498872e-05;"Diesel mix"
2040;"ES";"PROG";"Sensitivity | Removed policies | Removed diesel efficiency gains";"tCO2e/kWh";"CO2 intensity diesel";0,000242364294;"Diesel mix"
2040;"FR";"BAU";"Current policies";"tCO2e/kWh";"CO2 intensity diesel";0,00011257695;"Diesel mix"
2040;"FR";"BAU";"Removed policies";"tCO2e/kWh";"CO2 intensity diesel";0,000249616422;"Diesel mix"
2040;"FR";"BAU";"Sensitivity | Current Policies | Interest rate";"tCO2e/kWh";"CO2 intensity diesel";0,00011257695;"Diesel mix"
2040;"FR";"BAU";"Sensitivity | Current Policies | Removed CO2 price";"tCO2e/kWh";"CO2 intensity diesel";0,00011257695;"Diesel mix"
2040;"FR";"BAU";"Sensitivity | Current Policies | Resale value";"tCO2e/kWh";"CO2 intensity diesel";0,00011257695;"Diesel mix"
2040;"FR";"BAU";"Sensitivity | Current Policies | Urban depot-only charging";"tCO2e/kWh";"CO2 intensity diesel";0,00011257695;"Diesel mix"
2040;"FR";"BAU";"Sensitivity | Current Policies | Vehicle insurance";"tCO2e/kWh";"CO2 intensity diesel";0,00011257695;"Diesel mix"
2040;"FR";"BAU";"Sensitivity | Current policies | Removed diesel efficiency gains";"tCO2e/kWh";"CO2 intensity diesel";0,00011257695;"Diesel mix"
2040;"FR";"BAU";"Sensitivity | Removed policies except for H2 tax reduction";"tCO2e/kWh";"CO2 intensity diesel";0,000249616422;"Diesel mix"
2040;"FR";"BAU";"Sensitivity | Removed policies except for bio/syn fuel mandates";"tCO2e/kWh";"CO2 intensity diesel";0,00011257695;"Diesel mix"
2040;"FR";"BAU";"Sensitivity | Removed policies | Removed diesel efficiency gains";"tCO2e/kWh";"CO2 intensity diesel";0,000249616422;"Diesel mix"
2040;"FR";"PROG";"Current policies";"tCO2e/kWh";"CO2 intensity diesel";7,498872e-05;"Diesel mix"
2040;"FR";"PROG";"Removed policies";"tCO2e/kWh";"CO2 intensity diesel";0,000242364294;"Diesel mix"
2040;"FR";"PROG";"Sensitivity | Current Policies | Removed CO2 price";"tCO2e/kWh";"CO2 intensity diesel";7,498872e-05;"Diesel mix"
2040;"FR";"PROG";"Sensitivity | Current Policies | Urban depot-only charging";"tCO2e/kWh";"CO2 intensity diesel";7,498872e-05;"Diesel mix"
2040;"FR";"PROG";"Sensitivity | Current policies | Removed diesel efficiency gains";"tCO2e/kWh";"CO2 intensity diesel";7,498872e-05;"Diesel mix"
2040;"FR";"PROG";"Sensitivity | Removed policies except for H2 tax reduction";"tCO2e/kWh";"CO2 intensity diesel";0,000242364294;"Diesel mix"
2040;"FR";"PROG";"Sensitivity | Removed policies except for bio/syn fuel mandates";"tCO2e/kWh";"CO2 intensity diesel";7,498872e-05;"Diesel mix"
2040;"FR";"PROG";"Sensitivity | Removed policies | Removed diesel efficiency gains";"tCO2e/kWh";"CO2 intensity diesel";0,000242364294;"Diesel mix"
2040;"IT";"BAU";"Current policies";"tCO2e/kWh";"CO2 intensity diesel";0,00011257695;"Diesel mix"
2040;"IT";"BAU";"Removed policies";"tCO2e/kWh";"CO2 intensity diesel";0,000249616422;"Diesel mix"
2040;"IT";"BAU";"Sensitivity | Current Policies | Interest rate";"tCO2e/kWh";"CO2 intensity diesel";0,00011257695;"Diesel mix"
2040;"IT";"BAU";"Sensitivity | Current Policies | Removed CO2 price";"tCO2e/kWh";"CO2 intensity diesel";0,00011257695;"Diesel mix"
2040;"IT";"BAU";"Sensitivity | Current Policies | Resale value";"tCO2e/kWh";"CO2 intensity diesel";0,00011257695;"Diesel mix"
2040;"IT";"BAU";"Sensitivity | Current Policies | Urban depot-only charging";"tCO2e/kWh";"CO2 intensity diesel";0,00011257695;"Diesel mix"
2040;"IT";"BAU";"Sensitivity | Current Policies | Vehicle insurance";"tCO2e/kWh";"CO2 intensity diesel";0,00011257695;"Diesel mix"
2040;"IT";"BAU";"Sensitivity | Current policies | Removed diesel efficiency gains";"tCO2e/kWh";"CO2 intensity diesel";0,00011257695;"Diesel mix"
2040;"IT";"BAU";"Sensitivity | Removed policies except for H2 tax reduction";"tCO2e/kWh";"CO2 intensity diesel";0,000249616422;"Diesel mix"
2040;"IT";"BAU";"Sensitivity | Removed policies except for bio/syn fuel mandates";"tCO2e/kWh";"CO2 intensity diesel";0,00011257695;"Diesel mix"
2040;"IT";"BAU";"Sensitivity | Removed policies | Removed diesel efficiency gains";"tCO2e/kWh";"CO2 intensity diesel";0,000249616422;"Diesel mix"
2040;"IT";"PROG";"Current policies";"tCO2e/kWh";"CO2 intensity diesel";7,498872e-05;"Diesel mix"
2040;"IT";"PROG";"Removed policies";"tCO2e/kWh";"CO2 intensity diesel";0,000242364294;"Diesel mix"
2040;"IT";"PROG";"Sensitivity | Current Policies | Removed CO2 price";"tCO2e/kWh";"CO2 intensity diesel";7,498872e-05;"Diesel mix"
2040;"IT";"PROG";"Sensitivity | Current Policies | Urban depot-only charging";"tCO2e/kWh";"CO2 intensity diesel";7,498872e-05;"Diesel mix"
2040;"IT";"PROG";"Sensitivity | Current policies | Removed diesel efficiency gains";"tCO2e/kWh";"CO2 intensity diesel";7,498872e-05;"Diesel mix"
2040;"IT";"PROG";"Sensitivity | Removed policies except for H2 tax reduction";"tCO2e/kWh";"CO2 intensity diesel";0,000242364294;"Diesel mix"
2040;"IT";"PROG";"Sensitivity | Removed policies except for bio/syn fuel mandates";"tCO2e/kWh";"CO2 intensity diesel";7,498872e-05;"Diesel mix"
2040;"IT";"PROG";"Sensitivity | Removed policies | Removed diesel efficiency gains";"tCO2e/kWh";"CO2 intensity diesel";0,000242364294;"Diesel mix"
2040;"NL";"BAU";"Current policies";"tCO2e/kWh";"CO2 intensity diesel";0,00011257695;"Diesel mix"
2040;"NL";"BAU";"Removed policies";"tCO2e/kWh";"CO2 intensity diesel";0,000249616422;"Diesel mix"
2040;"NL";"BAU";"Sensitivity | Current Policies | Interest rate";"tCO2e/kWh";"CO2 intensity diesel";0,00011257695;"Diesel mix"
2040;"NL";"BAU";"Sensitivity | Current Policies | Removed CO2 price";"tCO2e/kWh";"CO2 intensity diesel";0,00011257695;"Diesel mix"
2040;"NL";"BAU";"Sensitivity | Current Policies | Resale value";"tCO2e/kWh";"CO2 intensity diesel";0,00011257695;"Diesel mix"
2040;"NL";"BAU";"Sensitivity | Current Policies | Urban depot-only charging";"tCO2e/kWh";"CO2 intensity diesel";0,00011257695;"Diesel mix"
2040;"NL";"BAU";"Sensitivity | Current Policies | Vehicle insurance";"tCO2e/kWh";"CO2 intensity diesel";0,00011257695;"Diesel mix"
2040;"NL";"BAU";"Sensitivity | Current policies | Removed diesel efficiency gains";"tCO2e/kWh";"CO2 intensity diesel";0,00011257695;"Diesel mix"
2040;"NL";"BAU";"Sensitivity | Removed policies except for H2 tax reduction";"tCO2e/kWh";"CO2 intensity diesel";0,000249616422;"Diesel mix"
2040;"NL";"BAU";"Sensitivity | Removed policies except for bio/syn fuel mandates";"tCO2e/kWh";"CO2 intensity diesel";0,00011257695;"Diesel mix"
2040;"NL";"BAU";"Sensitivity | Removed policies | Removed diesel efficiency gains";"tCO2e/kWh";"CO2 intensity diesel";0,000249616422;"Diesel mix"
2040;"NL";"PROG";"Current policies";"tCO2e/kWh";"CO2 intensity diesel";7,498872e-05;"Diesel mix"
2040;"NL";"PROG";"Removed policies";"tCO2e/kWh";"CO2 intensity diesel";0,000242364294;"Diesel mix"
2040;"NL";"PROG";"Sensitivity | Current Policies | Removed CO2 price";"tCO2e/kWh";"CO2 intensity diesel";7,498872e-05;"Diesel mix"
2040;"NL";"PROG";"Sensitivity | Current Policies | Urban depot-only charging";"tCO2e/kWh";"CO2 intensity diesel";7,498872e-05;"Diesel mix"
2040;"NL";"PROG";"Sensitivity | Current policies | Removed diesel efficiency gains";"tCO2e/kWh";"CO2 intensity diesel";7,498872e-05;"Diesel mix"
2040;"NL";"PROG";"Sensitivity | Removed policies except for H2 tax reduction";"tCO2e/kWh";"CO2 intensity diesel";0,000242364294;"Diesel mix"
2040;"NL";"PROG";"Sensitivity | Removed policies except for bio/syn fuel mandates";"tCO2e/kWh";"CO2 intensity diesel";7,498872e-05;"Diesel mix"
2040;"NL";"PROG";"Sensitivity | Removed policies | Removed diesel efficiency gains";"tCO2e/kWh";"CO2 intensity diesel";0,000242364294;"Diesel mix"
2040;"PL";"BAU";"Current policies";"tCO2e/kWh";"CO2 intensity diesel";0,00011257695;"Diesel mix"
2040;"PL";"BAU";"Removed policies";"tCO2e/kWh";"CO2 intensity diesel";0,000249616422;"Diesel mix"
2040;"PL";"BAU";"Sensitivity | Current Policies | Interest rate";"tCO2e/kWh";"CO2 intensity diesel";0,00011257695;"Diesel mix"
2040;"PL";"BAU";"Sensitivity | Current Policies | Removed CO2 price";"tCO2e/kWh";"CO2 intensity diesel";0,00011257695;"Diesel mix"
2040;"PL";"BAU";"Sensitivity | Current Policies | Resale value";"tCO2e/kWh";"CO2 intensity diesel";0,00011257695;"Diesel mix"
2040;"PL";"BAU";"Sensitivity | Current Policies | Urban depot-only charging";"tCO2e/kWh";"CO2 intensity diesel";0,00011257695;"Diesel mix"
2040;"PL";"BAU";"Sensitivity | Current Policies | Vehicle insurance";"tCO2e/kWh";"CO2 intensity diesel";0,00011257695;"Diesel mix"
2040;"PL";"BAU";"Sensitivity | Current policies | Removed diesel efficiency gains";"tCO2e/kWh";"CO2 intensity diesel";0,00011257695;"Diesel mix"
2040;"PL";"BAU";"Sensitivity | Removed policies except for H2 tax reduction";"tCO2e/kWh";"CO2 intensity diesel";0,000249616422;"Diesel mix"
2040;"PL";"BAU";"Sensitivity | Removed policies except for bio/syn fuel mandates";"tCO2e/kWh";"CO2 intensity diesel";0,00011257695;"Diesel mix"
2040;"PL";"BAU";"Sensitivity | Removed policies | Removed diesel efficiency gains";"tCO2e/kWh";"CO2 intensity diesel";0,000249616422;"Diesel mix"
2040;"PL";"PROG";"Current policies";"tCO2e/kWh";"CO2 intensity diesel";7,498872e-05;"Diesel mix"
2040;"PL";"PROG";"Removed policies";"tCO2e/kWh";"CO2 intensity diesel";0,000242364294;"Diesel mix"
2040;"PL";"PROG";"Sensitivity | Current Policies | Removed CO2 price";"tCO2e/kWh";"CO2 intensity diesel";7,498872e-05;"Diesel mix"
2040;"PL";"PROG";"Sensitivity | Current Policies | Urban depot-only charging";"tCO2e/kWh";"CO2 intensity diesel";7,498872e-05;"Diesel mix"
2040;"PL";"PROG";"Sensitivity | Current policies | Removed diesel efficiency gains";"tCO2e/kWh";"CO2 intensity diesel";7,498872e-05;"Diesel mix"
2040;"PL";"PROG";"Sensitivity | Removed policies except for H2 tax reduction";"tCO2e/kWh";"CO2 intensity diesel";0,000242364294;"Diesel mix"
2040;"PL";"PROG";"Sensitivity | Removed policies except for bio/syn fuel mandates";"tCO2e/kWh";"CO2 intensity diesel";7,498872e-05;"Diesel mix"
2040;"PL";"PROG";"Sensitivity | Removed policies | Removed diesel efficiency gains";"tCO2e/kWh";"CO2 intensity diesel";0,000242364294;"Diesel mix"
2040;"UK";"BAU";"Current policies";"tCO2e/kWh";"CO2 intensity diesel";0,00011257695;"Diesel mix"
2040;"UK";"BAU";"Removed policies";"tCO2e/kWh";"CO2 intensity diesel";0,000249616422;"Diesel mix"
2040;"UK";"BAU";"Sensitivity | Current Policies | Interest rate";"tCO2e/kWh";"CO2 intensity diesel";0,00011257695;"Diesel mix"
2040;"UK";"BAU";"Sensitivity | Current Policies | Removed CO2 price";"tCO2e/kWh";"CO2 intensity diesel";0,00011257695;"Diesel mix"
2040;"UK";"BAU";"Sensitivity | Current Policies | Resale value";"tCO2e/kWh";"CO2 intensity diesel";0,00011257695;"Diesel mix"
2040;"UK";"BAU";"Sensitivity | Current Policies | Urban depot-only charging";"tCO2e/kWh";"CO2 intensity diesel";0,00011257695;"Diesel mix"
2040;"UK";"BAU";"Sensitivity | Current Policies | Vehicle insurance";"tCO2e/kWh";"CO2 intensity diesel";0,00011257695;"Diesel mix"
2040;"UK";"BAU";"Sensitivity | Current policies | Removed diesel efficiency gains";"tCO2e/kWh";"CO2 intensity diesel";0,00011257695;"Diesel mix"
2040;"UK";"BAU";"Sensitivity | Removed policies except for H2 tax reduction";"tCO2e/kWh";"CO2 intensity diesel";0,000249616422;"Diesel mix"
2040;"UK";"BAU";"Sensitivity | Removed policies except for bio/syn fuel mandates";"tCO2e/kWh";"CO2 intensity diesel";0,00011257695;"Diesel mix"
2040;"UK";"BAU";"Sensitivity | Removed policies | Removed diesel efficiency gains";"tCO2e/kWh";"CO2 intensity diesel";0,000249616422;"Diesel mix"
2040;"UK";"PROG";"Current policies";"tCO2e/kWh";"CO2 intensity diesel";7,498872e-05;"Diesel mix"
2040;"UK";"PROG";"Removed policies";"tCO2e/kWh";"CO2 intensity diesel";0,000242364294;"Diesel mix"
2040;"UK";"PROG";"Sensitivity | Current Policies | Removed CO2 price";"tCO2e/kWh";"CO2 intensity diesel";7,498872e-05;"Diesel mix"
2040;"UK";"PROG";"Sensitivity | Current Policies | Urban depot-only charging";"tCO2e/kWh";"CO2 intensity diesel";7,498872e-05;"Diesel mix"
2040;"UK";"PROG";"Sensitivity | Current policies | Removed diesel efficiency gains";"tCO2e/kWh";"CO2 intensity diesel";7,498872e-05;"Diesel mix"
2040;"UK";"PROG";"Sensitivity | Removed policies except for H2 tax reduction";"tCO2e/kWh";"CO2 intensity diesel";0,000242364294;"Diesel mix"
2040;"UK";"PROG";"Sensitivity | Removed policies except for bio/syn fuel mandates";"tCO2e/kWh";"CO2 intensity diesel";7,498872e-05;"Diesel mix"
2040;"UK";"PROG";"Sensitivity | Removed policies | Removed diesel efficiency gains";"tCO2e/kWh";"CO2 intensity diesel";0,000242364294;"Diesel mix"
2045;"DE";"BAU";"Current policies";"tCO2e/kWh";"CO2 intensity diesel";2,1890484e-05;"Diesel mix"
2045;"DE";"BAU";"Removed policies";"tCO2e/kWh";"CO2 intensity diesel";0,0002495944296;"Diesel mix"
2045;"DE";"BAU";"Sensitivity | Current Policies | Interest rate";"tCO2e/kWh";"CO2 intensity diesel";2,1890484e-05;"Diesel mix"
2045;"DE";"BAU";"Sensitivity | Current Policies | Removed CO2 price";"tCO2e/kWh";"CO2 intensity diesel";2,1890484e-05;"Diesel mix"
2045;"DE";"BAU";"Sensitivity | Current Policies | Resale value";"tCO2e/kWh";"CO2 intensity diesel";2,1890484e-05;"Diesel mix"
2045;"DE";"BAU";"Sensitivity | Current Policies | Urban depot-only charging";"tCO2e/kWh";"CO2 intensity diesel";2,1890484e-05;"Diesel mix"
2045;"DE";"BAU";"Sensitivity | Current Policies | Vehicle insurance";"tCO2e/kWh";"CO2 intensity diesel";2,1890484e-05;"Diesel mix"
2045;"DE";"BAU";"Sensitivity | Current policies | Removed diesel efficiency gains";"tCO2e/kWh";"CO2 intensity diesel";2,1890484e-05;"Diesel mix"
2045;"DE";"BAU";"Sensitivity | Removed policies except for H2 tax reduction";"tCO2e/kWh";"CO2 intensity diesel";0,0002495944296;"Diesel mix"
2045;"DE";"BAU";"Sensitivity | Removed policies except for bio/syn fuel mandates";"tCO2e/kWh";"CO2 intensity diesel";2,1890484e-05;"Diesel mix"
2045;"DE";"BAU";"Sensitivity | Removed policies | Removed diesel efficiency gains";"tCO2e/kWh";"CO2 intensity diesel";0,0002495944296;"Diesel mix"
2045;"DE";"PROG";"Current policies";"tCO2e/kWh";"CO2 intensity diesel";1,445598e-05;"Diesel mix"
2045;"DE";"PROG";"Removed policies";"tCO2e/kWh";"CO2 intensity diesel";0,0002423337192;"Diesel mix"
2045;"DE";"PROG";"Sensitivity | Current Policies | Removed CO2 price";"tCO2e/kWh";"CO2 intensity diesel";1,445598e-05;"Diesel mix"
2045;"DE";"PROG";"Sensitivity | Current Policies | Urban depot-only charging";"tCO2e/kWh";"CO2 intensity diesel";1,445598e-05;"Diesel mix"
2045;"DE";"PROG";"Sensitivity | Current policies | Removed diesel efficiency gains";"tCO2e/kWh";"CO2 intensity diesel";1,445598e-05;"Diesel mix"
2045;"DE";"PROG";"Sensitivity | Removed policies except for H2 tax reduction";"tCO2e/kWh";"CO2 intensity diesel";0,0002423337192;"Diesel mix"
2045;"DE";"PROG";"Sensitivity | Removed policies except for bio/syn fuel mandates";"tCO2e/kWh";"CO2 intensity diesel";1,445598e-05;"Diesel mix"
2045;"DE";"PROG";"Sensitivity | Removed policies | Removed diesel efficiency gains";"tCO2e/kWh";"CO2 intensity diesel";0,0002423337192;"Diesel mix"
2045;"ES";"BAU";"Current policies";"tCO2e/kWh";"CO2 intensity diesel";2,1890484e-05;"Diesel mix"
2045;"ES";"BAU";"Removed policies";"tCO2e/kWh";"CO2 intensity diesel";0,0002495944296;"Diesel mix"
2045;"ES";"BAU";"Sensitivity | Current Policies | Interest rate";"tCO2e/kWh";"CO2 intensity diesel";2,1890484e-05;"Diesel mix"
2045;"ES";"BAU";"Sensitivity | Current Policies | Removed CO2 price";"tCO2e/kWh";"CO2 intensity diesel";2,1890484e-05;"Diesel mix"
2045;"ES";"BAU";"Sensitivity | Current Policies | Resale value";"tCO2e/kWh";"CO2 intensity diesel";2,1890484e-05;"Diesel mix"
2045;"ES";"BAU";"Sensitivity | Current Policies | Urban depot-only charging";"tCO2e/kWh";"CO2 intensity diesel";2,1890484e-05;"Diesel mix"
2045;"ES";"BAU";"Sensitivity | Current Policies | Vehicle insurance";"tCO2e/kWh";"CO2 intensity diesel";2,1890484e-05;"Diesel mix"
2045;"ES";"BAU";"Sensitivity | Current policies | Removed diesel efficiency gains";"tCO2e/kWh";"CO2 intensity diesel";2,1890484e-05;"Diesel mix"
2045;"ES";"BAU";"Sensitivity | Removed policies except for H2 tax reduction";"tCO2e/kWh";"CO2 intensity diesel";0,0002495944296;"Diesel mix"
2045;"ES";"BAU";"Sensitivity | Removed policies except for bio/syn fuel mandates";"tCO2e/kWh";"CO2 intensity diesel";2,1890484e-05;"Diesel mix"
2045;"ES";"BAU";"Sensitivity | Removed policies | Removed diesel efficiency gains";"tCO2e/kWh";"CO2 intensity diesel";0,0002495944296;"Diesel mix"
2045;"ES";"PROG";"Current policies";"tCO2e/kWh";"CO2 intensity diesel";1,445598e-05;"Diesel mix"
2045;"ES";"PROG";"Removed policies";"tCO2e/kWh";"CO2 intensity diesel";0,0002423337192;"Diesel mix"
2045;"ES";"PROG";"Sensitivity | Current Policies | Removed CO2 price";"tCO2e/kWh";"CO2 intensity diesel";1,445598e-05;"Diesel mix"
2045;"ES";"PROG";"Sensitivity | Current Policies | Urban depot-only charging";"tCO2e/kWh";"CO2 intensity diesel";1,445598e-05;"Diesel mix"
2045;"ES";"PROG";"Sensitivity | Current policies | Removed diesel efficiency gains";"tCO2e/kWh";"CO2 intensity diesel";1,445598e-05;"Diesel mix"
2045;"ES";"PROG";"Sensitivity | Removed policies except for H2 tax reduction";"tCO2e/kWh";"CO2 intensity diesel";0,0002423337192;"Diesel mix"
2045;"ES";"PROG";"Sensitivity | Removed policies except for bio/syn fuel mandates";"tCO2e/kWh";"CO2 intensity diesel";1,445598e-05;"Diesel mix"
2045;"ES";"PROG";"Sensitivity | Removed policies | Removed diesel efficiency gains";"tCO2e/kWh";"CO2 intensity diesel";0,0002423337192;"Diesel mix"
2045;"FR";"BAU";"Current policies";"tCO2e/kWh";"CO2 intensity diesel";2,1890484e-05;"Diesel mix"
2045;"FR";"BAU";"Removed policies";"tCO2e/kWh";"CO2 intensity diesel";0,0002495944296;"Diesel mix"
2045;"FR";"BAU";"Sensitivity | Current Policies | Interest rate";"tCO2e/kWh";"CO2 intensity diesel";2,1890484e-05;"Diesel mix"
2045;"FR";"BAU";"Sensitivity | Current Policies | Removed CO2 price";"tCO2e/kWh";"CO2 intensity diesel";2,1890484e-05;"Diesel mix"
2045;"FR";"BAU";"Sensitivity | Current Policies | Resale value";"tCO2e/kWh";"CO2 intensity diesel";2,1890484e-05;"Diesel mix"
2045;"FR";"BAU";"Sensitivity | Current Policies | Urban depot-only charging";"tCO2e/kWh";"CO2 intensity diesel";2,1890484e-05;"Diesel mix"
2045;"FR";"BAU";"Sensitivity | Current Policies | Vehicle insurance";"tCO2e/kWh";"CO2 intensity diesel";2,1890484e-05;"Diesel mix"
2045;"FR";"BAU";"Sensitivity | Current policies | Removed diesel efficiency gains";"tCO2e/kWh";"CO2 intensity diesel";2,1890484e-05;"Diesel mix"
2045;"FR";"BAU";"Sensitivity | Removed policies except for H2 tax reduction";"tCO2e/kWh";"CO2 intensity diesel";0,0002495944296;"Diesel mix"
2045;"FR";"BAU";"Sensitivity | Removed policies except for bio/syn fuel mandates";"tCO2e/kWh";"CO2 intensity diesel";2,1890484e-05;"Diesel mix"
2045;"FR";"BAU";"Sensitivity | Removed policies | Removed diesel efficiency gains";"tCO2e/kWh";"CO2 intensity diesel";0,0002495944296;"Diesel mix"
2045;"FR";"PROG";"Current policies";"tCO2e/kWh";"CO2 intensity diesel";1,445598e-05;"Diesel mix"
2045;"FR";"PROG";"Removed policies";"tCO2e/kWh";"CO2 intensity diesel";0,0002423337192;"Diesel mix"
2045;"FR";"PROG";"Sensitivity | Current Policies | Removed CO2 price";"tCO2e/kWh";"CO2 intensity diesel";1,445598e-05;"Diesel mix"
2045;"FR";"PROG";"Sensitivity | Current Policies | Urban depot-only charging";"tCO2e/kWh";"CO2 intensity diesel";1,445598e-05;"Diesel mix"
2045;"FR";"PROG";"Sensitivity | Current policies | Removed diesel efficiency gains";"tCO2e/kWh";"CO2 intensity diesel";1,445598e-05;"Diesel mix"
2045;"FR";"PROG";"Sensitivity | Removed policies except for H2 tax reduction";"tCO2e/kWh";"CO2 intensity diesel";0,0002423337192;"Diesel mix"
2045;"FR";"PROG";"Sensitivity | Removed policies except for bio/syn fuel mandates";"tCO2e/kWh";"CO2 intensity diesel";1,445598e-05;"Diesel mix"
2045;"FR";"PROG";"Sensitivity | Removed policies | Removed diesel efficiency gains";"tCO2e/kWh";"CO2 intensity diesel";0,0002423337192;"Diesel mix"
2045;"IT";"BAU";"Current policies";"tCO2e/kWh";"CO2 intensity diesel";2,1890484e-05;"Diesel mix"
2045;"IT";"BAU";"Removed policies";"tCO2e/kWh";"CO2 intensity diesel";0,0002495944296;"Diesel mix"
2045;"IT";"BAU";"Sensitivity | Current Policies | Interest rate";"tCO2e/kWh";"CO2 intensity diesel";2,1890484e-05;"Diesel mix"
2045;"IT";"BAU";"Sensitivity | Current Policies | Removed CO2 price";"tCO2e/kWh";"CO2 intensity diesel";2,1890484e-05;"Diesel mix"
2045;"IT";"BAU";"Sensitivity | Current Policies | Resale value";"tCO2e/kWh";"CO2 intensity diesel";2,1890484e-05;"Diesel mix"
2045;"IT";"BAU";"Sensitivity | Current Policies | Urban depot-only charging";"tCO2e/kWh";"CO2 intensity diesel";2,1890484e-05;"Diesel mix"
2045;"IT";"BAU";"Sensitivity | Current Policies | Vehicle insurance";"tCO2e/kWh";"CO2 intensity diesel";2,1890484e-05;"Diesel mix"
2045;"IT";"BAU";"Sensitivity | Current policies | Removed diesel efficiency gains";"tCO2e/kWh";"CO2 intensity diesel";2,1890484e-05;"Diesel mix"
2045;"IT";"BAU";"Sensitivity | Removed policies except for H2 tax reduction";"tCO2e/kWh";"CO2 intensity diesel";0,0002495944296;"Diesel mix"
2045;"IT";"BAU";"Sensitivity | Removed policies except for bio/syn fuel mandates";"tCO2e/kWh";"CO2 intensity diesel";2,1890484e-05;"Diesel mix"
2045;"IT";"BAU";"Sensitivity | Removed policies | Removed diesel efficiency gains";"tCO2e/kWh";"CO2 intensity diesel";0,0002495944296;"Diesel mix"
2045;"IT";"PROG";"Current policies";"tCO2e/kWh";"CO2 intensity diesel";1,445598e-05;"Diesel mix"
2045;"IT";"PROG";"Removed policies";"tCO2e/kWh";"CO2 intensity diesel";0,0002423337192;"Diesel mix"
2045;"IT";"PROG";"Sensitivity | Current Policies | Removed CO2 price";"tCO2e/kWh";"CO2 intensity diesel";1,445598e-05;"Diesel mix"
2045;"IT";"PROG";"Sensitivity | Current Policies | Urban depot-only charging";"tCO2e/kWh";"CO2 intensity diesel";1,445598e-05;"Diesel mix"
2045;"IT";"PROG";"Sensitivity | Current policies | Removed diesel efficiency gains";"tCO2e/kWh";"CO2 intensity diesel";1,445598e-05;"Diesel mix"
2045;"IT";"PROG";"Sensitivity | Removed policies except for H2 tax reduction";"tCO2e/kWh";"CO2 intensity diesel";0,0002423337192;"Diesel mix"
2045;"IT";"PROG";"Sensitivity | Removed policies except for bio/syn fuel mandates";"tCO2e/kWh";"CO2 intensity diesel";1,445598e-05;"Diesel mix"
2045;"IT";"PROG";"Sensitivity | Removed policies | Removed diesel efficiency gains";"tCO2e/kWh";"CO2 intensity diesel";0,0002423337192;"Diesel mix"
2045;"NL";"BAU";"Current policies";"tCO2e/kWh";"CO2 intensity diesel";2,1890484e-05;"Diesel mix"
2045;"NL";"BAU";"Removed policies";"tCO2e/kWh";"CO2 intensity diesel";0,0002495944296;"Diesel mix"
2045;"NL";"BAU";"Sensitivity | Current Policies | Interest rate";"tCO2e/kWh";"CO2 intensity diesel";2,1890484e-05;"Diesel mix"
2045;"NL";"BAU";"Sensitivity | Current Policies | Removed CO2 price";"tCO2e/kWh";"CO2 intensity diesel";2,1890484e-05;"Diesel mix"
2045;"NL";"BAU";"Sensitivity | Current Policies | Resale value";"tCO2e/kWh";"CO2 intensity diesel";2,1890484e-05;"Diesel mix"
2045;"NL";"BAU";"Sensitivity | Current Policies | Urban depot-only charging";"tCO2e/kWh";"CO2 intensity diesel";2,1890484e-05;"Diesel mix"
2045;"NL";"BAU";"Sensitivity | Current Policies | Vehicle insurance";"tCO2e/kWh";"CO2 intensity diesel";2,1890484e-05;"Diesel mix"
2045;"NL";"BAU";"Sensitivity | Current policies | Removed diesel efficiency gains";"tCO2e/kWh";"CO2 intensity diesel";2,1890484e-05;"Diesel mix"
2045;"NL";"BAU";"Sensitivity | Removed policies except for H2 tax reduction";"tCO2e/kWh";"CO2 intensity diesel";0,0002495944296;"Diesel mix"
2045;"NL";"BAU";"Sensitivity | Removed policies except for bio/syn fuel mandates";"tCO2e/kWh";"CO2 intensity diesel";2,1890484e-05;"Diesel mix"
2045;"NL";"BAU";"Sensitivity | Removed policies | Removed diesel efficiency gains";"tCO2e/kWh";"CO2 intensity diesel";0,0002495944296;"Diesel mix"
2045;"NL";"PROG";"Current policies";"tCO2e/kWh";"CO2 intensity diesel";1,445598e-05;"Diesel mix"
2045;"NL";"PROG";"Removed policies";"tCO2e/kWh";"CO2 intensity diesel";0,0002423337192;"Diesel mix"
2045;"NL";"PROG";"Sensitivity | Current Policies | Removed CO2 price";"tCO2e/kWh";"CO2 intensity diesel";1,445598e-05;"Diesel mix"
2045;"NL";"PROG";"Sensitivity | Current Policies | Urban depot-only charging";"tCO2e/kWh";"CO2 intensity diesel";1,445598e-05;"Diesel mix"
2045;"NL";"PROG";"Sensitivity | Current policies | Removed diesel efficiency gains";"tCO2e/kWh";"CO2 intensity diesel";1,445598e-05;"Diesel mix"
2045;"NL";"PROG";"Sensitivity | Removed policies except for H2 tax reduction";"tCO2e/kWh";"CO2 intensity diesel";0,0002423337192;"Diesel mix"
2045;"NL";"PROG";"Sensitivity | Removed policies except for bio/syn fuel mandates";"tCO2e/kWh";"CO2 intensity diesel";1,445598e-05;"Diesel mix"
2045;"NL";"PROG";"Sensitivity | Removed policies | Removed diesel efficiency gains";"tCO2e/kWh";"CO2 intensity diesel";0,0002423337192;"Diesel mix"
2045;"PL";"BAU";"Current policies";"tCO2e/kWh";"CO2 intensity diesel";2,1890484e-05;"Diesel mix"
2045;"PL";"BAU";"Removed policies";"tCO2e/kWh";"CO2 intensity diesel";0,0002495944296;"Diesel mix"
2045;"PL";"BAU";"Sensitivity | Current Policies | Interest rate";"tCO2e/kWh";"CO2 intensity diesel";2,1890484e-05;"Diesel mix"
2045;"PL";"BAU";"Sensitivity | Current Policies | Removed CO2 price";"tCO2e/kWh";"CO2 intensity diesel";2,1890484e-05;"Diesel mix"
2045;"PL";"BAU";"Sensitivity | Current Policies | Resale value";"tCO2e/kWh";"CO2 intensity diesel";2,1890484e-05;"Diesel mix"
2045;"PL";"BAU";"Sensitivity | Current Policies | Urban depot-only charging";"tCO2e/kWh";"CO2 intensity diesel";2,1890484e-05;"Diesel mix"
2045;"PL";"BAU";"Sensitivity | Current Policies | Vehicle insurance";"tCO2e/kWh";"CO2 intensity diesel";2,1890484e-05;"Diesel mix"
2045;"PL";"BAU";"Sensitivity | Current policies | Removed diesel efficiency gains";"tCO2e/kWh";"CO2 intensity diesel";2,1890484e-05;"Diesel mix"
2045;"PL";"BAU";"Sensitivity | Removed policies except for H2 tax reduction";"tCO2e/kWh";"CO2 intensity diesel";0,0002495944296;"Diesel mix"
2045;"PL";"BAU";"Sensitivity | Removed policies except for bio/syn fuel mandates";"tCO2e/kWh";"CO2 intensity diesel";2,1890484e-05;"Diesel mix"
2045;"PL";"BAU";"Sensitivity | Removed policies | Removed diesel efficiency gains";"tCO2e/kWh";"CO2 intensity diesel";0,0002495944296;"Diesel mix"
2045;"PL";"PROG";"Current policies";"tCO2e/kWh";"CO2 intensity diesel";1,445598e-05;"Diesel mix"
2045;"PL";"PROG";"Removed policies";"tCO2e/kWh";"CO2 intensity diesel";0,0002423337192;"Diesel mix"
2045;"PL";"PROG";"Sensitivity | Current Policies | Removed CO2 price";"tCO2e/kWh";"CO2 intensity diesel";1,445598e-05;"Diesel mix"
2045;"PL";"PROG";"Sensitivity | Current Policies | Urban depot-only charging";"tCO2e/kWh";"CO2 intensity diesel";1,445598e-05;"Diesel mix"
2045;"PL";"PROG";"Sensitivity | Current policies | Removed diesel efficiency gains";"tCO2e/kWh";"CO2 intensity diesel";1,445598e-05;"Diesel mix"
2045;"PL";"PROG";"Sensitivity | Removed policies except for H2 tax reduction";"tCO2e/kWh";"CO2 intensity diesel";0,0002423337192;"Diesel mix"
2045;"PL";"PROG";"Sensitivity | Removed policies except for bio/syn fuel mandates";"tCO2e/kWh";"CO2 intensity diesel";1,445598e-05;"Diesel mix"
2045;"PL";"PROG";"Sensitivity | Removed policies | Removed diesel efficiency gains";"tCO2e/kWh";"CO2 intensity diesel";0,0002423337192;"Diesel mix"
2045;"UK";"BAU";"Current policies";"tCO2e/kWh";"CO2 intensity diesel";2,1890484e-05;"Diesel mix"
2045;"UK";"BAU";"Removed policies";"tCO2e/kWh";"CO2 intensity diesel";0,0002495944296;"Diesel mix"
2045;"UK";"BAU";"Sensitivity | Current Policies | Interest rate";"tCO2e/kWh";"CO2 intensity diesel";2,1890484e-05;"Diesel mix"
2045;"UK";"BAU";"Sensitivity | Current Policies | Removed CO2 price";"tCO2e/kWh";"CO2 intensity diesel";2,1890484e-05;"Diesel mix"
2045;"UK";"BAU";"Sensitivity | Current Policies | Resale value";"tCO2e/kWh";"CO2 intensity diesel";2,1890484e-05;"Diesel mix"
2045;"UK";"BAU";"Sensitivity | Current Policies | Urban depot-only charging";"tCO2e/kWh";"CO2 intensity diesel";2,1890484e-05;"Diesel mix"
2045;"UK";"BAU";"Sensitivity | Current Policies | Vehicle insurance";"tCO2e/kWh";"CO2 intensity diesel";2,1890484e-05;"Diesel mix"
2045;"UK";"BAU";"Sensitivity | Current policies | Removed diesel efficiency gains";"tCO2e/kWh";"CO2 intensity diesel";2,1890484e-05;"Diesel mix"
2045;"UK";"BAU";"Sensitivity | Removed policies except for H2 tax reduction";"tCO2e/kWh";"CO2 intensity diesel";0,0002495944296;"Diesel mix"
2045;"UK";"BAU";"Sensitivity | Removed policies except for bio/syn fuel mandates";"tCO2e/kWh";"CO2 intensity diesel";2,1890484e-05;"Diesel mix"
2045;"UK";"BAU";"Sensitivity | Removed policies | Removed diesel efficiency gains";"tCO2e/kWh";"CO2 intensity diesel";0,0002495944296;"Diesel mix"
2045;"UK";"PROG";"Current policies";"tCO2e/kWh";"CO2 intensity diesel";1,445598e-05;"Diesel mix"
2045;"UK";"PROG";"Removed policies";"tCO2e/kWh";"CO2 intensity diesel";0,0002423337192;"Diesel mix"
2045;"UK";"PROG";"Sensitivity | Current Policies | Removed CO2 price";"tCO2e/kWh";"CO2 intensity diesel";1,445598e-05;"Diesel mix"
2045;"UK";"PROG";"Sensitivity | Current Policies | Urban depot-only charging";"tCO2e/kWh";"CO2 intensity diesel";1,445598e-05;"Diesel mix"
2045;"UK";"PROG";"Sensitivity | Current policies | Removed diesel efficiency gains";"tCO2e/kWh";"CO2 intensity diesel";1,445598e-05;"Diesel mix"
2045;"UK";"PROG";"Sensitivity | Removed policies except for H2 tax reduction";"tCO2e/kWh";"CO2 intensity diesel";0,0002423337192;"Diesel mix"
2045;"UK";"PROG";"Sensitivity | Removed policies except for bio/syn fuel mandates";"tCO2e/kWh";"CO2 intensity diesel";1,445598e-05;"Diesel mix"
2045;"UK";"PROG";"Sensitivity | Removed policies | Removed diesel efficiency gains";"tCO2e/kWh";"CO2 intensity diesel";0,0002423337192;"Diesel mix"
2050;"DE";"BAU";"Current policies";"tCO2e/kWh";"CO2 intensity diesel";2,0790864e-05;"Diesel mix"
2050;"DE";"BAU";"Removed policies";"tCO2e/kWh";"CO2 intensity diesel";0,0002495504448;"Diesel mix"
2050;"DE";"BAU";"Sensitivity | Current Policies | Interest rate";"tCO2e/kWh";"CO2 intensity diesel";2,0790864e-05;"Diesel mix"
2050;"DE";"BAU";"Sensitivity | Current Policies | Removed CO2 price";"tCO2e/kWh";"CO2 intensity diesel";2,0790864e-05;"Diesel mix"
2050;"DE";"BAU";"Sensitivity | Current Policies | Resale value";"tCO2e/kWh";"CO2 intensity diesel";2,0790864e-05;"Diesel mix"
2050;"DE";"BAU";"Sensitivity | Current Policies | Urban depot-only charging";"tCO2e/kWh";"CO2 intensity diesel";2,0790864e-05;"Diesel mix"
2050;"DE";"BAU";"Sensitivity | Current Policies | Vehicle insurance";"tCO2e/kWh";"CO2 intensity diesel";2,0790864e-05;"Diesel mix"
2050;"DE";"BAU";"Sensitivity | Current policies | Removed diesel efficiency gains";"tCO2e/kWh";"CO2 intensity diesel";2,0790864e-05;"Diesel mix"
2050;"DE";"BAU";"Sensitivity | Removed policies except for H2 tax reduction";"tCO2e/kWh";"CO2 intensity diesel";0,0002495504448;"Diesel mix"
2050;"DE";"BAU";"Sensitivity | Removed policies except for bio/syn fuel mandates";"tCO2e/kWh";"CO2 intensity diesel";2,0790864e-05;"Diesel mix"
2050;"DE";"BAU";"Sensitivity | Removed policies | Removed diesel efficiency gains";"tCO2e/kWh";"CO2 intensity diesel";0,0002495504448;"Diesel mix"
2050;"DE";"PROG";"Current policies";"tCO2e/kWh";"CO2 intensity diesel";1,3452912e-05;"Diesel mix"
2050;"DE";"PROG";"Removed policies";"tCO2e/kWh";"CO2 intensity diesel";0,0002422725696;"Diesel mix"
2050;"DE";"PROG";"Sensitivity | Current Policies | Removed CO2 price";"tCO2e/kWh";"CO2 intensity diesel";1,3452912e-05;"Diesel mix"
2050;"DE";"PROG";"Sensitivity | Current Policies | Urban depot-only charging";"tCO2e/kWh";"CO2 intensity diesel";1,3452912e-05;"Diesel mix"
2050;"DE";"PROG";"Sensitivity | Current policies | Removed diesel efficiency gains";"tCO2e/kWh";"CO2 intensity diesel";1,3452912e-05;"Diesel mix"
2050;"DE";"PROG";"Sensitivity | Removed policies except for H2 tax reduction";"tCO2e/kWh";"CO2 intensity diesel";0,0002422725696;"Diesel mix"
2050;"DE";"PROG";"Sensitivity | Removed policies except for bio/syn fuel mandates";"tCO2e/kWh";"CO2 intensity diesel";1,3452912e-05;"Diesel mix"
2050;"DE";"PROG";"Sensitivity | Removed policies | Removed diesel efficiency gains";"tCO2e/kWh";"CO2 intensity diesel";0,0002422725696;"Diesel mix"
2050;"ES";"BAU";"Current policies";"tCO2e/kWh";"CO2 intensity diesel";2,0790864e-05;"Diesel mix"
2050;"ES";"BAU";"Removed policies";"tCO2e/kWh";"CO2 intensity diesel";0,0002495504448;"Diesel mix"
2050;"ES";"BAU";"Sensitivity | Current Policies | Interest rate";"tCO2e/kWh";"CO2 intensity diesel";2,0790864e-05;"Diesel mix"
2050;"ES";"BAU";"Sensitivity | Current Policies | Removed CO2 price";"tCO2e/kWh";"CO2 intensity diesel";2,0790864e-05;"Diesel mix"
2050;"ES";"BAU";"Sensitivity | Current Policies | Resale value";"tCO2e/kWh";"CO2 intensity diesel";2,0790864e-05;"Diesel mix"
2050;"ES";"BAU";"Sensitivity | Current Policies | Urban depot-only charging";"tCO2e/kWh";"CO2 intensity diesel";2,0790864e-05;"Diesel mix"
2050;"ES";"BAU";"Sensitivity | Current Policies | Vehicle insurance";"tCO2e/kWh";"CO2 intensity diesel";2,0790864e-05;"Diesel mix"
2050;"ES";"BAU";"Sensitivity | Current policies | Removed diesel efficiency gains";"tCO2e/kWh";"CO2 intensity diesel";2,0790864e-05;"Diesel mix"
2050;"ES";"BAU";"Sensitivity | Removed policies except for H2 tax reduction";"tCO2e/kWh";"CO2 intensity diesel";0,0002495504448;"Diesel mix"
2050;"ES";"BAU";"Sensitivity | Removed policies except for bio/syn fuel mandates";"tCO2e/kWh";"CO2 intensity diesel";2,0790864e-05;"Diesel mix"
2050;"ES";"BAU";"Sensitivity | Removed policies | Removed diesel efficiency gains";"tCO2e/kWh";"CO2 intensity diesel";0,0002495504448;"Diesel mix"
2050;"ES";"PROG";"Current policies";"tCO2e/kWh";"CO2 intensity diesel";1,3452912e-05;"Diesel mix"
2050;"ES";"PROG";"Removed policies";"tCO2e/kWh";"CO2 intensity diesel";0,0002422725696;"Diesel mix"
2050;"ES";"PROG";"Sensitivity | Current Policies | Removed CO2 price";"tCO2e/kWh";"CO2 intensity diesel";1,3452912e-05;"Diesel mix"
2050;"ES";"PROG";"Sensitivity | Current Policies | Urban depot-only charging";"tCO2e/kWh";"CO2 intensity diesel";1,3452912e-05;"Diesel mix"
2050;"ES";"PROG";"Sensitivity | Current policies | Removed diesel efficiency gains";"tCO2e/kWh";"CO2 intensity diesel";1,3452912e-05;"Diesel mix"
2050;"ES";"PROG";"Sensitivity | Removed policies except for H2 tax reduction";"tCO2e/kWh";"CO2 intensity diesel";0,0002422725696;"Diesel mix"
2050;"ES";"PROG";"Sensitivity | Removed policies except for bio/syn fuel mandates";"tCO2e/kWh";"CO2 intensity diesel";1,3452912e-05;"Diesel mix"
2050;"ES";"PROG";"Sensitivity | Removed policies | Removed diesel efficiency gains";"tCO2e/kWh";"CO2 intensity diesel";0,0002422725696;"Diesel mix"
2050;"FR";"BAU";"Current policies";"tCO2e/kWh";"CO2 intensity diesel";2,0790864e-05;"Diesel mix"
2050;"FR";"BAU";"Removed policies";"tCO2e/kWh";"CO2 intensity diesel";0,0002495504448;"Diesel mix"
2050;"FR";"BAU";"Sensitivity | Current Policies | Interest rate";"tCO2e/kWh";"CO2 intensity diesel";2,0790864e-05;"Diesel mix"
2050;"FR";"BAU";"Sensitivity | Current Policies | Removed CO2 price";"tCO2e/kWh";"CO2 intensity diesel";2,0790864e-05;"Diesel mix"
2050;"FR";"BAU";"Sensitivity | Current Policies | Resale value";"tCO2e/kWh";"CO2 intensity diesel";2,0790864e-05;"Diesel mix"
2050;"FR";"BAU";"Sensitivity | Current Policies | Urban depot-only charging";"tCO2e/kWh";"CO2 intensity diesel";2,0790864e-05;"Diesel mix"
2050;"FR";"BAU";"Sensitivity | Current Policies | Vehicle insurance";"tCO2e/kWh";"CO2 intensity diesel";2,0790864e-05;"Diesel mix"
2050;"FR";"BAU";"Sensitivity | Current policies | Removed diesel efficiency gains";"tCO2e/kWh";"CO2 intensity diesel";2,0790864e-05;"Diesel mix"
2050;"FR";"BAU";"Sensitivity | Removed policies except for H2 tax reduction";"tCO2e/kWh";"CO2 intensity diesel";0,0002495504448;"Diesel mix"
2050;"FR";"BAU";"Sensitivity | Removed policies except for bio/syn fuel mandates";"tCO2e/kWh";"CO2 intensity diesel";2,0790864e-05;"Diesel mix"
2050;"FR";"BAU";"Sensitivity | Removed policies | Removed diesel efficiency gains";"tCO2e/kWh";"CO2 intensity diesel";0,0002495504448;"Diesel mix"
2050;"FR";"PROG";"Current policies";"tCO2e/kWh";"CO2 intensity diesel";1,3452912e-05;"Diesel mix"
2050;"FR";"PROG";"Removed policies";"tCO2e/kWh";"CO2 intensity diesel";0,0002422725696;"Diesel mix"
2050;"FR";"PROG";"Sensitivity | Current Policies | Removed CO2 price";"tCO2e/kWh";"CO2 intensity diesel";1,3452912e-05;"Diesel mix"
2050;"FR";"PROG";"Sensitivity | Current Policies | Urban depot-only charging";"tCO2e/kWh";"CO2 intensity diesel";1,3452912e-05;"Diesel mix"
2050;"FR";"PROG";"Sensitivity | Current policies | Removed diesel efficiency gains";"tCO2e/kWh";"CO2 intensity diesel";1,3452912e-05;"Diesel mix"
2050;"FR";"PROG";"Sensitivity | Removed policies except for H2 tax reduction";"tCO2e/kWh";"CO2 intensity diesel";0,0002422725696;"Diesel mix"
2050;"FR";"PROG";"Sensitivity | Removed policies except for bio/syn fuel mandates";"tCO2e/kWh";"CO2 intensity diesel";1,3452912e-05;"Diesel mix"
2050;"FR";"PROG";"Sensitivity | Removed policies | Removed diesel efficiency gains";"tCO2e/kWh";"CO2 intensity diesel";0,0002422725696;"Diesel mix"
2050;"IT";"BAU";"Current policies";"tCO2e/kWh";"CO2 intensity diesel";2,0790864e-05;"Diesel mix"
2050;"IT";"BAU";"Removed policies";"tCO2e/kWh";"CO2 intensity diesel";0,0002495504448;"Diesel mix"
2050;"IT";"BAU";"Sensitivity | Current Policies | Interest rate";"tCO2e/kWh";"CO2 intensity diesel";2,0790864e-05;"Diesel mix"
2050;"IT";"BAU";"Sensitivity | Current Policies | Removed CO2 price";"tCO2e/kWh";"CO2 intensity diesel";2,0790864e-05;"Diesel mix"
2050;"IT";"BAU";"Sensitivity | Current Policies | Resale value";"tCO2e/kWh";"CO2 intensity diesel";2,0790864e-05;"Diesel mix"
2050;"IT";"BAU";"Sensitivity | Current Policies | Urban depot-only charging";"tCO2e/kWh";"CO2 intensity diesel";2,0790864e-05;"Diesel mix"
2050;"IT";"BAU";"Sensitivity | Current Policies | Vehicle insurance";"tCO2e/kWh";"CO2 intensity diesel";2,0790864e-05;"Diesel mix"
2050;"IT";"BAU";"Sensitivity | Current policies | Removed diesel efficiency gains";"tCO2e/kWh";"CO2 intensity diesel";2,0790864e-05;"Diesel mix"
2050;"IT";"BAU";"Sensitivity | Removed policies except for H2 tax reduction";"tCO2e/kWh";"CO2 intensity diesel";0,0002495504448;"Diesel mix"
2050;"IT";"BAU";"Sensitivity | Removed policies except for bio/syn fuel mandates";"tCO2e/kWh";"CO2 intensity diesel";2,0790864e-05;"Diesel mix"
2050;"IT";"BAU";"Sensitivity | Removed policies | Removed diesel efficiency gains";"tCO2e/kWh";"CO2 intensity diesel";0,0002495504448;"Diesel mix"
2050;"IT";"PROG";"Current policies";"tCO2e/kWh";"CO2 intensity diesel";1,3452912e-05;"Diesel mix"
2050;"IT";"PROG";"Removed policies";"tCO2e/kWh";"CO2 intensity diesel";0,0002422725696;"Diesel mix"
2050;"IT";"PROG";"Sensitivity | Current Policies | Removed CO2 price";"tCO2e/kWh";"CO2 intensity diesel";1,3452912e-05;"Diesel mix"
2050;"IT";"PROG";"Sensitivity | Current Policies | Urban depot-only charging";"tCO2e/kWh";"CO2 intensity diesel";1,3452912e-05;"Diesel mix"
2050;"IT";"PROG";"Sensitivity | Current policies | Removed diesel efficiency gains";"tCO2e/kWh";"CO2 intensity diesel";1,3452912e-05;"Diesel mix"
2050;"IT";"PROG";"Sensitivity | Removed policies except for H2 tax reduction";"tCO2e/kWh";"CO2 intensity diesel";0,0002422725696;"Diesel mix"
2050;"IT";"PROG";"Sensitivity | Removed policies except for bio/syn fuel mandates";"tCO2e/kWh";"CO2 intensity diesel";1,3452912e-05;"Diesel mix"
2050;"IT";"PROG";"Sensitivity | Removed policies | Removed diesel efficiency gains";"tCO2e/kWh";"CO2 intensity diesel";0,0002422725696;"Diesel mix"
2050;"NL";"BAU";"Current policies";"tCO2e/kWh";"CO2 intensity diesel";2,0790864e-05;"Diesel mix"
2050;"NL";"BAU";"Removed policies";"tCO2e/kWh";"CO2 intensity diesel";0,0002495504448;"Diesel mix"
2050;"NL";"BAU";"Sensitivity | Current Policies | Interest rate";"tCO2e/kWh";"CO2 intensity diesel";2,0790864e-05;"Diesel mix"
2050;"NL";"BAU";"Sensitivity | Current Policies | Removed CO2 price";"tCO2e/kWh";"CO2 intensity diesel";2,0790864e-05;"Diesel mix"
2050;"NL";"BAU";"Sensitivity | Current Policies | Resale value";"tCO2e/kWh";"CO2 intensity diesel";2,0790864e-05;"Diesel mix"
2050;"NL";"BAU";"Sensitivity | Current Policies | Urban depot-only charging";"tCO2e/kWh";"CO2 intensity diesel";2,0790864e-05;"Diesel mix"
2050;"NL";"BAU";"Sensitivity | Current Policies | Vehicle insurance";"tCO2e/kWh";"CO2 intensity diesel";2,0790864e-05;"Diesel mix"
2050;"NL";"BAU";"Sensitivity | Current policies | Removed diesel efficiency gains";"tCO2e/kWh";"CO2 intensity diesel";2,0790864e-05;"Diesel mix"
2050;"NL";"BAU";"Sensitivity | Removed policies except for H2 tax reduction";"tCO2e/kWh";"CO2 intensity diesel";0,0002495504448;"Diesel mix"
2050;"NL";"BAU";"Sensitivity | Removed policies except for bio/syn fuel mandates";"tCO2e/kWh";"CO2 intensity diesel";2,0790864e-05;"Diesel mix"
2050;"NL";"BAU";"Sensitivity | Removed policies | Removed diesel efficiency gains";"tCO2e/kWh";"CO2 intensity diesel";0,0002495504448;"Diesel mix"
2050;"NL";"PROG";"Current policies";"tCO2e/kWh";"CO2 intensity diesel";1,3452912e-05;"Diesel mix"
2050;"NL";"PROG";"Removed policies";"tCO2e/kWh";"CO2 intensity diesel";0,0002422725696;"Diesel mix"
2050;"NL";"PROG";"Sensitivity | Current Policies | Removed CO2 price";"tCO2e/kWh";"CO2 intensity diesel";1,3452912e-05;"Diesel mix"
2050;"NL";"PROG";"Sensitivity | Current Policies | Urban depot-only charging";"tCO2e/kWh";"CO2 intensity diesel";1,3452912e-05;"Diesel mix"
2050;"NL";"PROG";"Sensitivity | Current policies | Removed diesel efficiency gains";"tCO2e/kWh";"CO2 intensity diesel";1,3452912e-05;"Diesel mix"
2050;"NL";"PROG";"Sensitivity | Removed policies except for H2 tax reduction";"tCO2e/kWh";"CO2 intensity diesel";0,0002422725696;"Diesel mix"
2050;"NL";"PROG";"Sensitivity | Removed policies except for bio/syn fuel mandates";"tCO2e/kWh";"CO2 intensity diesel";1,3452912e-05;"Diesel mix"
2050;"NL";"PROG";"Sensitivity | Removed policies | Removed diesel efficiency gains";"tCO2e/kWh";"CO2 intensity diesel";0,0002422725696;"Diesel mix"
2050;"PL";"BAU";"Current policies";"tCO2e/kWh";"CO2 intensity diesel";2,0790864e-05;"Diesel mix"
2050;"PL";"BAU";"Removed policies";"tCO2e/kWh";"CO2 intensity diesel";0,0002495504448;"Diesel mix"
2050;"PL";"BAU";"Sensitivity | Current Policies | Interest rate";"tCO2e/kWh";"CO2 intensity diesel";2,0790864e-05;"Diesel mix"
2050;"PL";"BAU";"Sensitivity | Current Policies | Removed CO2 price";"tCO2e/kWh";"CO2 intensity diesel";2,0790864e-05;"Diesel mix"
2050;"PL";"BAU";"Sensitivity | Current Policies | Resale value";"tCO2e/kWh";"CO2 intensity diesel";2,0790864e-05;"Diesel mix"
2050;"PL";"BAU";"Sensitivity | Current Policies | Urban depot-only charging";"tCO2e/kWh";"CO2 intensity diesel";2,0790864e-05;"Diesel mix"
2050;"PL";"BAU";"Sensitivity | Current Policies | Vehicle insurance";"tCO2e/kWh";"CO2 intensity diesel";2,0790864e-05;"Diesel mix"
2050;"PL";"BAU";"Sensitivity | Current policies | Removed diesel efficiency gains";"tCO2e/kWh";"CO2 intensity diesel";2,0790864e-05;"Diesel mix"
2050;"PL";"BAU";"Sensitivity | Removed policies except for H2 tax reduction";"tCO2e/kWh";"CO2 intensity diesel";0,0002495504448;"Diesel mix"
2050;"PL";"BAU";"Sensitivity | Removed policies except for bio/syn fuel mandates";"tCO2e/kWh";"CO2 intensity diesel";2,0790864e-05;"Diesel mix"
2050;"PL";"BAU";"Sensitivity | Removed policies | Removed diesel efficiency gains";"tCO2e/kWh";"CO2 intensity diesel";0,0002495504448;"Diesel mix"
2050;"PL";"PROG";"Current policies";"tCO2e/kWh";"CO2 intensity diesel";1,3452912e-05;"Diesel mix"
2050;"PL";"PROG";"Removed policies";"tCO2e/kWh";"CO2 intensity diesel";0,0002422725696;"Diesel mix"
2050;"PL";"PROG";"Sensitivity | Current Policies | Removed CO2 price";"tCO2e/kWh";"CO2 intensity diesel";1,3452912e-05;"Diesel mix"
2050;"PL";"PROG";"Sensitivity | Current Policies | Urban depot-only charging";"tCO2e/kWh";"CO2 intensity diesel";1,3452912e-05;"Diesel mix"
2050;"PL";"PROG";"Sensitivity | Current policies | Removed diesel efficiency gains";"tCO2e/kWh";"CO2 intensity diesel";1,3452912e-05;"Diesel mix"
2050;"PL";"PROG";"Sensitivity | Removed policies except for H2 tax reduction";"tCO2e/kWh";"CO2 intensity diesel";0,0002422725696;"Diesel mix"
2050;"PL";"PROG";"Sensitivity | Removed policies except for bio/syn fuel mandates";"tCO2e/kWh";"CO2 intensity diesel";1,3452912e-05;"Diesel mix"
2050;"PL";"PROG";"Sensitivity | Removed policies | Removed diesel efficiency gains";"tCO2e/kWh";"CO2 intensity diesel";0,0002422725696;"Diesel mix"
2050;"UK";"BAU";"Current policies";"tCO2e/kWh";"CO2 intensity diesel";2,0790864e-05;"Diesel mix"
2050;"UK";"BAU";"Removed policies";"tCO2e/kWh";"CO2 intensity diesel";0,0002495504448;"Diesel mix"
2050;"UK";"BAU";"Sensitivity | Current Policies | Interest rate";"tCO2e/kWh";"CO2 intensity diesel";2,0790864e-05;"Diesel mix"
2050;"UK";"BAU";"Sensitivity | Current Policies | Removed CO2 price";"tCO2e/kWh";"CO2 intensity diesel";2,0790864e-05;"Diesel mix"
2050;"UK";"BAU";"Sensitivity | Current Policies | Resale value";"tCO2e/kWh";"CO2 intensity diesel";2,0790864e-05;"Diesel mix"
2050;"UK";"BAU";"Sensitivity | Current Policies | Urban depot-only charging";"tCO2e/kWh";"CO2 intensity diesel";2,0790864e-05;"Diesel mix"
2050;"UK";"BAU";"Sensitivity | Current Policies | Vehicle insurance";"tCO2e/kWh";"CO2 intensity diesel";2,0790864e-05;"Diesel mix"
2050;"UK";"BAU";"Sensitivity | Current policies | Removed diesel efficiency gains";"tCO2e/kWh";"CO2 intensity diesel";2,0790864e-05;"Diesel mix"
2050;"UK";"BAU";"Sensitivity | Removed policies except for H2 tax reduction";"tCO2e/kWh";"CO2 intensity diesel";0,0002495504448;"Diesel mix"
2050;"UK";"BAU";"Sensitivity | Removed policies except for bio/syn fuel mandates";"tCO2e/kWh";"CO2 intensity diesel";2,0790864e-05;"Diesel mix"
2050;"UK";"BAU";"Sensitivity | Removed policies | Removed diesel efficiency gains";"tCO2e/kWh";"CO2 intensity diesel";0,0002495504448;"Diesel mix"
2050;"UK";"PROG";"Current policies";"tCO2e/kWh";"CO2 intensity diesel";1,3452912e-05;"Diesel mix"
2050;"UK";"PROG";"Removed policies";"tCO2e/kWh";"CO2 intensity diesel";0,0002422725696;"Diesel mix"
2050;"UK";"PROG";"Sensitivity | Current Policies | Removed CO2 price";"tCO2e/kWh";"CO2 intensity diesel";1,3452912e-05;"Diesel mix"
2050;"UK";"PROG";"Sensitivity | Current Policies | Urban depot-only charging";"tCO2e/kWh";"CO2 intensity diesel";1,3452912e-05;"Diesel mix"
2050;"UK";"PROG";"Sensitivity | Current policies | Removed diesel efficiency gains";"tCO2e/kWh";"CO2 intensity diesel";1,3452912e-05;"Diesel mix"
2050;"UK";"PROG";"Sensitivity | Removed policies except for H2 tax reduction";"tCO2e/kWh";"CO2 intensity diesel";0,0002422725696;"Diesel mix"
2050;"UK";"PROG";"Sensitivity | Removed policies except for bio/syn fuel mandates";"tCO2e/kWh";"CO2 intensity diesel";1,3452912e-05;"Diesel mix"
2050;"UK";"PROG";"Sensitivity | Removed policies | Removed diesel efficiency gains";"tCO2e/kWh";"CO2 intensity diesel";0,0002422725696;"Diesel mix"
